receive_timestamp,event_timestamp_ms,event_type,child_present,child_confidence,child_zone,temperature_celsius,temperature_sensor_status,guardian_state,guardian_child_present,guardian_temperature_celsius,window_percentage,window_alarm_enabled,hvac_target_temperature_celsius,hvac_active,hvac_fan_speed_percent,hvac_fault_active,HVAC_STUCK_OFF,HVAC_INEFFECTIVE,HVAC_FAULT,HVAC_ANOMALY,TEMPERATURE_SPIKE,TEMPERATURE_DROP,SENSOR_ANOMALY,TEMPERATURE_ANOMALY,CHILD_TEMPERATURE_WARNING,CHILD_TEMPERATURE_HIGH,CHILD_TEMPERATURE_CRITICAL,CHILD_HVAC_OFF_RISK,CHILD_SAFETY_ANOMALY,child_safety_severity
2026-10-07 17:06:50.457428+00:00,1791392810454.0,temperature,,,,24.0,OK,,,,,,,,,,False,False,False,False,False,False,False,False,False,False,False,False,False,NORMAL
2026-10-07 17:06:50.457978+00:00,,guardian_state,,,,24.0,OK,MONITORING,True,24.0,,,,,,,False,False,False,False,False,False,False,False,False,False,False,False,False,NORMAL
2026-10-07 17:06:52.460045+00:00,1791392812457.0,temperature,,,,24.0,OK,MONITORING,True,24.0,,,,,,,False,False,False,False,False,False,False,False,False,False,False,False,False,NORMAL
2026-10-07 17:06:52.460852+00:00,,guardian_state,,,,24.0,OK,MONITORING,True,24.0,,,,,,,False,False,False,False,False,False,False,False,False,False,False,False,False,NORMAL
2026-10-07 17:06:54.460874+00:00,1791392814458.0,temperature,,,,24.0,OK,MONITORING,True,24.0,,,,,,,False,False,False,False,False,False,False,False,False,False,False,False,False,NORMAL
2026-10-07 17:06:54.461790+00:00,,guardian_state,,,,24.0,OK,MONITORING,True,24.0,,,,,,,False,False,False,False,False,False,False,False,False,False,False,False,False,NORMAL
2026-10-07 17:06:55.760623+00:00,1791392815757.0,child_presence,True,0.97,rear_center,24.0,OK,MONITORING,True,24.0,,,,,,,False,False,False,False,False,False,False,False,False,False,False,False,False,NORMAL
2026-10-07 17:06:55.761275+00:00,,guardian_state,True,0.97,rear_center,24.0,OK,MONITORING,True,24.0,,,,,,,False,False,False,False,False,False,False,False,False,False,False,False,False,NORMAL
2026-10-07 17:06:56.464482+00:00,1791392816461.0,temperature,True,0.97,rear_center,24.0,OK,MONITORING,True,24.0,,,,,,,False,False,False,False,False,False,False,False,False,False,False,False,False,NORMAL
2026-10-07 17:06:56.465288+00:00,,guardian_state,True,0.97,rear_center,24.0,OK,MONITORING,True,24.0,,,,,,,False,False,False,False,False,False,False,False,False,False,False,False,False,NORMAL
2026-10-07 17:06:58.470278+00:00,1791392818467.0,temperature,True,0.97,rear_center,24.0,OK,MONITORING,True,24.0,,,,,,,False,False,False,False,False,False,False,False,False,False,False,False,False,NORMAL
2026-10-07 17:06:58.471190+00:00,,guardian_state,True,0.97,rear_center,24.0,OK,MONITORING,True,24.0,,,,,,,False,False,False,False,False,False,False,False,False,False,False,False,False,NORMAL
2026-10-07 17:07:00.477829+00:00,1791392820474.0,temperature,True,0.97,rear_center,24.0,OK,MONITORING,True,24.0,,,,,,,False,False,False,False,False,False,False,False,False,False,False,False,False,NORMAL
2026-10-07 17:07:00.478824+00:00,,guardian_state,True,0.97,rear_center,24.0,OK,MONITORING,True,24.0,,,,,,,False,False,False,False,False,False,False,False,False,False,False,False,False,NORMAL
2026-10-07 17:07:02.478867+00:00,1791392822476.0,temperature,True,0.97,rear_center,24.0,OK,MONITORING,True,24.0,,,,,,,False,False,False,False,False,False,False,False,False,False,False,False,False,NORMAL
2026-10-07 17:07:02.479707+00:00,,guardian_state,True,0.97,rear_center,24.0,OK,MONITORING,True,24.0,,,,,,,False,False,False,False,False,False,False,False,False,False,False,False,False,NORMAL
2026-10-07 17:07:04.480610+00:00,1791392824477.0,temperature,True,0.97,rear_center,24.0,OK,MONITORING,True,24.0,,,,,,,False,False,False,False,False,False,False,False,False,False,False,False,False,NORMAL
2026-10-07 17:07:04.481303+00:00,,guardian_state,True,0.97,rear_center,24.0,OK,MONITORING,True,24.0,,,,,,,False,False,False,False,False,False,False,False,False,False,False,False,False,NORMAL
2026-10-07 17:07:06.483718+00:00,1791392826481.0,temperature,True,0.97,rear_center,24.0,OK,MONITORING,True,24.0,,,,,,,False,False,False,False,False,False,False,False,False,False,False,False,False,NORMAL
2026-10-07 17:07:06.484553+00:00,,guardian_state,True,0.97,rear_center,24.0,OK,MONITORING,True,24.0,,,,,,,False,False,False,False,False,False,False,False,False,False,False,False,False,NORMAL
2026-10-07 17:07:07.763901+00:00,1791392827760.0,child_presence,True,0.97,rear_center,24.0,OK,MONITORING,True,24.0,,,,,,,False,False,False,False,False,False,False,False,False,False,False,False,False,NORMAL
2026-10-07 17:07:07.764584+00:00,,guardian_state,True,0.97,rear_center,24.0,OK,MONITORING,True,24.0,,,,,,,False,False,False,False,False,False,False,False,False,False,False,False,False,NORMAL
2026-10-07 17:07:08.485376+00:00,1791392828482.0,temperature,True,0.97,rear_center,24.0,OK,MONITORING,True,24.0,,,,,,,False,False,False,False,False,False,False,False,False,False,False,False,False,NORMAL
2026-10-07 17:07:08.486096+00:00,,guardian_state,True,0.97,rear_center,24.0,OK,MONITORING,True,24.0,,,,,,,False,False,False,False,False,False,False,False,False,False,False,False,False,NORMAL
2026-10-07 17:07:10.486949+00:00,1791392830484.0,temperature,True,0.97,rear_center,24.0,OK,MONITORING,True,24.0,,,,,,,False,False,False,False,False,False,False,False,False,False,False,False,False,NORMAL
2026-10-07 17:07:10.487770+00:00,,guardian_state,True,0.97,rear_center,24.0,OK,MONITORING,True,24.0,,,,,,,False,False,False,False,False,False,False,False,False,False,False,False,False,NORMAL
2026-10-07 17:07:12.489273+00:00,1791392832485.0,temperature,True,0.97,rear_center,24.0,OK,MONITORING,True,24.0,,,,,,,False,False,False,False,False,False,False,False,False,False,False,False,False,NORMAL
2026-10-07 17:07:12.491040+00:00,,guardian_state,True,0.97,rear_center,24.0,OK,MONITORING,True,24.0,,,,,,,False,False,False,False,False,False,False,False,False,False,False,False,False,NORMAL
2026-10-07 17:07:14.494607+00:00,1791392834492.0,temperature,True,0.97,rear_center,24.0,OK,MONITORING,True,24.0,,,,,,,False,False,False,False,False,False,False,False,False,False,False,False,False,NORMAL
2026-10-07 17:07:14.495360+00:00,,guardian_state,True,0.97,rear_center,24.0,OK,MONITORING,True,24.0,,,,,,,False,False,False,False,False,False,False,False,False,False,False,False,False,NORMAL
2026-10-07 17:07:16.497880+00:00,1791392836495.0,temperature,True,0.97,rear_center,24.0,OK,MONITORING,True,24.0,,,,,,,False,False,False,False,False,False,False,False,False,False,False,False,False,NORMAL
2026-10-07 17:07:16.498844+00:00,,guardian_state,True,0.97,rear_center,24.0,OK,MONITORING,True,24.0,,,,,,,False,False,False,False,False,False,False,False,False,False,False,False,False,NORMAL
2026-10-07 17:07:18.500907+00:00,1791392838498.0,temperature,True,0.97,rear_center,24.0,OK,MONITORING,True,24.0,,,,,,,False,False,False,False,False,False,False,False,False,False,False,False,False,NORMAL
2026-10-07 17:07:18.501530+00:00,,guardian_state,True,0.97,rear_center,24.0,OK,MONITORING,True,24.0,,,,,,,False,False,False,False,False,False,False,False,False,False,False,False,False,NORMAL
2026-10-07 17:07:19.770126+00:00,1791392839767.0,child_presence,True,0.97,rear_center,24.0,OK,MONITORING,True,24.0,,,,,,,False,False,False,False,False,False,False,False,False,False,False,False,False,NORMAL
2026-10-07 17:07:19.770826+00:00,,guardian_state,True,0.97,rear_center,24.0,OK,MONITORING,True,24.0,,,,,,,False,False,False,False,False,False,False,False,False,False,False,False,False,NORMAL
2026-10-07 17:07:20.505172+00:00,1791392840502.0,temperature,True,0.97,rear_center,24.0,OK,MONITORING,True,24.0,,,,,,,False,False,False,False,False,False,False,False,False,False,False,False,False,NORMAL
2026-10-07 17:07:20.505914+00:00,,guardian_state,True,0.97,rear_center,24.0,OK,MONITORING,True,24.0,,,,,,,False,False,False,False,False,False,False,False,False,False,False,False,False,NORMAL
2026-10-07 17:07:22.510242+00:00,1791392842505.0,temperature,True,0.97,rear_center,24.0,OK,MONITORING,True,24.0,,,,,,,False,False,False,False,False,False,False,False,False,False,False,False,False,NORMAL
2026-10-07 17:07:22.511051+00:00,,guardian_state,True,0.97,rear_center,24.0,OK,MONITORING,True,24.0,,,,,,,False,False,False,False,False,False,False,False,False,False,False,False,False,NORMAL
2026-10-07 17:07:24.514934+00:00,1791392844512.0,temperature,True,0.97,rear_center,24.0,OK,MONITORING,True,24.0,,,,,,,False,False,False,False,False,False,False,False,False,False,False,False,False,NORMAL
2026-10-07 17:07:24.516032+00:00,,guardian_state,True,0.97,rear_center,24.0,OK,MONITORING,True,24.0,,,,,,,False,False,False,False,False,False,False,False,False,False,False,False,False,NORMAL
2026-10-07 17:07:26.520133+00:00,1791392846517.0,temperature,True,0.97,rear_center,24.0,OK,MONITORING,True,24.0,,,,,,,False,False,False,False,False,False,False,False,False,False,False,False,False,NORMAL
2026-10-07 17:07:26.520928+00:00,,guardian_state,True,0.97,rear_center,24.0,OK,MONITORING,True,24.0,,,,,,,False,False,False,False,False,False,False,False,False,False,False,False,False,NORMAL
2026-10-07 17:07:28.521866+00:00,1791392848518.0,temperature,True,0.97,rear_center,24.0,OK,MONITORING,True,24.0,,,,,,,False,False,False,False,False,False,False,False,False,False,False,False,False,NORMAL
2026-10-07 17:07:28.522488+00:00,,guardian_state,True,0.97,rear_center,24.0,OK,MONITORING,True,24.0,,,,,,,False,False,False,False,False,False,False,False,False,False,False,False,False,NORMAL
2026-10-07 17:07:30.528154+00:00,1791392850525.0,temperature,True,0.97,rear_center,24.0,OK,MONITORING,True,24.0,,,,,,,False,False,False,False,False,False,False,False,False,False,False,False,False,NORMAL
2026-10-07 17:07:30.528895+00:00,,guardian_state,True,0.97,rear_center,24.0,OK,MONITORING,True,24.0,,,,,,,False,False,False,False,False,False,False,False,False,False,False,False,False,NORMAL
2026-10-07 17:07:31.771720+00:00,1791392851769.0,child_presence,True,0.97,rear_center,24.0,OK,MONITORING,True,24.0,,,,,,,False,False,False,False,False,False,False,False,False,False,False,False,False,NORMAL
2026-10-07 17:07:31.772151+00:00,,guardian_state,True,0.97,rear_center,24.0,OK,MONITORING,True,24.0,,,,,,,False,False,False,False,False,False,False,False,False,False,False,False,False,NORMAL
2026-10-07 17:07:32.529180+00:00,1791392852526.0,temperature,True,0.97,rear_center,24.0,OK,MONITORING,True,24.0,,,,,,,False,False,False,False,False,False,False,False,False,False,False,False,False,NORMAL
2026-10-07 17:07:32.529699+00:00,,guardian_state,True,0.97,rear_center,24.0,OK,MONITORING,True,24.0,,,,,,,False,False,False,False,False,False,False,False,False,False,False,False,False,NORMAL
2026-10-07 17:07:34.535802+00:00,1791392854533.0,temperature,True,0.97,rear_center,24.0,OK,MONITORING,True,24.0,,,,,,,False,False,False,False,False,False,False,False,False,False,False,False,False,NORMAL
2026-10-07 17:07:34.536555+00:00,,guardian_state,True,0.97,rear_center,24.0,OK,MONITORING,True,24.0,,,,,,,False,False,False,False,False,False,False,False,False,False,False,False,False,NORMAL
2026-10-07 17:07:36.538549+00:00,1791392856535.0,temperature,True,0.97,rear_center,24.0,OK,MONITORING,True,24.0,,,,,,,False,False,False,False,False,False,False,False,False,False,False,False,False,NORMAL
2026-10-07 17:07:36.539521+00:00,,guardian_state,True,0.97,rear_center,24.0,OK,MONITORING,True,24.0,,,,,,,False,False,False,False,False,False,False,False,False,False,False,False,False,NORMAL
2026-10-07 17:07:38.540906+00:00,1791392858537.0,temperature,True,0.97,rear_center,24.0,OK,MONITORING,True,24.0,,,,,,,False,False,False,False,False,False,False,False,False,False,False,False,False,NORMAL
2026-10-07 17:07:38.541777+00:00,,guardian_state,True,0.97,rear_center,24.0,OK,MONITORING,True,24.0,,,,,,,False,False,False,False,False,False,False,False,False,False,False,False,False,NORMAL
2026-10-07 17:07:40.545023+00:00,1791392860542.0,temperature,True,0.97,rear_center,24.0,OK,MONITORING,True,24.0,,,,,,,False,False,False,False,False,False,False,False,False,False,False,False,False,NORMAL
2026-10-07 17:07:40.545756+00:00,,guardian_state,True,0.97,rear_center,24.0,OK,MONITORING,True,24.0,,,,,,,False,False,False,False,False,False,False,False,False,False,False,False,False,NORMAL
2026-10-07 17:07:42.546159+00:00,1791392862544.0,temperature,True,0.97,rear_center,24.0,OK,MONITORING,True,24.0,,,,,,,False,False,False,False,False,False,False,False,False,False,False,False,False,NORMAL
2026-10-07 17:07:42.546600+00:00,,guardian_state,True,0.97,rear_center,24.0,OK,MONITORING,True,24.0,,,,,,,False,False,False,False,False,False,False,False,False,False,False,False,False,NORMAL
2026-10-07 17:07:43.774263+00:00,1791392863771.0,child_presence,True,0.97,rear_center,24.0,OK,MONITORING,True,24.0,,,,,,,False,False,False,False,False,False,False,False,False,False,False,False,False,NORMAL
2026-10-07 17:07:43.774682+00:00,,guardian_state,True,0.97,rear_center,24.0,OK,MONITORING,True,24.0,,,,,,,False,False,False,False,False,False,False,False,False,False,False,False,False,NORMAL
2026-10-07 17:07:44.554610+00:00,1791392864551.0,temperature,True,0.97,rear_center,24.0,OK,MONITORING,True,24.0,,,,,,,False,False,False,False,False,False,False,False,False,False,False,False,False,NORMAL
2026-10-07 17:07:44.555664+00:00,,guardian_state,True,0.97,rear_center,24.0,OK,MONITORING,True,24.0,,,,,,,False,False,False,False,False,False,False,False,False,False,False,False,False,NORMAL
2026-10-07 17:07:46.559982+00:00,1791392866557.0,temperature,True,0.97,rear_center,24.0,OK,MONITORING,True,24.0,,,,,,,False,False,False,False,False,False,False,False,False,False,False,False,False,NORMAL
2026-10-07 17:07:46.560680+00:00,,guardian_state,True,0.97,rear_center,24.0,OK,MONITORING,True,24.0,,,,,,,False,False,False,False,False,False,False,False,False,False,False,False,False,NORMAL
2026-10-07 17:07:48.563419+00:00,1791392868561.0,temperature,True,0.97,rear_center,24.0,OK,MONITORING,True,24.0,,,,,,,False,False,False,False,False,False,False,False,False,False,False,False,False,NORMAL
2026-10-07 17:07:48.563878+00:00,,guardian_state,True,0.97,rear_center,24.0,OK,MONITORING,True,24.0,,,,,,,False,False,False,False,False,False,False,False,False,False,False,False,False,NORMAL
2026-10-07 17:07:50.567835+00:00,1791392870565.0,temperature,True,0.97,rear_center,24.0,OK,MONITORING,True,24.0,,,,,,,False,False,False,False,False,False,False,False,False,False,False,False,False,NORMAL
2026-10-07 17:07:50.568319+00:00,,guardian_state,True,0.97,rear_center,24.0,OK,MONITORING,True,24.0,,,,,,,False,False,False,False,False,False,False,False,False,False,False,False,False,NORMAL
2026-10-07 17:07:52.568729+00:00,1791392872566.0,temperature,True,0.97,rear_center,24.0,OK,MONITORING,True,24.0,,,,,,,False,False,False,False,False,False,False,False,False,False,False,False,False,NORMAL
2026-10-07 17:07:52.569033+00:00,,guardian_state,True,0.97,rear_center,24.0,OK,MONITORING,True,24.0,,,,,,,False,False,False,False,False,False,False,False,False,False,False,False,False,NORMAL
2026-10-07 17:07:54.571956+00:00,1791392874568.0,temperature,True,0.97,rear_center,24.0,OK,MONITORING,True,24.0,,,,,,,False,False,False,False,False,False,False,False,False,False,False,False,False,NORMAL
2026-10-07 17:07:54.572703+00:00,,guardian_state,True,0.97,rear_center,24.0,OK,MONITORING,True,24.0,,,,,,,False,False,False,False,False,False,False,False,False,False,False,False,False,NORMAL
2026-10-07 17:07:55.776139+00:00,1791392875773.0,child_presence,True,0.97,rear_center,24.0,OK,MONITORING,True,24.0,,,,,,,False,False,False,False,False,False,False,False,False,False,False,False,False,NORMAL
2026-10-07 17:07:55.776507+00:00,,guardian_state,True,0.97,rear_center,24.0,OK,MONITORING,True,24.0,,,,,,,False,False,False,False,False,False,False,False,False,False,False,False,False,NORMAL
2026-10-07 17:07:56.575729+00:00,1791392876573.0,temperature,True,0.97,rear_center,24.0,OK,MONITORING,True,24.0,,,,,,,False,False,False,False,False,False,False,False,False,False,False,False,False,NORMAL
2026-10-07 17:07:56.576287+00:00,,guardian_state,True,0.97,rear_center,24.0,OK,MONITORING,True,24.0,,,,,,,False,False,False,False,False,False,False,False,False,False,False,False,False,NORMAL
2026-10-07 17:07:58.578477+00:00,1791392878576.0,temperature,True,0.97,rear_center,24.0,OK,MONITORING,True,24.0,,,,,,,False,False,False,False,False,False,False,False,False,False,False,False,False,NORMAL
2026-10-07 17:07:58.578981+00:00,,guardian_state,True,0.97,rear_center,24.0,OK,MONITORING,True,24.0,,,,,,,False,False,False,False,False,False,False,False,False,False,False,False,False,NORMAL
2026-10-07 17:08:00.598426+00:00,1791392880581.0,temperature,True,0.97,rear_center,24.0,OK,MONITORING,True,24.0,,,,,,,False,False,False,False,False,False,False,False,False,False,False,False,False,NORMAL
2026-10-07 17:08:00.605158+00:00,,guardian_state,True,0.97,rear_center,24.0,OK,MONITORING,True,24.0,,,,,,,False,False,False,False,False,False,False,False,False,False,False,False,False,NORMAL
2026-10-07 17:08:02.585351+00:00,1791392882583.0,temperature,True,0.97,rear_center,24.0,OK,MONITORING,True,24.0,,,,,,,False,False,False,False,False,False,False,False,False,False,False,False,False,NORMAL
2026-10-07 17:08:02.585758+00:00,,guardian_state,True,0.97,rear_center,24.0,OK,MONITORING,True,24.0,,,,,,,False,False,False,False,False,False,False,False,False,False,False,False,False,NORMAL
2026-10-07 17:08:04.588310+00:00,1791392884585.0,temperature,True,0.97,rear_center,24.0,OK,MONITORING,True,24.0,,,,,,,False,False,False,False,False,False,False,False,False,False,False,False,False,NORMAL
2026-10-07 17:08:04.588974+00:00,,guardian_state,True,0.97,rear_center,24.0,OK,MONITORING,True,24.0,,,,,,,False,False,False,False,False,False,False,False,False,False,False,False,False,NORMAL
2026-10-07 17:08:06.594898+00:00,1791392886592.0,temperature,True,0.97,rear_center,24.0,OK,MONITORING,True,24.0,,,,,,,False,False,False,False,False,False,False,False,False,False,False,False,False,NORMAL
2026-10-07 17:08:06.595754+00:00,,guardian_state,True,0.97,rear_center,24.0,OK,MONITORING,True,24.0,,,,,,,False,False,False,False,False,False,False,False,False,False,False,False,False,NORMAL
2026-10-07 17:08:07.777739+00:00,1791392887775.0,child_presence,True,0.97,rear_center,24.0,OK,MONITORING,True,24.0,,,,,,,False,False,False,False,False,False,False,False,False,False,False,False,False,NORMAL
2026-10-07 17:08:07.778140+00:00,,guardian_state,True,0.97,rear_center,24.0,OK,MONITORING,True,24.0,,,,,,,False,False,False,False,False,False,False,False,False,False,False,False,False,NORMAL
2026-10-07 17:08:08.599518+00:00,1791392888596.0,temperature,True,0.97,rear_center,24.0,OK,MONITORING,True,24.0,,,,,,,False,False,False,False,False,False,False,False,False,False,False,False,False,NORMAL
2026-10-07 17:08:08.600701+00:00,,guardian_state,True,0.97,rear_center,24.0,OK,MONITORING,True,24.0,,,,,,,False,False,False,False,False,False,False,False,False,False,False,False,False,NORMAL
2026-10-07 17:08:10.603050+00:00,1791392890600.0,temperature,True,0.97,rear_center,24.0,OK,MONITORING,True,24.0,,,,,,,False,False,False,False,False,False,False,False,False,False,False,False,False,NORMAL
2026-10-07 17:08:10.603671+00:00,,guardian_state,True,0.97,rear_center,24.0,OK,MONITORING,True,24.0,,,,,,,False,False,False,False,False,False,False,False,False,False,False,False,False,NORMAL
2026-10-07 17:08:12.603580+00:00,1791392892602.0,temperature,True,0.97,rear_center,24.0,OK,MONITORING,True,24.0,,,,,,,False,False,False,False,False,False,False,False,False,False,False,False,False,NORMAL
2026-10-07 17:08:12.603872+00:00,,guardian_state,True,0.97,rear_center,24.0,OK,MONITORING,True,24.0,,,,,,,False,False,False,False,False,False,False,False,False,False,False,False,False,NORMAL
2026-10-07 17:08:14.604972+00:00,1791392894603.0,temperature,True,0.97,rear_center,24.0,OK,MONITORING,True,24.0,,,,,,,False,False,False,False,False,False,False,False,False,False,False,False,False,NORMAL
2026-10-07 17:08:14.605502+00:00,,guardian_state,True,0.97,rear_center,24.0,OK,MONITORING,True,24.0,,,,,,,False,False,False,False,False,False,False,False,False,False,False,False,False,NORMAL
2026-10-07 17:08:16.611065+00:00,1791392896608.0,temperature,True,0.97,rear_center,24.0,OK,MONITORING,True,24.0,,,,,,,False,False,False,False,False,False,False,False,False,False,False,False,False,NORMAL
2026-10-07 17:08:16.612366+00:00,,guardian_state,True,0.97,rear_center,24.0,OK,MONITORING,True,24.0,,,,,,,False,False,False,False,False,False,False,False,False,False,False,False,False,NORMAL
2026-10-07 17:08:18.616662+00:00,1791392898613.0,temperature,True,0.97,rear_center,24.0,OK,MONITORING,True,24.0,,,,,,,False,False,False,False,False,False,False,False,False,False,False,False,False,NORMAL
2026-10-07 17:08:18.617247+00:00,,guardian_state,True,0.97,rear_center,24.0,OK,MONITORING,True,24.0,,,,,,,False,False,False,False,False,False,False,False,False,False,False,False,False,NORMAL
2026-10-07 17:08:19.780817+00:00,1791392899778.0,child_presence,True,0.97,rear_center,24.0,OK,MONITORING,True,24.0,,,,,,,False,False,False,False,False,False,False,False,False,False,False,False,False,NORMAL
2026-10-07 17:08:19.781705+00:00,,guardian_state,True,0.97,rear_center,24.0,OK,MONITORING,True,24.0,,,,,,,False,False,False,False,False,False,False,False,False,False,False,False,False,NORMAL
2026-10-07 17:08:20.617437+00:00,1791392900614.0,temperature,True,0.97,rear_center,24.0,OK,MONITORING,True,24.0,,,,,,,False,False,False,False,False,False,False,False,False,False,False,False,False,NORMAL
2026-10-07 17:08:20.618309+00:00,,guardian_state,True,0.97,rear_center,24.0,OK,MONITORING,True,24.0,,,,,,,False,False,False,False,False,False,False,False,False,False,False,False,False,NORMAL
2026-10-07 17:08:22.618571+00:00,1791392902616.0,temperature,True,0.97,rear_center,24.0,OK,MONITORING,True,24.0,,,,,,,False,False,False,False,False,False,False,False,False,False,False,False,False,NORMAL
2026-10-07 17:08:22.619038+00:00,,guardian_state,True,0.97,rear_center,24.0,OK,MONITORING,True,24.0,,,,,,,False,False,False,False,False,False,False,False,False,False,False,False,False,NORMAL
2026-10-07 17:08:24.620256+00:00,1791392904618.0,temperature,True,0.97,rear_center,24.0,OK,MONITORING,True,24.0,,,,,,,False,False,False,False,False,False,False,False,False,False,False,False,False,NORMAL
2026-10-07 17:08:24.620699+00:00,,guardian_state,True,0.97,rear_center,24.0,OK,MONITORING,True,24.0,,,,,,,False,False,False,False,False,False,False,False,False,False,False,False,False,NORMAL
2026-10-07 17:08:26.623319+00:00,1791392906619.0,temperature,True,0.97,rear_center,24.0,OK,MONITORING,True,24.0,,,,,,,False,False,False,False,False,False,False,False,False,False,False,False,False,NORMAL
2026-10-07 17:08:26.624148+00:00,,guardian_state,True,0.97,rear_center,24.0,OK,MONITORING,True,24.0,,,,,,,False,False,False,False,False,False,False,False,False,False,False,False,False,NORMAL
2026-10-07 17:08:28.623885+00:00,1791392908621.0,temperature,True,0.97,rear_center,24.0,OK,MONITORING,True,24.0,,,,,,,False,False,False,False,False,False,False,False,False,False,False,False,False,NORMAL
2026-10-07 17:08:28.624431+00:00,,guardian_state,True,0.97,rear_center,24.0,OK,MONITORING,True,24.0,,,,,,,False,False,False,False,False,False,False,False,False,False,False,False,False,NORMAL
2026-10-07 17:08:30.626714+00:00,1791392910623.0,temperature,True,0.97,rear_center,24.0,OK,MONITORING,True,24.0,,,,,,,False,False,False,False,False,False,False,False,False,False,False,False,False,NORMAL
2026-10-07 17:08:30.627270+00:00,,guardian_state,True,0.97,rear_center,24.0,OK,MONITORING,True,24.0,,,,,,,False,False,False,False,False,False,False,False,False,False,False,False,False,NORMAL
2026-10-07 17:08:31.783473+00:00,1791392911780.0,child_presence,True,0.97,rear_center,24.0,OK,MONITORING,True,24.0,,,,,,,False,False,False,False,False,False,False,False,False,False,False,False,False,NORMAL
2026-10-07 17:08:31.783854+00:00,,guardian_state,True,0.97,rear_center,24.0,OK,MONITORING,True,24.0,,,,,,,False,False,False,False,False,False,False,False,False,False,False,False,False,NORMAL
2026-10-07 17:08:32.627016+00:00,1791392912625.0,temperature,True,0.97,rear_center,24.0,OK,MONITORING,True,24.0,,,,,,,False,False,False,False,False,False,False,False,False,False,False,False,False,NORMAL
2026-10-07 17:08:32.627621+00:00,,guardian_state,True,0.97,rear_center,24.0,OK,MONITORING,True,24.0,,,,,,,False,False,False,False,False,False,False,False,False,False,False,False,False,NORMAL
2026-10-07 17:08:34.628569+00:00,1791392914626.0,temperature,True,0.97,rear_center,24.0,OK,MONITORING,True,24.0,,,,,,,False,False,False,False,False,False,False,False,False,False,False,False,False,NORMAL
2026-10-07 17:08:34.629044+00:00,,guardian_state,True,0.97,rear_center,24.0,OK,MONITORING,True,24.0,,,,,,,False,False,False,False,False,False,False,False,False,False,False,False,False,NORMAL
2026-10-07 17:08:36.632103+00:00,1791392916630.0,temperature,True,0.97,rear_center,24.0,OK,MONITORING,True,24.0,,,,,,,False,False,False,False,False,False,False,False,False,False,False,False,False,NORMAL
2026-10-07 17:08:36.634741+00:00,,guardian_state,True,0.97,rear_center,24.0,OK,MONITORING,True,24.0,,,,,,,False,False,False,False,False,False,False,False,False,False,False,False,False,NORMAL
2026-10-07 17:08:38.633655+00:00,1791392918631.0,temperature,True,0.97,rear_center,24.0,OK,MONITORING,True,24.0,,,,,,,False,False,False,False,False,False,False,False,False,False,False,False,False,NORMAL
2026-10-07 17:08:38.634361+00:00,,guardian_state,True,0.97,rear_center,24.0,OK,MONITORING,True,24.0,,,,,,,False,False,False,False,False,False,False,False,False,False,False,False,False,NORMAL
2026-10-07 17:08:40.636249+00:00,1791392920633.0,temperature,True,0.97,rear_center,24.0,OK,MONITORING,True,24.0,,,,,,,False,False,False,False,False,False,False,False,False,False,False,False,False,NORMAL
2026-10-07 17:08:40.637168+00:00,,guardian_state,True,0.97,rear_center,24.0,OK,MONITORING,True,24.0,,,,,,,False,False,False,False,False,False,False,False,False,False,False,False,False,NORMAL
2026-10-07 17:08:42.638158+00:00,1791392922636.0,temperature,True,0.97,rear_center,24.0,OK,MONITORING,True,24.0,,,,,,,False,False,False,False,False,False,False,False,False,False,False,False,False,NORMAL
2026-10-07 17:08:42.638452+00:00,,guardian_state,True,0.97,rear_center,24.0,OK,MONITORING,True,24.0,,,,,,,False,False,False,False,False,False,False,False,False,False,False,False,False,NORMAL
2026-10-07 17:08:43.786400+00:00,1791392923783.0,child_presence,True,0.97,rear_center,24.0,OK,MONITORING,True,24.0,,,,,,,False,False,False,False,False,False,False,False,False,False,False,False,False,NORMAL
2026-10-07 17:08:43.787456+00:00,,guardian_state,True,0.97,rear_center,24.0,OK,MONITORING,True,24.0,,,,,,,False,False,False,False,False,False,False,False,False,False,False,False,False,NORMAL
2026-10-07 17:08:44.642800+00:00,1791392924640.0,temperature,True,0.97,rear_center,24.0,OK,MONITORING,True,24.0,,,,,,,False,False,False,False,False,False,False,False,False,False,False,False,False,NORMAL
2026-10-07 17:08:44.643459+00:00,,guardian_state,True,0.97,rear_center,24.0,OK,MONITORING,True,24.0,,,,,,,False,False,False,False,False,False,False,False,False,False,False,False,False,NORMAL
2026-10-07 17:08:46.644886+00:00,1791392926642.0,temperature,True,0.97,rear_center,24.0,OK,MONITORING,True,24.0,,,,,,,False,False,False,False,False,False,False,False,False,False,False,False,False,NORMAL
2026-10-07 17:08:46.645772+00:00,,guardian_state,True,0.97,rear_center,24.0,OK,MONITORING,True,24.0,,,,,,,False,False,False,False,False,False,False,False,False,False,False,False,False,NORMAL
2026-10-07 17:08:48.647158+00:00,1791392928644.0,temperature,True,0.97,rear_center,24.0,OK,MONITORING,True,24.0,,,,,,,False,False,False,False,False,False,False,False,False,False,False,False,False,NORMAL
2026-10-07 17:08:48.647922+00:00,,guardian_state,True,0.97,rear_center,24.0,OK,MONITORING,True,24.0,,,,,,,False,False,False,False,False,False,False,False,False,False,False,False,False,NORMAL
2026-10-07 17:08:50.650229+00:00,1791392930647.0,temperature,True,0.97,rear_center,24.0,OK,MONITORING,True,24.0,,,,,,,False,False,False,False,False,False,False,False,False,False,False,False,False,NORMAL
2026-10-07 17:08:50.651208+00:00,,guardian_state,True,0.97,rear_center,24.0,OK,MONITORING,True,24.0,,,,,,,False,False,False,False,False,False,False,False,False,False,False,False,False,NORMAL
2026-10-07 17:08:52.656082+00:00,1791392932654.0,temperature,True,0.97,rear_center,24.0,OK,MONITORING,True,24.0,,,,,,,False,False,False,False,False,False,False,False,False,False,False,False,False,NORMAL
2026-10-07 17:08:52.656486+00:00,,guardian_state,True,0.97,rear_center,24.0,OK,MONITORING,True,24.0,,,,,,,False,False,False,False,False,False,False,False,False,False,False,False,False,NORMAL
2026-10-07 17:08:54.658678+00:00,1791392934656.0,temperature,True,0.97,rear_center,24.0,OK,MONITORING,True,24.0,,,,,,,False,False,False,False,False,False,False,False,False,False,False,False,False,NORMAL
2026-10-07 17:08:54.659371+00:00,,guardian_state,True,0.97,rear_center,24.0,OK,MONITORING,True,24.0,,,,,,,False,False,False,False,False,False,False,False,False,False,False,False,False,NORMAL
2026-10-07 17:08:55.792162+00:00,1791392935789.0,child_presence,True,0.97,rear_center,24.0,OK,MONITORING,True,24.0,,,,,,,False,False,False,False,False,False,False,False,False,False,False,False,False,NORMAL
2026-10-07 17:08:55.792974+00:00,,guardian_state,True,0.97,rear_center,24.0,OK,MONITORING,True,24.0,,,,,,,False,False,False,False,False,False,False,False,False,False,False,False,False,NORMAL
2026-10-07 17:08:56.660935+00:00,1791392936658.0,temperature,True,0.97,rear_center,24.0,OK,MONITORING,True,24.0,,,,,,,False,False,False,False,False,False,False,False,False,False,False,False,False,NORMAL
2026-10-07 17:08:56.661524+00:00,,guardian_state,True,0.97,rear_center,24.0,OK,MONITORING,True,24.0,,,,,,,False,False,False,False,False,False,False,False,False,False,False,False,False,NORMAL
2026-10-07 17:08:58.661001+00:00,1791392938659.0,temperature,True,0.97,rear_center,24.0,OK,MONITORING,True,24.0,,,,,,,False,False,False,False,False,False,False,False,False,False,False,False,False,NORMAL
2026-10-07 17:08:58.661517+00:00,,guardian_state,True,0.97,rear_center,24.0,OK,MONITORING,True,24.0,,,,,,,False,False,False,False,False,False,False,False,False,False,False,False,False,NORMAL
2026-10-07 17:09:00.668510+00:00,1791392940665.0,temperature,True,0.97,rear_center,24.0,OK,MONITORING,True,24.0,,,,,,,False,False,False,False,False,False,False,False,False,False,False,False,False,NORMAL
2026-10-07 17:09:00.669438+00:00,,guardian_state,True,0.97,rear_center,24.0,OK,MONITORING,True,24.0,,,,,,,False,False,False,False,False,False,False,False,False,False,False,False,False,NORMAL
2026-10-07 17:09:02.670682+00:00,1791392942669.0,temperature,True,0.97,rear_center,24.0,OK,MONITORING,True,24.0,,,,,,,False,False,False,False,False,False,False,False,False,False,False,False,False,NORMAL
2026-10-07 17:09:02.671069+00:00,,guardian_state,True,0.97,rear_center,24.0,OK,MONITORING,True,24.0,,,,,,,False,False,False,False,False,False,False,False,False,False,False,False,False,NORMAL
2026-10-07 17:09:04.674402+00:00,1791392944671.0,temperature,True,0.97,rear_center,24.0,OK,MONITORING,True,24.0,,,,,,,False,False,False,False,False,False,False,False,False,False,False,False,False,NORMAL
2026-10-07 17:09:04.675246+00:00,,guardian_state,True,0.97,rear_center,24.0,OK,MONITORING,True,24.0,,,,,,,False,False,False,False,False,False,False,False,False,False,False,False,False,NORMAL
2026-10-07 17:09:06.676611+00:00,1791392946673.0,temperature,True,0.97,rear_center,24.0,OK,MONITORING,True,24.0,,,,,,,False,False,False,False,False,False,False,False,False,False,False,False,False,NORMAL
2026-10-07 17:09:06.679366+00:00,,guardian_state,True,0.97,rear_center,24.0,OK,MONITORING,True,24.0,,,,,,,False,False,False,False,False,False,False,False,False,False,False,False,False,NORMAL
2026-10-07 17:09:07.798426+00:00,1791392947795.0,child_presence,True,0.97,rear_center,24.0,OK,MONITORING,True,24.0,,,,,,,False,False,False,False,False,False,False,False,False,False,False,False,False,NORMAL
2026-10-07 17:09:07.799317+00:00,,guardian_state,True,0.97,rear_center,24.0,OK,MONITORING,True,24.0,,,,,,,False,False,False,False,False,False,False,False,False,False,False,False,False,NORMAL
2026-10-07 17:09:08.678601+00:00,1791392948675.0,temperature,True,0.97,rear_center,24.0,OK,MONITORING,True,24.0,,,,,,,False,False,False,False,False,False,False,False,False,False,False,False,False,NORMAL
2026-10-07 17:09:08.679430+00:00,,guardian_state,True,0.97,rear_center,24.0,OK,MONITORING,True,24.0,,,,,,,False,False,False,False,False,False,False,False,False,False,False,False,False,NORMAL
2026-10-07 17:09:10.681827+00:00,1791392950679.0,temperature,True,0.97,rear_center,24.0,OK,MONITORING,True,24.0,,,,,,,False,False,False,False,False,False,False,False,False,False,False,False,False,NORMAL
2026-10-07 17:09:10.682840+00:00,,guardian_state,True,0.97,rear_center,24.0,OK,MONITORING,True,24.0,,,,,,,False,False,False,False,False,False,False,False,False,False,False,False,False,NORMAL
2026-10-07 17:09:12.682740+00:00,1791392952681.0,temperature,True,0.97,rear_center,24.0,OK,MONITORING,True,24.0,,,,,,,False,False,False,False,False,False,False,False,False,False,False,False,False,NORMAL
2026-10-07 17:09:12.683074+00:00,,guardian_state,True,0.97,rear_center,24.0,OK,MONITORING,True,24.0,,,,,,,False,False,False,False,False,False,False,False,False,False,False,False,False,NORMAL
2026-10-07 17:09:14.686321+00:00,1791392954683.0,temperature,True,0.97,rear_center,24.0,OK,MONITORING,True,24.0,,,,,,,False,False,False,False,False,False,False,False,False,False,False,False,False,NORMAL
2026-10-07 17:09:14.687274+00:00,,guardian_state,True,0.97,rear_center,24.0,OK,MONITORING,True,24.0,,,,,,,False,False,False,False,False,False,False,False,False,False,False,False,False,NORMAL
2026-10-07 17:09:16.688282+00:00,1791392956685.0,temperature,True,0.97,rear_center,24.0,OK,MONITORING,True,24.0,,,,,,,False,False,False,False,False,False,False,False,False,False,False,False,False,NORMAL
2026-10-07 17:09:16.689274+00:00,,guardian_state,True,0.97,rear_center,24.0,OK,MONITORING,True,24.0,,,,,,,False,False,False,False,False,False,False,False,False,False,False,False,False,NORMAL
2026-10-07 17:09:18.690577+00:00,1791392958687.0,temperature,True,0.97,rear_center,24.0,OK,MONITORING,True,24.0,,,,,,,False,False,False,False,False,False,False,False,False,False,False,False,False,NORMAL
2026-10-07 17:09:18.691732+00:00,,guardian_state,True,0.97,rear_center,24.0,OK,MONITORING,True,24.0,,,,,,,False,False,False,False,False,False,False,False,False,False,False,False,False,NORMAL
2026-10-07 17:09:19.800064+00:00,1791392959797.0,child_presence,True,0.97,rear_center,24.0,OK,MONITORING,True,24.0,,,,,,,False,False,False,False,False,False,False,False,False,False,False,False,False,NORMAL
2026-10-07 17:09:19.800883+00:00,,guardian_state,True,0.97,rear_center,24.0,OK,MONITORING,True,24.0,,,,,,,False,False,False,False,False,False,False,False,False,False,False,False,False,NORMAL
2026-10-07 17:09:20.694689+00:00,1791392960691.0,temperature,True,0.97,rear_center,24.0,OK,MONITORING,True,24.0,,,,,,,False,False,False,False,False,False,False,False,False,False,False,False,False,NORMAL
2026-10-07 17:09:20.695702+00:00,,guardian_state,True,0.97,rear_center,24.0,OK,MONITORING,True,24.0,,,,,,,False,False,False,False,False,False,False,False,False,False,False,False,False,NORMAL
2026-10-07 17:09:22.695292+00:00,1791392962693.0,temperature,True,0.97,rear_center,24.0,OK,MONITORING,True,24.0,,,,,,,False,False,False,False,False,False,False,False,False,False,False,False,False,NORMAL
2026-10-07 17:09:22.695672+00:00,,guardian_state,True,0.97,rear_center,24.0,OK,MONITORING,True,24.0,,,,,,,False,False,False,False,False,False,False,False,False,False,False,False,False,NORMAL
2026-10-07 17:09:24.698936+00:00,1791392964695.0,temperature,True,0.97,rear_center,24.0,OK,MONITORING,True,24.0,,,,,,,False,False,False,False,False,False,False,False,False,False,False,False,False,NORMAL
2026-10-07 17:09:24.699910+00:00,,guardian_state,True,0.97,rear_center,24.0,OK,MONITORING,True,24.0,,,,,,,False,False,False,False,False,False,False,False,False,False,False,False,False,NORMAL
2026-10-07 17:09:26.700689+00:00,1791392966697.0,temperature,True,0.97,rear_center,24.0,OK,MONITORING,True,24.0,,,,,,,False,False,False,False,False,False,False,False,False,False,False,False,False,NORMAL
2026-10-07 17:09:26.701469+00:00,,guardian_state,True,0.97,rear_center,24.0,OK,MONITORING,True,24.0,,,,,,,False,False,False,False,False,False,False,False,False,False,False,False,False,NORMAL
2026-10-07 17:09:28.707601+00:00,1791392968704.0,temperature,True,0.97,rear_center,24.0,OK,MONITORING,True,24.0,,,,,,,False,False,False,False,False,False,False,False,False,False,False,False,False,NORMAL
2026-10-07 17:09:28.708445+00:00,,guardian_state,True,0.97,rear_center,24.0,OK,MONITORING,True,24.0,,,,,,,False,False,False,False,False,False,False,False,False,False,False,False,False,NORMAL
2026-10-07 17:09:30.712095+00:00,1791392970708.0,temperature,True,0.97,rear_center,24.0,OK,MONITORING,True,24.0,,,,,,,False,False,False,False,False,False,False,False,False,False,False,False,False,NORMAL
2026-10-07 17:09:30.713046+00:00,,guardian_state,True,0.97,rear_center,24.0,OK,MONITORING,True,24.0,,,,,,,False,False,False,False,False,False,False,False,False,False,False,False,False,NORMAL
2026-10-07 17:09:31.806379+00:00,1791392971803.0,child_presence,True,0.97,rear_center,24.0,OK,MONITORING,True,24.0,,,,,,,False,False,False,False,False,False,False,False,False,False,False,False,False,NORMAL
2026-10-07 17:09:31.806787+00:00,,guardian_state,True,0.97,rear_center,24.0,OK,MONITORING,True,24.0,,,,,,,False,False,False,False,False,False,False,False,False,False,False,False,False,NORMAL
2026-10-07 17:09:32.715346+00:00,1791392972713.0,temperature,True,0.97,rear_center,24.0,OK,MONITORING,True,24.0,,,,,,,False,False,False,False,False,False,False,False,False,False,False,False,False,NORMAL
2026-10-07 17:09:32.715756+00:00,,guardian_state,True,0.97,rear_center,24.0,OK,MONITORING,True,24.0,,,,,,,False,False,False,False,False,False,False,False,False,False,False,False,False,NORMAL
2026-10-07 17:09:34.720587+00:00,1791392974717.0,temperature,True,0.97,rear_center,24.0,OK,MONITORING,True,24.0,,,,,,,False,False,False,False,False,False,False,False,False,False,False,False,False,NORMAL
2026-10-07 17:09:34.721518+00:00,,guardian_state,True,0.97,rear_center,24.0,OK,MONITORING,True,24.0,,,,,,,False,False,False,False,False,False,False,False,False,False,False,False,False,NORMAL
2026-10-07 17:09:36.724339+00:00,1791392976720.0,temperature,True,0.97,rear_center,24.0,OK,MONITORING,True,24.0,,,,,,,False,False,False,False,False,False,False,False,False,False,False,False,False,NORMAL
2026-10-07 17:09:36.725161+00:00,,guardian_state,True,0.97,rear_center,24.0,OK,MONITORING,True,24.0,,,,,,,False,False,False,False,False,False,False,False,False,False,False,False,False,NORMAL
2026-10-07 17:09:38.725948+00:00,1791392978722.0,temperature,True,0.97,rear_center,24.0,OK,MONITORING,True,24.0,,,,,,,False,False,False,False,False,False,False,False,False,False,False,False,False,NORMAL
2026-10-07 17:09:38.728782+00:00,,guardian_state,True,0.97,rear_center,24.0,OK,MONITORING,True,24.0,,,,,,,False,False,False,False,False,False,False,False,False,False,False,False,False,NORMAL
2026-10-07 17:09:40.728116+00:00,1791392980724.0,temperature,True,0.97,rear_center,24.0,OK,MONITORING,True,24.0,,,,,,,False,False,False,False,False,False,False,False,False,False,False,False,False,NORMAL
2026-10-07 17:09:40.728881+00:00,,guardian_state,True,0.97,rear_center,24.0,OK,MONITORING,True,24.0,,,,,,,False,False,False,False,False,False,False,False,False,False,False,False,False,NORMAL
2026-10-07 17:09:42.730423+00:00,1791392982728.0,temperature,True,0.97,rear_center,24.0,OK,MONITORING,True,24.0,,,,,,,False,False,False,False,False,False,False,False,False,False,False,False,False,NORMAL
2026-10-07 17:09:42.730825+00:00,,guardian_state,True,0.97,rear_center,24.0,OK,MONITORING,True,24.0,,,,,,,False,False,False,False,False,False,False,False,False,False,False,False,False,NORMAL
2026-10-07 17:09:43.807286+00:00,1791392983804.0,child_presence,True,0.97,rear_center,24.0,OK,MONITORING,True,24.0,,,,,,,False,False,False,False,False,False,False,False,False,False,False,False,False,NORMAL
2026-10-07 17:09:43.808060+00:00,,guardian_state,True,0.97,rear_center,24.0,OK,MONITORING,True,24.0,,,,,,,False,False,False,False,False,False,False,False,False,False,False,False,False,NORMAL
2026-10-07 17:09:44.734857+00:00,1791392984731.0,temperature,True,0.97,rear_center,24.0,OK,MONITORING,True,24.0,,,,,,,False,False,False,False,False,False,False,False,False,False,False,False,False,NORMAL
2026-10-07 17:09:44.735590+00:00,,guardian_state,True,0.97,rear_center,24.0,OK,MONITORING,True,24.0,,,,,,,False,False,False,False,False,False,False,False,False,False,False,False,False,NORMAL
2026-10-07 17:09:46.738432+00:00,1791392986735.0,temperature,True,0.97,rear_center,24.0,OK,MONITORING,True,24.0,,,,,,,False,False,False,False,False,False,False,False,False,False,False,False,False,NORMAL
2026-10-07 17:09:46.739266+00:00,,guardian_state,True,0.97,rear_center,24.0,OK,MONITORING,True,24.0,,,,,,,False,False,False,False,False,False,False,False,False,False,False,False,False,NORMAL
2026-10-07 17:09:48.738958+00:00,1791392988736.0,temperature,True,0.97,rear_center,24.0,OK,MONITORING,True,24.0,,,,,,,False,False,False,False,False,False,False,False,False,False,False,False,False,NORMAL
2026-10-07 17:09:48.739751+00:00,,guardian_state,True,0.97,rear_center,24.0,OK,MONITORING,True,24.0,,,,,,,False,False,False,False,False,False,False,False,False,False,False,False,False,NORMAL
2026-10-07 17:09:50.742744+00:00,1791392990739.0,temperature,True,0.97,rear_center,24.0,OK,MONITORING,True,24.0,,,,,,,False,False,False,False,False,False,False,False,False,False,False,False,False,NORMAL
2026-10-07 17:09:50.743836+00:00,,guardian_state,True,0.97,rear_center,24.0,OK,MONITORING,True,24.0,,,,,,,False,False,False,False,False,False,False,False,False,False,False,False,False,NORMAL
2026-10-07 17:09:52.743862+00:00,1791392992741.0,temperature,True,0.97,rear_center,24.0,OK,MONITORING,True,24.0,,,,,,,False,False,False,False,False,False,False,False,False,False,False,False,False,NORMAL
2026-10-07 17:09:52.744394+00:00,,guardian_state,True,0.97,rear_center,24.0,OK,MONITORING,True,24.0,,,,,,,False,False,False,False,False,False,False,False,False,False,False,False,False,NORMAL
2026-10-07 17:09:54.749225+00:00,1791392994746.0,temperature,True,0.97,rear_center,24.0,OK,MONITORING,True,24.0,,,,,,,False,False,False,False,False,False,False,False,False,False,False,False,False,NORMAL
2026-10-07 17:09:54.750402+00:00,,guardian_state,True,0.97,rear_center,24.0,OK,MONITORING,True,24.0,,,,,,,False,False,False,False,False,False,False,False,False,False,False,False,False,NORMAL
2026-10-07 17:09:55.814676+00:00,1791392995811.0,child_presence,True,0.97,rear_center,24.0,OK,MONITORING,True,24.0,,,,,,,False,False,False,False,False,False,False,False,False,False,False,False,False,NORMAL
2026-10-07 17:09:55.815557+00:00,,guardian_state,True,0.97,rear_center,24.0,OK,MONITORING,True,24.0,,,,,,,False,False,False,False,False,False,False,False,False,False,False,False,False,NORMAL
2026-10-07 17:09:56.753672+00:00,1791392996750.0,temperature,True,0.97,rear_center,24.0,OK,MONITORING,True,24.0,,,,,,,False,False,False,False,False,False,False,False,False,False,False,False,False,NORMAL
2026-10-07 17:09:56.754480+00:00,,guardian_state,True,0.97,rear_center,24.0,OK,MONITORING,True,24.0,,,,,,,False,False,False,False,False,False,False,False,False,False,False,False,False,NORMAL
2026-10-07 17:09:58.756538+00:00,1791392998754.0,temperature,True,0.97,rear_center,24.0,OK,MONITORING,True,24.0,,,,,,,False,False,False,False,False,False,False,False,False,False,False,False,False,NORMAL
2026-10-07 17:09:58.757220+00:00,,guardian_state,True,0.97,rear_center,24.0,OK,MONITORING,True,24.0,,,,,,,False,False,False,False,False,False,False,False,False,False,False,False,False,NORMAL
2026-10-07 17:10:00.758747+00:00,1791393000755.0,temperature,True,0.97,rear_center,24.0,OK,MONITORING,True,24.0,,,,,,,False,False,False,False,False,False,False,False,False,False,False,False,False,NORMAL
2026-10-07 17:10:00.760500+00:00,,guardian_state,True,0.97,rear_center,24.0,OK,MONITORING,True,24.0,,,,,,,False,False,False,False,False,False,False,False,False,False,False,False,False,NORMAL
2026-10-07 17:10:02.758712+00:00,1791393002756.0,temperature,True,0.97,rear_center,24.0,OK,MONITORING,True,24.0,,,,,,,False,False,False,False,False,False,False,False,False,False,False,False,False,NORMAL
2026-10-07 17:10:02.759164+00:00,,guardian_state,True,0.97,rear_center,24.0,OK,MONITORING,True,24.0,,,,,,,False,False,False,False,False,False,False,False,False,False,False,False,False,NORMAL
2026-10-07 17:10:04.764379+00:00,1791393004761.0,temperature,True,0.97,rear_center,24.0,OK,MONITORING,True,24.0,,,,,,,False,False,False,False,False,False,False,False,False,False,False,False,False,NORMAL
2026-10-07 17:10:04.765400+00:00,,guardian_state,True,0.97,rear_center,24.0,OK,MONITORING,True,24.0,,,,,,,False,False,False,False,False,False,False,False,False,False,False,False,False,NORMAL
2026-10-07 17:10:06.767880+00:00,1791393006765.0,temperature,True,0.97,rear_center,24.0,OK,MONITORING,True,24.0,,,,,,,False,False,False,False,False,False,False,False,False,False,False,False,False,NORMAL
2026-10-07 17:10:06.768735+00:00,,guardian_state,True,0.97,rear_center,24.0,OK,MONITORING,True,24.0,,,,,,,False,False,False,False,False,False,False,False,False,False,False,False,False,NORMAL
2026-10-07 17:10:07.816073+00:00,1791393007813.0,child_presence,True,0.97,rear_center,24.0,OK,MONITORING,True,24.0,,,,,,,False,False,False,False,False,False,False,False,False,False,False,False,False,NORMAL
2026-10-07 17:10:07.816936+00:00,,guardian_state,True,0.97,rear_center,24.0,OK,MONITORING,True,24.0,,,,,,,False,False,False,False,False,False,False,False,False,False,False,False,False,NORMAL
2026-10-07 17:10:08.772727+00:00,1791393008770.0,temperature,True,0.97,rear_center,24.0,OK,MONITORING,True,24.0,,,,,,,False,False,False,False,False,False,False,False,False,False,False,False,False,NORMAL
2026-10-07 17:10:08.773522+00:00,,guardian_state,True,0.97,rear_center,24.0,OK,MONITORING,True,24.0,,,,,,,False,False,False,False,False,False,False,False,False,False,False,False,False,NORMAL
2026-10-07 17:10:10.775927+00:00,1791393010773.0,temperature,True,0.97,rear_center,24.0,OK,MONITORING,True,24.0,,,,,,,False,False,False,False,False,False,False,False,False,False,False,False,False,NORMAL
2026-10-07 17:10:10.776914+00:00,,guardian_state,True,0.97,rear_center,24.0,OK,MONITORING,True,24.0,,,,,,,False,False,False,False,False,False,False,False,False,False,False,False,False,NORMAL
2026-10-07 17:10:12.780494+00:00,1791393012778.0,temperature,True,0.97,rear_center,24.0,OK,MONITORING,True,24.0,,,,,,,False,False,False,False,False,False,False,False,False,False,False,False,False,NORMAL
2026-10-07 17:10:12.781092+00:00,,guardian_state,True,0.97,rear_center,24.0,OK,MONITORING,True,24.0,,,,,,,False,False,False,False,False,False,False,False,False,False,False,False,False,NORMAL
2026-10-07 17:10:14.783862+00:00,1791393014781.0,temperature,True,0.97,rear_center,24.0,OK,MONITORING,True,24.0,,,,,,,False,False,False,False,False,False,False,False,False,False,False,False,False,NORMAL
2026-10-07 17:10:14.784708+00:00,,guardian_state,True,0.97,rear_center,24.0,OK,MONITORING,True,24.0,,,,,,,False,False,False,False,False,False,False,False,False,False,False,False,False,NORMAL
2026-10-07 17:10:16.788027+00:00,1791393016785.0,temperature,True,0.97,rear_center,24.0,OK,MONITORING,True,24.0,,,,,,,False,False,False,False,False,False,False,False,False,False,False,False,False,NORMAL
2026-10-07 17:10:16.788874+00:00,,guardian_state,True,0.97,rear_center,24.0,OK,MONITORING,True,24.0,,,,,,,False,False,False,False,False,False,False,False,False,False,False,False,False,NORMAL
2026-10-07 17:10:18.789670+00:00,1791393018786.0,temperature,True,0.97,rear_center,24.0,OK,MONITORING,True,24.0,,,,,,,False,False,False,False,False,False,False,False,False,False,False,False,False,NORMAL
2026-10-07 17:10:18.790314+00:00,,guardian_state,True,0.97,rear_center,24.0,OK,MONITORING,True,24.0,,,,,,,False,False,False,False,False,False,False,False,False,False,False,False,False,NORMAL
2026-10-07 17:10:19.817250+00:00,1791393019814.0,child_presence,True,0.97,rear_center,24.0,OK,MONITORING,True,24.0,,,,,,,False,False,False,False,False,False,False,False,False,False,False,False,False,NORMAL
2026-10-07 17:10:19.817958+00:00,,guardian_state,True,0.97,rear_center,24.0,OK,MONITORING,True,24.0,,,,,,,False,False,False,False,False,False,False,False,False,False,False,False,False,NORMAL
2026-10-07 17:10:20.791181+00:00,1791393020787.0,temperature,True,0.97,rear_center,24.0,OK,MONITORING,True,24.0,,,,,,,False,False,False,False,False,False,False,False,False,False,False,False,False,NORMAL
2026-10-07 17:10:20.792060+00:00,,guardian_state,True,0.97,rear_center,24.0,OK,MONITORING,True,24.0,,,,,,,False,False,False,False,False,False,False,False,False,False,False,False,False,NORMAL
2026-10-07 17:10:22.792706+00:00,1791393022790.0,temperature,True,0.97,rear_center,24.0,OK,MONITORING,True,24.0,,,,,,,False,False,False,False,False,False,False,False,False,False,False,False,False,NORMAL
2026-10-07 17:10:22.793396+00:00,,guardian_state,True,0.97,rear_center,24.0,OK,MONITORING,True,24.0,,,,,,,False,False,False,False,False,False,False,False,False,False,False,False,False,NORMAL
2026-10-07 17:10:24.797708+00:00,1791393024794.0,temperature,True,0.97,rear_center,24.0,OK,MONITORING,True,24.0,,,,,,,False,False,False,False,False,False,False,False,False,False,False,False,False,NORMAL
2026-10-07 17:10:24.798591+00:00,,guardian_state,True,0.97,rear_center,24.0,OK,MONITORING,True,24.0,,,,,,,False,False,False,False,False,False,False,False,False,False,False,False,False,NORMAL
2026-10-07 17:10:26.802679+00:00,1791393026799.0,temperature,True,0.97,rear_center,24.0,OK,MONITORING,True,24.0,,,,,,,False,False,False,False,False,False,False,False,False,False,False,False,False,NORMAL
2026-10-07 17:10:26.803525+00:00,,guardian_state,True,0.97,rear_center,24.0,OK,MONITORING,True,24.0,,,,,,,False,False,False,False,False,False,False,False,False,False,False,False,False,NORMAL
2026-10-07 17:10:28.804286+00:00,1791393028801.0,temperature,True,0.97,rear_center,24.0,OK,MONITORING,True,24.0,,,,,,,False,False,False,False,False,False,False,False,False,False,False,False,False,NORMAL
2026-10-07 17:10:28.805115+00:00,,guardian_state,True,0.97,rear_center,24.0,OK,MONITORING,True,24.0,,,,,,,False,False,False,False,False,False,False,False,False,False,False,False,False,NORMAL
2026-10-07 17:10:30.810819+00:00,1791393030807.0,temperature,True,0.97,rear_center,24.0,OK,MONITORING,True,24.0,,,,,,,False,False,False,False,False,False,False,False,False,False,False,False,False,NORMAL
2026-10-07 17:10:30.811527+00:00,,guardian_state,True,0.97,rear_center,24.0,OK,MONITORING,True,24.0,,,,,,,False,False,False,False,False,False,False,False,False,False,False,False,False,NORMAL
2026-10-07 17:10:31.821962+00:00,1791393031819.0,child_presence,True,0.97,rear_center,24.0,OK,MONITORING,True,24.0,,,,,,,False,False,False,False,False,False,False,False,False,False,False,False,False,NORMAL
2026-10-07 17:10:31.822587+00:00,,guardian_state,True,0.97,rear_center,24.0,OK,MONITORING,True,24.0,,,,,,,False,False,False,False,False,False,False,False,False,False,False,False,False,NORMAL
2026-10-07 17:10:32.812059+00:00,1791393032809.0,temperature,True,0.97,rear_center,24.0,OK,MONITORING,True,24.0,,,,,,,False,False,False,False,False,False,False,False,False,False,False,False,False,NORMAL
2026-10-07 17:10:32.813360+00:00,,guardian_state,True,0.97,rear_center,24.0,OK,MONITORING,True,24.0,,,,,,,False,False,False,False,False,False,False,False,False,False,False,False,False,NORMAL
2026-10-07 17:10:34.817290+00:00,1791393034814.0,temperature,True,0.97,rear_center,24.0,OK,MONITORING,True,24.0,,,,,,,False,False,False,False,False,False,False,False,False,False,False,False,False,NORMAL
2026-10-07 17:10:34.818083+00:00,,guardian_state,True,0.97,rear_center,24.0,OK,MONITORING,True,24.0,,,,,,,False,False,False,False,False,False,False,False,False,False,False,False,False,NORMAL
2026-10-07 17:10:36.820665+00:00,1791393036817.0,temperature,True,0.97,rear_center,24.0,OK,MONITORING,True,24.0,,,,,,,False,False,False,False,False,False,False,False,False,False,False,False,False,NORMAL
2026-10-07 17:10:36.821255+00:00,,guardian_state,True,0.97,rear_center,24.0,OK,MONITORING,True,24.0,,,,,,,False,False,False,False,False,False,False,False,False,False,False,False,False,NORMAL
2026-10-07 17:10:38.822147+00:00,1791393038819.0,temperature,True,0.97,rear_center,24.0,OK,MONITORING,True,24.0,,,,,,,False,False,False,False,False,False,False,False,False,False,False,False,False,NORMAL
2026-10-07 17:10:38.822821+00:00,,guardian_state,True,0.97,rear_center,24.0,OK,MONITORING,True,24.0,,,,,,,False,False,False,False,False,False,False,False,False,False,False,False,False,NORMAL
2026-10-07 17:10:40.829339+00:00,1791393040826.0,temperature,True,0.97,rear_center,24.0,OK,MONITORING,True,24.0,,,,,,,False,False,False,False,False,False,False,False,False,False,False,False,False,NORMAL
2026-10-07 17:10:40.830262+00:00,,guardian_state,True,0.97,rear_center,24.0,OK,MONITORING,True,24.0,,,,,,,False,False,False,False,False,False,False,False,False,False,False,False,False,NORMAL
2026-10-07 17:10:42.833057+00:00,1791393042829.0,temperature,True,0.97,rear_center,24.0,OK,MONITORING,True,24.0,,,,,,,False,False,False,False,False,False,False,False,False,False,False,False,False,NORMAL
2026-10-07 17:10:42.833767+00:00,,guardian_state,True,0.97,rear_center,24.0,OK,MONITORING,True,24.0,,,,,,,False,False,False,False,False,False,False,False,False,False,False,False,False,NORMAL
2026-10-07 17:10:43.824161+00:00,1791393043821.0,child_presence,True,0.97,rear_center,24.0,OK,MONITORING,True,24.0,,,,,,,False,False,False,False,False,False,False,False,False,False,False,False,False,NORMAL
2026-10-07 17:10:43.824858+00:00,,guardian_state,True,0.97,rear_center,24.0,OK,MONITORING,True,24.0,,,,,,,False,False,False,False,False,False,False,False,False,False,False,False,False,NORMAL
2026-10-07 17:10:44.838732+00:00,1791393044836.0,temperature,True,0.97,rear_center,24.0,OK,MONITORING,True,24.0,,,,,,,False,False,False,False,False,False,False,False,False,False,False,False,False,NORMAL
2026-10-07 17:10:44.839506+00:00,,guardian_state,True,0.97,rear_center,24.0,OK,MONITORING,True,24.0,,,,,,,False,False,False,False,False,False,False,False,False,False,False,False,False,NORMAL
2026-10-07 17:10:46.840429+00:00,1791393046838.0,temperature,True,0.97,rear_center,24.0,OK,MONITORING,True,24.0,,,,,,,False,False,False,False,False,False,False,False,False,False,False,False,False,NORMAL
2026-10-07 17:10:46.841067+00:00,,guardian_state,True,0.97,rear_center,24.0,OK,MONITORING,True,24.0,,,,,,,False,False,False,False,False,False,False,False,False,False,False,False,False,NORMAL
2026-10-07 17:10:48.843767+00:00,1791393048841.0,temperature,True,0.97,rear_center,24.0,OK,MONITORING,True,24.0,,,,,,,False,False,False,False,False,False,False,False,False,False,False,False,False,NORMAL
2026-10-07 17:10:48.844427+00:00,,guardian_state,True,0.97,rear_center,24.0,OK,MONITORING,True,24.0,,,,,,,False,False,False,False,False,False,False,False,False,False,False,False,False,NORMAL
2026-10-07 17:10:50.848451+00:00,1791393050844.0,temperature,True,0.97,rear_center,24.0,OK,MONITORING,True,24.0,,,,,,,False,False,False,False,False,False,False,False,False,False,False,False,False,NORMAL
2026-10-07 17:10:50.849443+00:00,,guardian_state,True,0.97,rear_center,24.0,OK,MONITORING,True,24.0,,,,,,,False,False,False,False,False,False,False,False,False,False,False,False,False,NORMAL
2026-10-07 17:10:52.851922+00:00,1791393052848.0,temperature,True,0.97,rear_center,24.0,OK,MONITORING,True,24.0,,,,,,,False,False,False,False,False,False,False,False,False,False,False,False,False,NORMAL
2026-10-07 17:10:52.852946+00:00,,guardian_state,True,0.97,rear_center,24.0,OK,MONITORING,True,24.0,,,,,,,False,False,False,False,False,False,False,False,False,False,False,False,False,NORMAL
2026-10-07 17:10:54.855347+00:00,1791393054851.0,temperature,True,0.97,rear_center,24.0,OK,MONITORING,True,24.0,,,,,,,False,False,False,False,False,False,False,False,False,False,False,False,False,NORMAL
2026-10-07 17:10:54.856308+00:00,,guardian_state,True,0.97,rear_center,24.0,OK,MONITORING,True,24.0,,,,,,,False,False,False,False,False,False,False,False,False,False,False,False,False,NORMAL
2026-10-07 17:10:55.830296+00:00,1791393055827.0,child_presence,True,0.97,rear_center,24.0,OK,MONITORING,True,24.0,,,,,,,False,False,False,False,False,False,False,False,False,False,False,False,False,NORMAL
2026-10-07 17:10:55.831076+00:00,,guardian_state,True,0.97,rear_center,24.0,OK,MONITORING,True,24.0,,,,,,,False,False,False,False,False,False,False,False,False,False,False,False,False,NORMAL
2026-10-07 17:10:56.858556+00:00,1791393056855.0,temperature,True,0.97,rear_center,24.0,OK,MONITORING,True,24.0,,,,,,,False,False,False,False,False,False,False,False,False,False,False,False,False,NORMAL
2026-10-07 17:10:56.858914+00:00,,guardian_state,True,0.97,rear_center,24.0,OK,MONITORING,True,24.0,,,,,,,False,False,False,False,False,False,False,False,False,False,False,False,False,NORMAL
2026-10-07 17:10:58.874630+00:00,1791393058856.0,temperature,True,0.97,rear_center,24.0,OK,MONITORING,True,24.0,,,,,,,False,False,False,False,False,False,False,False,False,False,False,False,False,NORMAL
2026-10-07 17:10:58.875265+00:00,,guardian_state,True,0.97,rear_center,24.0,OK,MONITORING,True,24.0,,,,,,,False,False,False,False,False,False,False,False,False,False,False,False,False,NORMAL
2026-10-07 17:11:23.258930+00:00,1791393060860.0,temperature,True,0.97,rear_center,24.0,OK,MONITORING,True,24.0,,,,,,,False,False,False,False,False,False,False,False,False,False,False,False,False,NORMAL
2026-10-07 17:11:23.259706+00:00,,guardian_state,True,0.97,rear_center,24.0,OK,MONITORING,True,24.0,,,,,,,False,False,False,False,False,False,False,False,False,False,False,False,False,NORMAL
2026-10-07 17:11:25.265975+00:00,1791393062867.0,temperature,True,0.97,rear_center,24.0,OK,MONITORING,True,24.0,,,,,,,False,False,False,False,False,False,False,False,False,False,False,False,False,NORMAL
2026-10-07 17:11:25.266855+00:00,,guardian_state,True,0.97,rear_center,24.0,OK,MONITORING,True,24.0,,,,,,,False,False,False,False,False,False,False,False,False,False,False,False,False,NORMAL
2026-10-07 17:11:27.269287+00:00,1791393064871.0,temperature,True,0.97,rear_center,24.0,OK,MONITORING,True,24.0,,,,,,,False,False,False,False,False,False,False,False,False,False,False,False,False,NORMAL
2026-10-07 17:11:27.269750+00:00,,guardian_state,True,0.97,rear_center,24.0,OK,MONITORING,True,24.0,,,,,,,False,False,False,False,False,False,False,False,False,False,False,False,False,NORMAL
2026-10-07 17:11:29.271481+00:00,1791393066872.0,temperature,True,0.97,rear_center,24.0,OK,MONITORING,True,24.0,,,,,,,False,False,False,False,False,False,False,False,False,False,False,False,False,NORMAL
2026-10-07 17:11:29.271821+00:00,,guardian_state,True,0.97,rear_center,24.0,OK,MONITORING,True,24.0,,,,,,,False,False,False,False,False,False,False,False,False,False,False,False,False,NORMAL
2026-10-07 17:11:30.228466+00:00,1791393067829.0,child_presence,True,0.97,rear_center,24.0,OK,MONITORING,True,24.0,,,,,,,False,False,False,False,False,False,False,False,False,False,False,False,False,NORMAL
2026-10-07 17:11:30.229100+00:00,,guardian_state,True,0.97,rear_center,24.0,OK,MONITORING,True,24.0,,,,,,,False,False,False,False,False,False,False,False,False,False,False,False,False,NORMAL
2026-10-07 17:11:31.277824+00:00,1791393068878.0,temperature,True,0.97,rear_center,24.0,OK,MONITORING,True,24.0,,,,,,,False,False,False,False,False,False,False,False,False,False,False,False,False,NORMAL
2026-10-07 17:11:31.278553+00:00,,guardian_state,True,0.97,rear_center,24.0,OK,MONITORING,True,24.0,,,,,,,False,False,False,False,False,False,False,False,False,False,False,False,False,NORMAL
2026-10-07 17:11:33.279168+00:00,1791393070880.0,temperature,True,0.97,rear_center,24.0,OK,MONITORING,True,24.0,,,,,,,False,False,False,False,False,False,False,False,False,False,False,False,False,NORMAL
2026-10-07 17:11:33.280256+00:00,,guardian_state,True,0.97,rear_center,24.0,OK,MONITORING,True,24.0,,,,,,,False,False,False,False,False,False,False,False,False,False,False,False,False,NORMAL
2026-10-07 17:11:35.289948+00:00,1791393072891.0,temperature,True,0.97,rear_center,24.0,OK,MONITORING,True,24.0,,,,,,,False,False,False,False,False,False,False,False,False,False,False,False,False,NORMAL
2026-10-07 17:11:35.290670+00:00,,guardian_state,True,0.97,rear_center,24.0,OK,MONITORING,True,24.0,,,,,,,False,False,False,False,False,False,False,False,False,False,False,False,False,NORMAL
2026-10-07 17:11:37.292711+00:00,1791393074893.0,temperature,True,0.97,rear_center,24.0,OK,MONITORING,True,24.0,,,,,,,False,False,False,False,False,False,False,False,False,False,False,False,False,NORMAL
2026-10-07 17:11:37.293551+00:00,,guardian_state,True,0.97,rear_center,24.0,OK,MONITORING,True,24.0,,,,,,,False,False,False,False,False,False,False,False,False,False,False,False,False,NORMAL
2026-10-07 17:11:39.294654+00:00,1791393076896.0,temperature,True,0.97,rear_center,24.0,OK,MONITORING,True,24.0,,,,,,,False,False,False,False,False,False,False,False,False,False,False,False,False,NORMAL
2026-10-07 17:11:39.295016+00:00,,guardian_state,True,0.97,rear_center,24.0,OK,MONITORING,True,24.0,,,,,,,False,False,False,False,False,False,False,False,False,False,False,False,False,NORMAL
2026-10-07 17:11:41.300709+00:00,1791393078902.0,temperature,True,0.97,rear_center,24.0,OK,MONITORING,True,24.0,,,,,,,False,False,False,False,False,False,False,False,False,False,False,False,False,NORMAL
2026-10-07 17:11:41.301500+00:00,,guardian_state,True,0.97,rear_center,24.0,OK,MONITORING,True,24.0,,,,,,,False,False,False,False,False,False,False,False,False,False,False,False,False,NORMAL
2026-10-07 17:11:42.234070+00:00,1791393079835.0,child_presence,True,0.97,rear_center,24.0,OK,MONITORING,True,24.0,,,,,,,False,False,False,False,False,False,False,False,False,False,False,False,False,NORMAL
2026-10-07 17:11:42.234917+00:00,,guardian_state,True,0.97,rear_center,24.0,OK,MONITORING,True,24.0,,,,,,,False,False,False,False,False,False,False,False,False,False,False,False,False,NORMAL
2026-10-07 17:11:43.303245+00:00,1791393103300.0,temperature,True,0.97,rear_center,24.0,OK,MONITORING,True,24.0,,,,,,,False,False,False,False,False,False,False,False,False,False,False,False,False,NORMAL
2026-10-07 17:11:43.304063+00:00,,guardian_state,True,0.97,rear_center,24.0,OK,MONITORING,True,24.0,,,,,,,False,False,False,False,False,False,False,False,False,False,False,False,False,NORMAL
2026-10-07 17:11:45.308379+00:00,1791393105305.0,temperature,True,0.97,rear_center,24.0,OK,MONITORING,True,24.0,,,,,,,False,False,False,False,False,False,False,False,False,False,False,False,False,NORMAL
2026-10-07 17:11:45.309095+00:00,,guardian_state,True,0.97,rear_center,24.0,OK,MONITORING,True,24.0,,,,,,,False,False,False,False,False,False,False,False,False,False,False,False,False,NORMAL
2026-10-07 17:11:47.312742+00:00,1791393107309.0,temperature,True,0.97,rear_center,24.0,OK,MONITORING,True,24.0,,,,,,,False,False,False,False,False,False,False,False,False,False,False,False,False,NORMAL
2026-10-07 17:11:47.313402+00:00,,guardian_state,True,0.97,rear_center,24.0,OK,MONITORING,True,24.0,,,,,,,False,False,False,False,False,False,False,False,False,False,False,False,False,NORMAL
2026-10-07 17:11:49.315446+00:00,1791393109312.0,temperature,True,0.97,rear_center,24.0,OK,MONITORING,True,24.0,,,,,,,False,False,False,False,False,False,False,False,False,False,False,False,False,NORMAL
2026-10-07 17:11:49.315845+00:00,,guardian_state,True,0.97,rear_center,24.0,OK,MONITORING,True,24.0,,,,,,,False,False,False,False,False,False,False,False,False,False,False,False,False,NORMAL
2026-10-07 17:11:51.319171+00:00,1791393111316.0,temperature,True,0.97,rear_center,24.0,OK,MONITORING,True,24.0,,,,,,,False,False,False,False,False,False,False,False,False,False,False,False,False,NORMAL
2026-10-07 17:11:51.319940+00:00,,guardian_state,True,0.97,rear_center,24.0,OK,MONITORING,True,24.0,,,,,,,False,False,False,False,False,False,False,False,False,False,False,False,False,NORMAL
2026-10-07 17:11:53.321506+00:00,1791393113318.0,temperature,True,0.97,rear_center,24.0,OK,MONITORING,True,24.0,,,,,,,False,False,False,False,False,False,False,False,False,False,False,False,False,NORMAL
2026-10-07 17:11:53.322283+00:00,,guardian_state,True,0.97,rear_center,24.0,OK,MONITORING,True,24.0,,,,,,,False,False,False,False,False,False,False,False,False,False,False,False,False,NORMAL
2026-10-07 17:11:54.236904+00:00,1791393114234.0,child_presence,True,0.97,rear_center,24.0,OK,MONITORING,True,24.0,,,,,,,False,False,False,False,False,False,False,False,False,False,False,False,False,NORMAL
2026-10-07 17:11:54.237253+00:00,,guardian_state,True,0.97,rear_center,24.0,OK,MONITORING,True,24.0,,,,,,,False,False,False,False,False,False,False,False,False,False,False,False,False,NORMAL
2026-10-07 17:11:55.326836+00:00,1791393115323.0,temperature,True,0.97,rear_center,24.0,OK,MONITORING,True,24.0,,,,,,,False,False,False,False,False,False,False,False,False,False,False,False,False,NORMAL
2026-10-07 17:11:55.327703+00:00,,guardian_state,True,0.97,rear_center,24.0,OK,MONITORING,True,24.0,,,,,,,False,False,False,False,False,False,False,False,False,False,False,False,False,NORMAL
2026-10-07 17:11:57.328537+00:00,1791393117325.0,temperature,True,0.97,rear_center,24.0,OK,MONITORING,True,24.0,,,,,,,False,False,False,False,False,False,False,False,False,False,False,False,False,NORMAL
2026-10-07 17:11:57.329259+00:00,,guardian_state,True,0.97,rear_center,24.0,OK,MONITORING,True,24.0,,,,,,,False,False,False,False,False,False,False,False,False,False,False,False,False,NORMAL
2026-10-07 17:11:59.338969+00:00,1791393119335.0,temperature,True,0.97,rear_center,24.0,OK,MONITORING,True,24.0,,,,,,,False,False,False,False,False,False,False,False,False,False,False,False,False,NORMAL
2026-10-07 17:11:59.340457+00:00,,guardian_state,True,0.97,rear_center,24.0,OK,MONITORING,True,24.0,,,,,,,False,False,False,False,False,False,False,False,False,False,False,False,False,NORMAL
2026-10-07 17:12:01.349430+00:00,1791393121346.0,temperature,True,0.97,rear_center,24.0,OK,MONITORING,True,24.0,,,,,,,False,False,False,False,False,False,False,False,False,False,False,False,False,NORMAL
2026-10-07 17:12:01.350259+00:00,,guardian_state,True,0.97,rear_center,24.0,OK,MONITORING,True,24.0,,,,,,,False,False,False,False,False,False,False,False,False,False,False,False,False,NORMAL
2026-10-07 17:12:03.355568+00:00,1791393123352.0,temperature,True,0.97,rear_center,24.0,OK,MONITORING,True,24.0,,,,,,,False,False,False,False,False,False,False,False,False,False,False,False,False,NORMAL
2026-10-07 17:12:03.356410+00:00,,guardian_state,True,0.97,rear_center,24.0,OK,MONITORING,True,24.0,,,,,,,False,False,False,False,False,False,False,False,False,False,False,False,False,NORMAL
2026-10-07 17:12:05.361501+00:00,1791393125358.0,temperature,True,0.97,rear_center,24.0,OK,MONITORING,True,24.0,,,,,,,False,False,False,False,False,False,False,False,False,False,False,False,False,NORMAL
2026-10-07 17:12:05.362304+00:00,,guardian_state,True,0.97,rear_center,24.0,OK,MONITORING,True,24.0,,,,,,,False,False,False,False,False,False,False,False,False,False,False,False,False,NORMAL
2026-10-07 17:12:06.241273+00:00,1791393126238.0,child_presence,True,0.97,rear_center,24.0,OK,MONITORING,True,24.0,,,,,,,False,False,False,False,False,False,False,False,False,False,False,False,False,NORMAL
2026-10-07 17:12:06.242158+00:00,,guardian_state,True,0.97,rear_center,24.0,OK,MONITORING,True,24.0,,,,,,,False,False,False,False,False,False,False,False,False,False,False,False,False,NORMAL
2026-10-07 17:12:07.362614+00:00,1791393127359.0,temperature,True,0.97,rear_center,24.0,OK,MONITORING,True,24.0,,,,,,,False,False,False,False,False,False,False,False,False,False,False,False,False,NORMAL
2026-10-07 17:12:07.363479+00:00,,guardian_state,True,0.97,rear_center,24.0,OK,MONITORING,True,24.0,,,,,,,False,False,False,False,False,False,False,False,False,False,False,False,False,NORMAL
2026-10-07 17:12:09.367080+00:00,1791393129364.0,temperature,True,0.97,rear_center,24.0,OK,MONITORING,True,24.0,,,,,,,False,False,False,False,False,False,False,False,False,False,False,False,False,NORMAL
2026-10-07 17:12:09.367817+00:00,,guardian_state,True,0.97,rear_center,24.0,OK,MONITORING,True,24.0,,,,,,,False,False,False,False,False,False,False,False,False,False,False,False,False,NORMAL
2026-10-07 17:17:24.267506+00:00,1791393131368.0,temperature,True,0.97,rear_center,24.0,OK,MONITORING,True,24.0,,,,,,,False,False,False,False,False,False,False,False,False,False,False,False,False,NORMAL
2026-10-07 17:17:24.267972+00:00,,guardian_state,True,0.97,rear_center,24.0,OK,MONITORING,True,24.0,,,,,,,False,False,False,False,False,False,False,False,False,False,False,False,False,NORMAL
2026-10-07 17:17:26.276014+00:00,1791393446272.0,temperature,True,0.97,rear_center,24.0,OK,MONITORING,True,24.0,,,,,,,False,False,False,False,False,False,False,False,False,False,False,False,False,NORMAL
2026-10-07 17:17:26.277430+00:00,,guardian_state,True,0.97,rear_center,24.0,OK,MONITORING,True,24.0,,,,,,,False,False,False,False,False,False,False,False,False,False,False,False,False,NORMAL
2026-10-07 17:17:28.277675+00:00,1791393448274.0,temperature,True,0.97,rear_center,24.0,OK,MONITORING,True,24.0,,,,,,,False,False,False,False,False,False,False,False,False,False,False,False,False,NORMAL
2026-10-07 17:17:28.278585+00:00,,guardian_state,True,0.97,rear_center,24.0,OK,MONITORING,True,24.0,,,,,,,False,False,False,False,False,False,False,False,False,False,False,False,False,NORMAL
2026-10-07 17:17:30.284602+00:00,1791393450281.0,temperature,True,0.97,rear_center,24.0,OK,MONITORING,True,24.0,,,,,,,False,False,False,False,False,False,False,False,False,False,False,False,False,NORMAL
2026-10-07 17:17:30.285310+00:00,,guardian_state,True,0.97,rear_center,24.0,OK,MONITORING,True,24.0,,,,,,,False,False,False,False,False,False,False,False,False,False,False,False,False,NORMAL
2026-10-07 17:17:31.146125+00:00,1791393451143.0,child_presence,True,0.97,rear_center,24.0,OK,MONITORING,True,24.0,,,,,,,False,False,False,False,False,False,False,False,False,False,False,False,False,NORMAL
2026-10-07 17:17:31.146823+00:00,,guardian_state,True,0.97,rear_center,24.0,OK,MONITORING,True,24.0,,,,,,,False,False,False,False,False,False,False,False,False,False,False,False,False,NORMAL
2026-10-07 17:17:32.286083+00:00,1791393452283.0,temperature,True,0.97,rear_center,24.0,OK,MONITORING,True,24.0,,,,,,,False,False,False,False,False,False,False,False,False,False,False,False,False,NORMAL
2026-10-07 17:17:32.287047+00:00,,guardian_state,True,0.97,rear_center,24.0,OK,MONITORING,True,24.0,,,,,,,False,False,False,False,False,False,False,False,False,False,False,False,False,NORMAL
2026-10-07 17:17:34.287859+00:00,1791393454285.0,temperature,True,0.97,rear_center,24.0,OK,MONITORING,True,24.0,,,,,,,False,False,False,False,False,False,False,False,False,False,False,False,False,NORMAL
2026-10-07 17:17:34.288264+00:00,,guardian_state,True,0.97,rear_center,24.0,OK,MONITORING,True,24.0,,,,,,,False,False,False,False,False,False,False,False,False,False,False,False,False,NORMAL
2026-10-07 17:17:36.296846+00:00,1791393456294.0,temperature,True,0.97,rear_center,24.0,OK,MONITORING,True,24.0,,,,,,,False,False,False,False,False,False,False,False,False,False,False,False,False,NORMAL
2026-10-07 17:17:36.297818+00:00,,guardian_state,True,0.97,rear_center,24.0,OK,MONITORING,True,24.0,,,,,,,False,False,False,False,False,False,False,False,False,False,False,False,False,NORMAL
2026-10-07 17:17:38.307100+00:00,1791393458304.0,temperature,True,0.97,rear_center,24.0,OK,MONITORING,True,24.0,,,,,,,False,False,False,False,False,False,False,False,False,False,False,False,False,NORMAL
2026-10-07 17:17:38.307828+00:00,,guardian_state,True,0.97,rear_center,24.0,OK,MONITORING,True,24.0,,,,,,,False,False,False,False,False,False,False,False,False,False,False,False,False,NORMAL
2026-10-07 17:17:40.312972+00:00,1791393460310.0,temperature,True,0.97,rear_center,24.0,OK,MONITORING,True,24.0,,,,,,,False,False,False,False,False,False,False,False,False,False,False,False,False,NORMAL
2026-10-07 17:17:40.313794+00:00,,guardian_state,True,0.97,rear_center,24.0,OK,MONITORING,True,24.0,,,,,,,False,False,False,False,False,False,False,False,False,False,False,False,False,NORMAL
2026-10-07 17:17:42.318406+00:00,1791393462315.0,temperature,True,0.97,rear_center,24.0,OK,MONITORING,True,24.0,,,,,,,False,False,False,False,False,False,False,False,False,False,False,False,False,NORMAL
2026-10-07 17:17:42.319235+00:00,,guardian_state,True,0.97,rear_center,24.0,OK,MONITORING,True,24.0,,,,,,,False,False,False,False,False,False,False,False,False,False,False,False,False,NORMAL
2026-10-07 17:17:43.157965+00:00,1791393463155.0,child_presence,True,0.97,rear_center,24.0,OK,MONITORING,True,24.0,,,,,,,False,False,False,False,False,False,False,False,False,False,False,False,False,NORMAL
2026-10-07 17:17:43.158705+00:00,,guardian_state,True,0.97,rear_center,24.0,OK,MONITORING,True,24.0,,,,,,,False,False,False,False,False,False,False,False,False,False,False,False,False,NORMAL
2026-10-07 17:17:44.325385+00:00,1791393464322.0,temperature,True,0.97,rear_center,24.0,OK,MONITORING,True,24.0,,,,,,,False,False,False,False,False,False,False,False,False,False,False,False,False,NORMAL
2026-10-07 17:17:44.325774+00:00,,guardian_state,True,0.97,rear_center,24.0,OK,MONITORING,True,24.0,,,,,,,False,False,False,False,False,False,False,False,False,False,False,False,False,NORMAL
2026-10-07 17:17:46.326956+00:00,1791393466324.0,temperature,True,0.97,rear_center,24.0,OK,MONITORING,True,24.0,,,,,,,False,False,False,False,False,False,False,False,False,False,False,False,False,NORMAL
2026-10-07 17:17:46.327963+00:00,,guardian_state,True,0.97,rear_center,24.0,OK,MONITORING,True,24.0,,,,,,,False,False,False,False,False,False,False,False,False,False,False,False,False,NORMAL
2026-10-07 17:17:48.335225+00:00,1791393468332.0,temperature,True,0.97,rear_center,24.0,OK,MONITORING,True,24.0,,,,,,,False,False,False,False,False,False,False,False,False,False,False,False,False,NORMAL
2026-10-07 17:17:48.335957+00:00,,guardian_state,True,0.97,rear_center,24.0,OK,MONITORING,True,24.0,,,,,,,False,False,False,False,False,False,False,False,False,False,False,False,False,NORMAL
2026-10-07 17:17:50.338357+00:00,1791393470335.0,temperature,True,0.97,rear_center,24.0,OK,MONITORING,True,24.0,,,,,,,False,False,False,False,False,False,False,False,False,False,False,False,False,NORMAL
2026-10-07 17:17:50.339076+00:00,,guardian_state,True,0.97,rear_center,24.0,OK,MONITORING,True,24.0,,,,,,,False,False,False,False,False,False,False,False,False,False,False,False,False,NORMAL
2026-10-07 17:17:52.341067+00:00,1791393472338.0,temperature,True,0.97,rear_center,24.0,OK,MONITORING,True,24.0,,,,,,,False,False,False,False,False,False,False,False,False,False,False,False,False,NORMAL
2026-10-07 17:17:52.341869+00:00,,guardian_state,True,0.97,rear_center,24.0,OK,MONITORING,True,24.0,,,,,,,False,False,False,False,False,False,False,False,False,False,False,False,False,NORMAL
2026-10-07 17:17:54.352497+00:00,1791393474350.0,temperature,True,0.97,rear_center,24.0,OK,MONITORING,True,24.0,,,,,,,False,False,False,False,False,False,False,False,False,False,False,False,False,NORMAL
2026-10-07 17:17:54.353177+00:00,,guardian_state,True,0.97,rear_center,24.0,OK,MONITORING,True,24.0,,,,,,,False,False,False,False,False,False,False,False,False,False,False,False,False,NORMAL
2026-10-07 17:17:55.167163+00:00,1791393475164.0,child_presence,True,0.97,rear_center,24.0,OK,MONITORING,True,24.0,,,,,,,False,False,False,False,False,False,False,False,False,False,False,False,False,NORMAL
2026-10-07 17:17:55.167934+00:00,,guardian_state,True,0.97,rear_center,24.0,OK,MONITORING,True,24.0,,,,,,,False,False,False,False,False,False,False,False,False,False,False,False,False,NORMAL
2026-10-07 17:17:56.357564+00:00,1791393476354.0,temperature,True,0.97,rear_center,24.0,OK,MONITORING,True,24.0,,,,,,,False,False,False,False,False,False,False,False,False,False,False,False,False,NORMAL
2026-10-07 17:17:56.358531+00:00,,guardian_state,True,0.97,rear_center,24.0,OK,MONITORING,True,24.0,,,,,,,False,False,False,False,False,False,False,False,False,False,False,False,False,NORMAL
2026-10-07 17:17:58.366910+00:00,1791393478364.0,temperature,True,0.97,rear_center,24.0,OK,MONITORING,True,24.0,,,,,,,False,False,False,False,False,False,False,False,False,False,False,False,False,NORMAL
2026-10-07 17:17:58.367781+00:00,,guardian_state,True,0.97,rear_center,24.0,OK,MONITORING,True,24.0,,,,,,,False,False,False,False,False,False,False,False,False,False,False,False,False,NORMAL
2026-10-07 17:18:00.369194+00:00,1791393480366.0,temperature,True,0.97,rear_center,24.0,OK,MONITORING,True,24.0,,,,,,,False,False,False,False,False,False,False,False,False,False,False,False,False,NORMAL
2026-10-07 17:18:00.369969+00:00,,guardian_state,True,0.97,rear_center,24.0,OK,MONITORING,True,24.0,,,,,,,False,False,False,False,False,False,False,False,False,False,False,False,False,NORMAL
2026-10-07 17:18:02.370836+00:00,1791393482368.0,temperature,True,0.97,rear_center,24.0,OK,MONITORING,True,24.0,,,,,,,False,False,False,False,False,False,False,False,False,False,False,False,False,NORMAL
2026-10-07 17:18:02.372351+00:00,,guardian_state,True,0.97,rear_center,24.0,OK,MONITORING,True,24.0,,,,,,,False,False,False,False,False,False,False,False,False,False,False,False,False,NORMAL
2026-10-07 17:18:04.381165+00:00,1791393484378.0,temperature,True,0.97,rear_center,24.0,OK,MONITORING,True,24.0,,,,,,,False,False,False,False,False,False,False,False,False,False,False,False,False,NORMAL
2026-10-07 17:18:04.382034+00:00,,guardian_state,True,0.97,rear_center,24.0,OK,MONITORING,True,24.0,,,,,,,False,False,False,False,False,False,False,False,False,False,False,False,False,NORMAL
2026-10-07 17:18:06.392721+00:00,1791393486390.0,temperature,True,0.97,rear_center,24.0,OK,MONITORING,True,24.0,,,,,,,False,False,False,False,False,False,False,False,False,False,False,False,False,NORMAL
2026-10-07 17:18:06.393564+00:00,,guardian_state,True,0.97,rear_center,24.0,OK,MONITORING,True,24.0,,,,,,,False,False,False,False,False,False,False,False,False,False,False,False,False,NORMAL
2026-10-07 17:18:07.174640+00:00,1791393487171.0,child_presence,True,0.97,rear_center,24.0,OK,MONITORING,True,24.0,,,,,,,False,False,False,False,False,False,False,False,False,False,False,False,False,NORMAL
2026-10-07 17:18:07.175447+00:00,,guardian_state,True,0.97,rear_center,24.0,OK,MONITORING,True,24.0,,,,,,,False,False,False,False,False,False,False,False,False,False,False,False,False,NORMAL
2026-10-07 17:18:08.396585+00:00,1791393488393.0,temperature,True,0.97,rear_center,24.0,OK,MONITORING,True,24.0,,,,,,,False,False,False,False,False,False,False,False,False,False,False,False,False,NORMAL
2026-10-07 17:18:08.397376+00:00,,guardian_state,True,0.97,rear_center,24.0,OK,MONITORING,True,24.0,,,,,,,False,False,False,False,False,False,False,False,False,False,False,False,False,NORMAL
2026-10-07 17:35:38.002260+00:00,1791393490397.0,temperature,True,0.97,rear_center,24.0,OK,MONITORING,True,24.0,,,,,,,False,False,False,False,False,False,False,False,False,False,False,False,False,NORMAL
2026-10-07 17:35:38.002894+00:00,,guardian_state,True,0.97,rear_center,24.0,OK,MONITORING,True,24.0,,,,,,,False,False,False,False,False,False,False,False,False,False,False,False,False,NORMAL
2026-10-07 17:35:40.008055+00:00,1791393492403.0,temperature,True,0.97,rear_center,24.0,OK,MONITORING,True,24.0,,,,,,,False,False,False,False,False,False,False,False,False,False,False,False,False,NORMAL
2026-10-07 17:35:40.008944+00:00,,guardian_state,True,0.97,rear_center,24.0,OK,MONITORING,True,24.0,,,,,,,False,False,False,False,False,False,False,False,False,False,False,False,False,NORMAL
2026-10-07 17:35:42.012466+00:00,1791393494407.0,temperature,True,0.97,rear_center,24.0,OK,MONITORING,True,24.0,,,,,,,False,False,False,False,False,False,False,False,False,False,False,False,False,NORMAL
2026-10-07 17:35:42.013166+00:00,,guardian_state,True,0.97,rear_center,24.0,OK,MONITORING,True,24.0,,,,,,,False,False,False,False,False,False,False,False,False,False,False,False,False,NORMAL
2026-10-07 17:35:44.024442+00:00,1791393496420.0,temperature,True,0.97,rear_center,24.0,OK,MONITORING,True,24.0,,,,,,,False,False,False,False,False,False,False,False,False,False,False,False,False,NORMAL
2026-10-07 17:35:44.024846+00:00,,guardian_state,True,0.97,rear_center,24.0,OK,MONITORING,True,24.0,,,,,,,False,False,False,False,False,False,False,False,False,False,False,False,False,NORMAL
2026-10-07 17:35:46.028798+00:00,1791393498424.0,temperature,True,0.97,rear_center,24.0,OK,MONITORING,True,24.0,,,,,,,False,False,False,False,False,False,False,False,False,False,False,False,False,NORMAL
2026-10-07 17:35:46.029551+00:00,,guardian_state,True,0.97,rear_center,24.0,OK,MONITORING,True,24.0,,,,,,,False,False,False,False,False,False,False,False,False,False,False,False,False,NORMAL
2026-10-07 17:35:46.781780+00:00,1791393499177.0,child_presence,True,0.97,rear_center,24.0,OK,MONITORING,True,24.0,,,,,,,False,False,False,False,False,False,False,False,False,False,False,False,False,NORMAL
2026-10-07 17:35:46.782614+00:00,,guardian_state,True,0.97,rear_center,24.0,OK,MONITORING,True,24.0,,,,,,,False,False,False,False,False,False,False,False,False,False,False,False,False,NORMAL
2026-10-07 17:35:48.034530+00:00,1791393500429.0,temperature,True,0.97,rear_center,24.0,OK,MONITORING,True,24.0,,,,,,,False,False,False,False,False,False,False,False,False,False,False,False,False,NORMAL
2026-10-07 17:35:48.035328+00:00,,guardian_state,True,0.97,rear_center,24.0,OK,MONITORING,True,24.0,,,,,,,False,False,False,False,False,False,False,False,False,False,False,False,False,NORMAL
2026-10-07 17:35:50.043163+00:00,1791393502438.0,temperature,True,0.97,rear_center,24.0,OK,MONITORING,True,24.0,,,,,,,False,False,False,False,False,False,False,False,False,False,False,False,False,NORMAL
2026-10-07 17:35:50.044056+00:00,,guardian_state,True,0.97,rear_center,24.0,OK,MONITORING,True,24.0,,,,,,,False,False,False,False,False,False,False,False,False,False,False,False,False,NORMAL
2026-10-07 17:35:52.051924+00:00,1791393504447.0,temperature,True,0.97,rear_center,24.0,OK,MONITORING,True,24.0,,,,,,,False,False,False,False,False,False,False,False,False,False,False,False,False,NORMAL
2026-10-07 17:35:52.052989+00:00,,guardian_state,True,0.97,rear_center,24.0,OK,MONITORING,True,24.0,,,,,,,False,False,False,False,False,False,False,False,False,False,False,False,False,NORMAL
2026-10-07 17:35:54.059451+00:00,1791394554056.0,temperature,True,0.97,rear_center,24.0,OK,MONITORING,True,24.0,,,,,,,False,False,False,False,False,False,False,False,False,False,False,False,False,NORMAL
2026-10-07 17:35:54.059826+00:00,,guardian_state,True,0.97,rear_center,24.0,OK,MONITORING,True,24.0,,,,,,,False,False,False,False,False,False,False,False,False,False,False,False,False,NORMAL
2026-10-07 17:35:56.066156+00:00,1791394556063.0,temperature,True,0.97,rear_center,24.0,OK,MONITORING,True,24.0,,,,,,,False,False,False,False,False,False,False,False,False,False,False,False,False,NORMAL
2026-10-07 17:35:56.067071+00:00,,guardian_state,True,0.97,rear_center,24.0,OK,MONITORING,True,24.0,,,,,,,False,False,False,False,False,False,False,False,False,False,False,False,False,NORMAL
2026-10-07 17:35:58.071519+00:00,1791394558068.0,temperature,True,0.97,rear_center,24.0,OK,MONITORING,True,24.0,,,,,,,False,False,False,False,False,False,False,False,False,False,False,False,False,NORMAL
2026-10-07 17:35:58.072433+00:00,,guardian_state,True,0.97,rear_center,24.0,OK,MONITORING,True,24.0,,,,,,,False,False,False,False,False,False,False,False,False,False,False,False,False,NORMAL
2026-10-07 17:35:58.790689+00:00,1791394558788.0,child_presence,True,0.97,rear_center,24.0,OK,MONITORING,True,24.0,,,,,,,False,False,False,False,False,False,False,False,False,False,False,False,False,NORMAL
2026-10-07 17:35:58.791300+00:00,,guardian_state,True,0.97,rear_center,24.0,OK,MONITORING,True,24.0,,,,,,,False,False,False,False,False,False,False,False,False,False,False,False,False,NORMAL
2026-10-07 17:36:00.075069+00:00,1791394560072.0,temperature,True,0.97,rear_center,24.0,OK,MONITORING,True,24.0,,,,,,,False,False,False,False,False,False,False,False,False,False,False,False,False,NORMAL
2026-10-07 17:36:00.075909+00:00,,guardian_state,True,0.97,rear_center,24.0,OK,MONITORING,True,24.0,,,,,,,False,False,False,False,False,False,False,False,False,False,False,False,False,NORMAL
2026-10-07 17:36:02.075975+00:00,1791394562073.0,temperature,True,0.97,rear_center,24.0,OK,MONITORING,True,24.0,,,,,,,False,False,False,False,False,False,False,False,False,False,False,False,False,NORMAL
2026-10-07 17:36:02.076811+00:00,,guardian_state,True,0.97,rear_center,24.0,OK,MONITORING,True,24.0,,,,,,,False,False,False,False,False,False,False,False,False,False,False,False,False,NORMAL
2026-10-07 17:36:04.086521+00:00,1791394564084.0,temperature,True,0.97,rear_center,24.0,OK,MONITORING,True,24.0,,,,,,,False,False,False,False,False,False,False,False,False,False,False,False,False,NORMAL
2026-10-07 17:36:04.086909+00:00,,guardian_state,True,0.97,rear_center,24.0,OK,MONITORING,True,24.0,,,,,,,False,False,False,False,False,False,False,False,False,False,False,False,False,NORMAL
2026-10-07 17:36:06.096317+00:00,1791394566093.0,temperature,True,0.97,rear_center,24.0,OK,MONITORING,True,24.0,,,,,,,False,False,False,False,False,False,False,False,False,False,False,False,False,NORMAL
2026-10-07 17:36:06.097204+00:00,,guardian_state,True,0.97,rear_center,24.0,OK,MONITORING,True,24.0,,,,,,,False,False,False,False,False,False,False,False,False,False,False,False,False,NORMAL
2026-10-07 17:36:08.103262+00:00,1791394568100.0,temperature,True,0.97,rear_center,24.0,OK,MONITORING,True,24.0,,,,,,,False,False,False,False,False,False,False,False,False,False,False,False,False,NORMAL
2026-10-07 17:36:08.104078+00:00,,guardian_state,True,0.97,rear_center,24.0,OK,MONITORING,True,24.0,,,,,,,False,False,False,False,False,False,False,False,False,False,False,False,False,NORMAL
2026-10-07 17:36:10.106558+00:00,1791394570103.0,temperature,True,0.97,rear_center,24.0,OK,MONITORING,True,24.0,,,,,,,False,False,False,False,False,False,False,False,False,False,False,False,False,NORMAL
2026-10-07 17:36:10.107340+00:00,,guardian_state,True,0.97,rear_center,24.0,OK,MONITORING,True,24.0,,,,,,,False,False,False,False,False,False,False,False,False,False,False,False,False,NORMAL
2026-10-07 17:36:10.792111+00:00,1791394570789.0,child_presence,True,0.97,rear_center,24.0,OK,MONITORING,True,24.0,,,,,,,False,False,False,False,False,False,False,False,False,False,False,False,False,NORMAL
2026-10-07 17:36:10.792788+00:00,,guardian_state,True,0.97,rear_center,24.0,OK,MONITORING,True,24.0,,,,,,,False,False,False,False,False,False,False,False,False,False,False,False,False,NORMAL
2026-10-07 17:36:12.116783+00:00,1791394572114.0,temperature,True,0.97,rear_center,24.0,OK,MONITORING,True,24.0,,,,,,,False,False,False,False,False,False,False,False,False,False,False,False,False,NORMAL
2026-10-07 17:36:12.117630+00:00,,guardian_state,True,0.97,rear_center,24.0,OK,MONITORING,True,24.0,,,,,,,False,False,False,False,False,False,False,False,False,False,False,False,False,NORMAL
2026-10-07 17:36:14.123435+00:00,1791394574120.0,temperature,True,0.97,rear_center,24.0,OK,MONITORING,True,24.0,,,,,,,False,False,False,False,False,False,False,False,False,False,False,False,False,NORMAL
2026-10-07 17:36:14.124183+00:00,,guardian_state,True,0.97,rear_center,24.0,OK,MONITORING,True,24.0,,,,,,,False,False,False,False,False,False,False,False,False,False,False,False,False,NORMAL
2026-10-07 17:36:16.128366+00:00,1791394576125.0,temperature,True,0.97,rear_center,24.0,OK,MONITORING,True,24.0,,,,,,,False,False,False,False,False,False,False,False,False,False,False,False,False,NORMAL
2026-10-07 17:36:16.129116+00:00,,guardian_state,True,0.97,rear_center,24.0,OK,MONITORING,True,24.0,,,,,,,False,False,False,False,False,False,False,False,False,False,False,False,False,NORMAL
2026-10-07 17:36:18.139965+00:00,1791394578137.0,temperature,True,0.97,rear_center,24.0,OK,MONITORING,True,24.0,,,,,,,False,False,False,False,False,False,False,False,False,False,False,False,False,NORMAL
2026-10-07 17:36:18.140665+00:00,,guardian_state,True,0.97,rear_center,24.0,OK,MONITORING,True,24.0,,,,,,,False,False,False,False,False,False,False,False,False,False,False,False,False,NORMAL
2026-10-07 17:36:20.150404+00:00,1791394580147.0,temperature,True,0.97,rear_center,24.0,OK,MONITORING,True,24.0,,,,,,,False,False,False,False,False,False,False,False,False,False,False,False,False,NORMAL
2026-10-07 17:36:20.151259+00:00,,guardian_state,True,0.97,rear_center,24.0,OK,MONITORING,True,24.0,,,,,,,False,False,False,False,False,False,False,False,False,False,False,False,False,NORMAL
2026-10-07 17:36:22.159635+00:00,1791394582156.0,temperature,True,0.97,rear_center,24.0,OK,MONITORING,True,24.0,,,,,,,False,False,False,False,False,False,False,False,False,False,False,False,False,NORMAL
2026-10-07 17:36:22.160405+00:00,,guardian_state,True,0.97,rear_center,24.0,OK,MONITORING,True,24.0,,,,,,,False,False,False,False,False,False,False,False,False,False,False,False,False,NORMAL
2026-10-07 17:36:22.794475+00:00,1791394582792.0,child_presence,True,0.97,rear_center,24.0,OK,MONITORING,True,24.0,,,,,,,False,False,False,False,False,False,False,False,False,False,False,False,False,NORMAL
2026-10-07 17:36:22.795155+00:00,,guardian_state,True,0.97,rear_center,24.0,OK,MONITORING,True,24.0,,,,,,,False,False,False,False,False,False,False,False,False,False,False,False,False,NORMAL
2026-10-07 17:36:24.160803+00:00,1791394584157.0,temperature,True,0.97,rear_center,24.0,OK,MONITORING,True,24.0,,,,,,,False,False,False,False,False,False,False,False,False,False,False,False,False,NORMAL
2026-10-07 17:36:24.161621+00:00,,guardian_state,True,0.97,rear_center,24.0,OK,MONITORING,True,24.0,,,,,,,False,False,False,False,False,False,False,False,False,False,False,False,False,NORMAL
2026-10-07 17:38:49.394418+00:00,1791394586160.0,temperature,True,0.97,rear_center,24.0,OK,MONITORING,True,24.0,,,,,,,False,False,False,False,False,False,False,False,False,False,False,False,False,NORMAL
2026-10-07 17:38:49.394686+00:00,,guardian_state,True,0.97,rear_center,24.0,OK,MONITORING,True,24.0,,,,,,,False,False,False,False,False,False,False,False,False,False,False,False,False,NORMAL
2026-10-07 17:38:51.398156+00:00,1791394588163.0,temperature,True,0.97,rear_center,24.0,OK,MONITORING,True,24.0,,,,,,,False,False,False,False,False,False,False,False,False,False,False,False,False,NORMAL
2026-10-07 17:38:51.398700+00:00,,guardian_state,True,0.97,rear_center,24.0,OK,MONITORING,True,24.0,,,,,,,False,False,False,False,False,False,False,False,False,False,False,False,False,NORMAL
2026-10-07 17:38:53.399400+00:00,1791394590164.0,temperature,True,0.97,rear_center,24.0,OK,MONITORING,True,24.0,,,,,,,False,False,False,False,False,False,False,False,False,False,False,False,False,NORMAL
2026-10-07 17:38:53.400217+00:00,,guardian_state,True,0.97,rear_center,24.0,OK,MONITORING,True,24.0,,,,,,,False,False,False,False,False,False,False,False,False,False,False,False,False,NORMAL
2026-10-07 17:38:55.402725+00:00,1791394592168.0,temperature,True,0.97,rear_center,24.0,OK,MONITORING,True,24.0,,,,,,,False,False,False,False,False,False,False,False,False,False,False,False,False,NORMAL
2026-10-07 17:38:55.403640+00:00,,guardian_state,True,0.97,rear_center,24.0,OK,MONITORING,True,24.0,,,,,,,False,False,False,False,False,False,False,False,False,False,False,False,False,NORMAL
2026-10-07 17:38:57.404683+00:00,1791394594171.0,temperature,True,0.97,rear_center,24.0,OK,MONITORING,True,24.0,,,,,,,False,False,False,False,False,False,False,False,False,False,False,False,False,NORMAL
2026-10-07 17:38:57.405311+00:00,,guardian_state,True,0.97,rear_center,24.0,OK,MONITORING,True,24.0,,,,,,,False,False,False,False,False,False,False,False,False,False,False,False,False,NORMAL
2026-10-07 17:38:58.026660+00:00,1791394594793.0,child_presence,True,0.97,rear_center,24.0,OK,MONITORING,True,24.0,,,,,,,False,False,False,False,False,False,False,False,False,False,False,False,False,NORMAL
2026-10-07 17:38:58.027041+00:00,,guardian_state,True,0.97,rear_center,24.0,OK,MONITORING,True,24.0,,,,,,,False,False,False,False,False,False,False,False,False,False,False,False,False,NORMAL
2026-10-07 17:38:59.407437+00:00,1791394596174.0,temperature,True,0.97,rear_center,24.0,OK,MONITORING,True,24.0,,,,,,,False,False,False,False,False,False,False,False,False,False,False,False,False,NORMAL
2026-10-07 17:38:59.408147+00:00,,guardian_state,True,0.97,rear_center,24.0,OK,MONITORING,True,24.0,,,,,,,False,False,False,False,False,False,False,False,False,False,False,False,False,NORMAL
2026-10-07 17:39:01.411816+00:00,1791394598178.0,temperature,True,0.97,rear_center,24.0,OK,MONITORING,True,24.0,,,,,,,False,False,False,False,False,False,False,False,False,False,False,False,False,NORMAL
2026-10-07 17:39:01.412119+00:00,,guardian_state,True,0.97,rear_center,24.0,OK,MONITORING,True,24.0,,,,,,,False,False,False,False,False,False,False,False,False,False,False,False,False,NORMAL
2026-10-07 17:39:03.416978+00:00,1791394600182.0,temperature,True,0.97,rear_center,24.0,OK,MONITORING,True,24.0,,,,,,,False,False,False,False,False,False,False,False,False,False,False,False,False,NORMAL
2026-10-07 17:39:03.417718+00:00,,guardian_state,True,0.97,rear_center,24.0,OK,MONITORING,True,24.0,,,,,,,False,False,False,False,False,False,False,False,False,False,False,False,False,NORMAL
2026-10-07 17:39:05.423710+00:00,1791394602189.0,temperature,True,0.97,rear_center,24.0,OK,MONITORING,True,24.0,,,,,,,False,False,False,False,False,False,False,False,False,False,False,False,False,NORMAL
2026-10-07 17:39:05.428383+00:00,,guardian_state,True,0.97,rear_center,24.0,OK,MONITORING,True,24.0,,,,,,,False,False,False,False,False,False,False,False,False,False,False,False,False,NORMAL
2026-10-07 17:39:07.428580+00:00,1791394604194.0,temperature,True,0.97,rear_center,24.0,OK,MONITORING,True,24.0,,,,,,,False,False,False,False,False,False,False,False,False,False,False,False,False,NORMAL
2026-10-07 17:39:07.429010+00:00,,guardian_state,True,0.97,rear_center,24.0,OK,MONITORING,True,24.0,,,,,,,False,False,False,False,False,False,False,False,False,False,False,False,False,NORMAL
2026-10-07 17:39:09.430169+00:00,1791394606196.0,temperature,True,0.97,rear_center,24.0,OK,MONITORING,True,24.0,,,,,,,False,False,False,False,False,False,False,False,False,False,False,False,False,NORMAL
2026-10-07 17:39:09.430458+00:00,,guardian_state,True,0.97,rear_center,24.0,OK,MONITORING,True,24.0,,,,,,,False,False,False,False,False,False,False,False,False,False,False,False,False,NORMAL
2026-10-07 17:39:10.034284+00:00,1791394606799.0,child_presence,True,0.97,rear_center,24.0,OK,MONITORING,True,24.0,,,,,,,False,False,False,False,False,False,False,False,False,False,False,False,False,NORMAL
2026-10-07 17:39:10.034998+00:00,,guardian_state,True,0.97,rear_center,24.0,OK,MONITORING,True,24.0,,,,,,,False,False,False,False,False,False,False,False,False,False,False,False,False,NORMAL
2026-10-07 17:39:11.437773+00:00,1791394608203.0,temperature,True,0.97,rear_center,24.0,OK,MONITORING,True,24.0,,,,,,,False,False,False,False,False,False,False,False,False,False,False,False,False,NORMAL
2026-10-07 17:39:11.438658+00:00,,guardian_state,True,0.97,rear_center,24.0,OK,MONITORING,True,24.0,,,,,,,False,False,False,False,False,False,False,False,False,False,False,False,False,NORMAL
2026-10-07 17:39:13.439745+00:00,1791394610205.0,temperature,True,0.97,rear_center,24.0,OK,MONITORING,True,24.0,,,,,,,False,False,False,False,False,False,False,False,False,False,False,False,False,NORMAL
2026-10-07 17:39:13.440732+00:00,,guardian_state,True,0.97,rear_center,24.0,OK,MONITORING,True,24.0,,,,,,,False,False,False,False,False,False,False,False,False,False,False,False,False,NORMAL
2026-10-07 17:39:15.442915+00:00,1791394612207.0,temperature,True,0.97,rear_center,24.0,OK,MONITORING,True,24.0,,,,,,,False,False,False,False,False,False,False,False,False,False,False,False,False,NORMAL
2026-10-07 17:39:15.443529+00:00,,guardian_state,True,0.97,rear_center,24.0,OK,MONITORING,True,24.0,,,,,,,False,False,False,False,False,False,False,False,False,False,False,False,False,NORMAL
2026-10-07 17:39:17.447016+00:00,1791394757443.0,temperature,True,0.97,rear_center,24.0,OK,MONITORING,True,24.0,,,,,,,False,False,False,False,False,False,False,False,False,False,False,False,False,NORMAL
2026-10-07 17:39:17.448236+00:00,,guardian_state,True,0.97,rear_center,24.0,OK,MONITORING,True,24.0,,,,,,,False,False,False,False,False,False,False,False,False,False,False,False,False,NORMAL
2026-10-07 17:39:19.448977+00:00,1791394759446.0,temperature,True,0.97,rear_center,24.0,OK,MONITORING,True,24.0,,,,,,,False,False,False,False,False,False,False,False,False,False,False,False,False,NORMAL
2026-10-07 17:39:19.449358+00:00,,guardian_state,True,0.97,rear_center,24.0,OK,MONITORING,True,24.0,,,,,,,False,False,False,False,False,False,False,False,False,False,False,False,False,NORMAL
2026-10-07 17:39:21.458202+00:00,1791394761454.0,temperature,True,0.97,rear_center,24.0,OK,MONITORING,True,24.0,,,,,,,False,False,False,False,False,False,False,False,False,False,False,False,False,NORMAL
2026-10-07 17:39:21.459302+00:00,,guardian_state,True,0.97,rear_center,24.0,OK,MONITORING,True,24.0,,,,,,,False,False,False,False,False,False,False,False,False,False,False,False,False,NORMAL
2026-10-07 17:39:22.036478+00:00,1791394762033.0,child_presence,True,0.97,rear_center,24.0,OK,MONITORING,True,24.0,,,,,,,False,False,False,False,False,False,False,False,False,False,False,False,False,NORMAL
2026-10-07 17:39:22.037125+00:00,,guardian_state,True,0.97,rear_center,24.0,OK,MONITORING,True,24.0,,,,,,,False,False,False,False,False,False,False,False,False,False,False,False,False,NORMAL
2026-10-07 17:39:23.463902+00:00,1791394763460.0,temperature,True,0.97,rear_center,24.0,OK,MONITORING,True,24.0,,,,,,,False,False,False,False,False,False,False,False,False,False,False,False,False,NORMAL
2026-10-07 17:39:23.464737+00:00,,guardian_state,True,0.97,rear_center,24.0,OK,MONITORING,True,24.0,,,,,,,False,False,False,False,False,False,False,False,False,False,False,False,False,NORMAL
2026-10-07 17:39:25.467064+00:00,1791394765463.0,temperature,True,0.97,rear_center,24.0,OK,MONITORING,True,24.0,,,,,,,False,False,False,False,False,False,False,False,False,False,False,False,False,NORMAL
2026-10-07 17:39:25.468036+00:00,,guardian_state,True,0.97,rear_center,24.0,OK,MONITORING,True,24.0,,,,,,,False,False,False,False,False,False,False,False,False,False,False,False,False,NORMAL
2026-10-07 17:39:27.474170+00:00,1791394767471.0,temperature,True,0.97,rear_center,24.0,OK,MONITORING,True,24.0,,,,,,,False,False,False,False,False,False,False,False,False,False,False,False,False,NORMAL
2026-10-07 17:39:27.474973+00:00,,guardian_state,True,0.97,rear_center,24.0,OK,MONITORING,True,24.0,,,,,,,False,False,False,False,False,False,False,False,False,False,False,False,False,NORMAL
2026-10-07 17:39:29.475506+00:00,1791394769472.0,temperature,True,0.97,rear_center,24.0,OK,MONITORING,True,24.0,,,,,,,False,False,False,False,False,False,False,False,False,False,False,False,False,NORMAL
2026-10-07 17:39:29.475732+00:00,,guardian_state,True,0.97,rear_center,24.0,OK,MONITORING,True,24.0,,,,,,,False,False,False,False,False,False,False,False,False,False,False,False,False,NORMAL
2026-10-07 17:39:31.479612+00:00,1791394771476.0,temperature,True,0.97,rear_center,24.0,OK,MONITORING,True,24.0,,,,,,,False,False,False,False,False,False,False,False,False,False,False,False,False,NORMAL
2026-10-07 17:39:31.480321+00:00,,guardian_state,True,0.97,rear_center,24.0,OK,MONITORING,True,24.0,,,,,,,False,False,False,False,False,False,False,False,False,False,False,False,False,NORMAL
2026-10-07 17:39:33.482705+00:00,1791394773479.0,temperature,True,0.97,rear_center,24.0,OK,MONITORING,True,24.0,,,,,,,False,False,False,False,False,False,False,False,False,False,False,False,False,NORMAL
2026-10-07 17:39:33.483500+00:00,,guardian_state,True,0.97,rear_center,24.0,OK,MONITORING,True,24.0,,,,,,,False,False,False,False,False,False,False,False,False,False,False,False,False,NORMAL
2026-10-07 17:39:34.038871+00:00,1791394774035.0,child_presence,True,0.97,rear_center,24.0,OK,MONITORING,True,24.0,,,,,,,False,False,False,False,False,False,False,False,False,False,False,False,False,NORMAL
2026-10-07 17:39:34.039634+00:00,,guardian_state,True,0.97,rear_center,24.0,OK,MONITORING,True,24.0,,,,,,,False,False,False,False,False,False,False,False,False,False,False,False,False,NORMAL
2026-10-07 17:39:35.487131+00:00,1791394775483.0,temperature,True,0.97,rear_center,24.0,OK,MONITORING,True,24.0,,,,,,,False,False,False,False,False,False,False,False,False,False,False,False,False,NORMAL
2026-10-07 17:39:35.488120+00:00,,guardian_state,True,0.97,rear_center,24.0,OK,MONITORING,True,24.0,,,,,,,False,False,False,False,False,False,False,False,False,False,False,False,False,NORMAL
2026-10-07 17:39:37.490635+00:00,1791394777487.0,temperature,True,0.97,rear_center,24.0,OK,MONITORING,True,24.0,,,,,,,False,False,False,False,False,False,False,False,False,False,False,False,False,NORMAL
2026-10-07 17:39:37.491459+00:00,,guardian_state,True,0.97,rear_center,24.0,OK,MONITORING,True,24.0,,,,,,,False,False,False,False,False,False,False,False,False,False,False,False,False,NORMAL
2026-10-07 17:39:39.491138+00:00,1791394779488.0,temperature,True,0.97,rear_center,24.0,OK,MONITORING,True,24.0,,,,,,,False,False,False,False,False,False,False,False,False,False,False,False,False,NORMAL
2026-10-07 17:39:39.491404+00:00,,guardian_state,True,0.97,rear_center,24.0,OK,MONITORING,True,24.0,,,,,,,False,False,False,False,False,False,False,False,False,False,False,False,False,NORMAL
2026-10-07 17:39:41.494606+00:00,1791394781491.0,temperature,True,0.97,rear_center,24.0,OK,MONITORING,True,24.0,,,,,,,False,False,False,False,False,False,False,False,False,False,False,False,False,NORMAL
2026-10-07 17:39:41.495378+00:00,,guardian_state,True,0.97,rear_center,24.0,OK,MONITORING,True,24.0,,,,,,,False,False,False,False,False,False,False,False,False,False,False,False,False,NORMAL
2026-10-07 17:39:43.496042+00:00,1791394783493.0,temperature,True,0.97,rear_center,24.0,OK,MONITORING,True,24.0,,,,,,,False,False,False,False,False,False,False,False,False,False,False,False,False,NORMAL
2026-10-07 17:39:43.496953+00:00,,guardian_state,True,0.97,rear_center,24.0,OK,MONITORING,True,24.0,,,,,,,False,False,False,False,False,False,False,False,False,False,False,False,False,NORMAL
2026-10-07 17:39:45.500133+00:00,1791394785496.0,temperature,True,0.97,rear_center,24.0,OK,MONITORING,True,24.0,,,,,,,False,False,False,False,False,False,False,False,False,False,False,False,False,NORMAL
2026-10-07 17:39:45.500966+00:00,,guardian_state,True,0.97,rear_center,24.0,OK,MONITORING,True,24.0,,,,,,,False,False,False,False,False,False,False,False,False,False,False,False,False,NORMAL
2026-10-07 17:39:46.045590+00:00,1791394786042.0,child_presence,True,0.97,rear_center,24.0,OK,MONITORING,True,24.0,,,,,,,False,False,False,False,False,False,False,False,False,False,False,False,False,NORMAL
2026-10-07 17:39:46.046497+00:00,,guardian_state,True,0.97,rear_center,24.0,OK,MONITORING,True,24.0,,,,,,,False,False,False,False,False,False,False,False,False,False,False,False,False,NORMAL
2026-10-07 17:39:47.506146+00:00,1791394787503.0,temperature,True,0.97,rear_center,24.0,OK,MONITORING,True,24.0,,,,,,,False,False,False,False,False,False,False,False,False,False,False,False,False,NORMAL
2026-10-07 17:39:47.507077+00:00,,guardian_state,True,0.97,rear_center,24.0,OK,MONITORING,True,24.0,,,,,,,False,False,False,False,False,False,False,False,False,False,False,False,False,NORMAL
2026-10-07 17:39:49.507094+00:00,1791394789505.0,temperature,True,0.97,rear_center,24.0,OK,MONITORING,True,24.0,,,,,,,False,False,False,False,False,False,False,False,False,False,False,False,False,NORMAL
2026-10-07 17:39:49.507325+00:00,,guardian_state,True,0.97,rear_center,24.0,OK,MONITORING,True,24.0,,,,,,,False,False,False,False,False,False,False,False,False,False,False,False,False,NORMAL
2026-10-07 17:39:51.509817+00:00,1791394791507.0,temperature,True,0.97,rear_center,24.0,OK,MONITORING,True,24.0,,,,,,,False,False,False,False,False,False,False,False,False,False,False,False,False,NORMAL
2026-10-07 17:39:51.510347+00:00,,guardian_state,True,0.97,rear_center,24.0,OK,MONITORING,True,24.0,,,,,,,False,False,False,False,False,False,False,False,False,False,False,False,False,NORMAL
2026-10-07 17:39:53.514891+00:00,1791394793511.0,temperature,True,0.97,rear_center,24.0,OK,MONITORING,True,24.0,,,,,,,False,False,False,False,False,False,False,False,False,False,False,False,False,NORMAL
2026-10-07 17:39:53.515727+00:00,,guardian_state,True,0.97,rear_center,24.0,OK,MONITORING,True,24.0,,,,,,,False,False,False,False,False,False,False,False,False,False,False,False,False,NORMAL
2026-10-07 17:39:55.516253+00:00,1791394795513.0,temperature,True,0.97,rear_center,24.0,OK,MONITORING,True,24.0,,,,,,,False,False,False,False,False,False,False,False,False,False,False,False,False,NORMAL
2026-10-07 17:39:55.517163+00:00,,guardian_state,True,0.97,rear_center,24.0,OK,MONITORING,True,24.0,,,,,,,False,False,False,False,False,False,False,False,False,False,False,False,False,NORMAL
2026-10-07 17:39:57.519193+00:00,1791394797516.0,temperature,True,0.97,rear_center,24.0,OK,MONITORING,True,24.0,,,,,,,False,False,False,False,False,False,False,False,False,False,False,False,False,NORMAL
2026-10-07 17:39:57.519953+00:00,,guardian_state,True,0.97,rear_center,24.0,OK,MONITORING,True,24.0,,,,,,,False,False,False,False,False,False,False,False,False,False,False,False,False,NORMAL
2026-10-07 17:39:58.046548+00:00,1791394798044.0,child_presence,True,0.97,rear_center,24.0,OK,MONITORING,True,24.0,,,,,,,False,False,False,False,False,False,False,False,False,False,False,False,False,NORMAL
2026-10-07 17:39:58.047274+00:00,,guardian_state,True,0.97,rear_center,24.0,OK,MONITORING,True,24.0,,,,,,,False,False,False,False,False,False,False,False,False,False,False,False,False,NORMAL
2026-10-07 17:39:59.521765+00:00,1791394799519.0,temperature,True,0.97,rear_center,24.0,OK,MONITORING,True,24.0,,,,,,,False,False,False,False,False,False,False,False,False,False,False,False,False,NORMAL
2026-10-07 17:39:59.522028+00:00,,guardian_state,True,0.97,rear_center,24.0,OK,MONITORING,True,24.0,,,,,,,False,False,False,False,False,False,False,False,False,False,False,False,False,NORMAL
2026-10-07 17:40:01.523995+00:00,1791394801521.0,temperature,True,0.97,rear_center,24.0,OK,MONITORING,True,24.0,,,,,,,False,False,False,False,False,False,False,False,False,False,False,False,False,NORMAL
2026-10-07 17:40:01.524332+00:00,,guardian_state,True,0.97,rear_center,24.0,OK,MONITORING,True,24.0,,,,,,,False,False,False,False,False,False,False,False,False,False,False,False,False,NORMAL
2026-10-07 17:40:03.529502+00:00,1791394803526.0,temperature,True,0.97,rear_center,24.0,OK,MONITORING,True,24.0,,,,,,,False,False,False,False,False,False,False,False,False,False,False,False,False,NORMAL
2026-10-07 17:40:03.530352+00:00,,guardian_state,True,0.97,rear_center,24.0,OK,MONITORING,True,24.0,,,,,,,False,False,False,False,False,False,False,False,False,False,False,False,False,NORMAL
2026-10-07 17:40:05.534343+00:00,1791394805531.0,temperature,True,0.97,rear_center,24.0,OK,MONITORING,True,24.0,,,,,,,False,False,False,False,False,False,False,False,False,False,False,False,False,NORMAL
2026-10-07 17:40:05.535160+00:00,,guardian_state,True,0.97,rear_center,24.0,OK,MONITORING,True,24.0,,,,,,,False,False,False,False,False,False,False,False,False,False,False,False,False,NORMAL
2026-10-07 17:40:07.536365+00:00,1791394807533.0,temperature,True,0.97,rear_center,24.0,OK,MONITORING,True,24.0,,,,,,,False,False,False,False,False,False,False,False,False,False,False,False,False,NORMAL
2026-10-07 17:40:07.537161+00:00,,guardian_state,True,0.97,rear_center,24.0,OK,MONITORING,True,24.0,,,,,,,False,False,False,False,False,False,False,False,False,False,False,False,False,NORMAL
2026-10-07 17:40:09.540739+00:00,1791394809537.0,temperature,True,0.97,rear_center,24.0,OK,MONITORING,True,24.0,,,,,,,False,False,False,False,False,False,False,False,False,False,False,False,False,NORMAL
2026-10-07 17:40:09.541021+00:00,,guardian_state,True,0.97,rear_center,24.0,OK,MONITORING,True,24.0,,,,,,,False,False,False,False,False,False,False,False,False,False,False,False,False,NORMAL
2026-10-07 17:40:10.052636+00:00,1791394810049.0,child_presence,True,0.97,rear_center,24.0,OK,MONITORING,True,24.0,,,,,,,False,False,False,False,False,False,False,False,False,False,False,False,False,NORMAL
2026-10-07 17:40:10.053572+00:00,,guardian_state,True,0.97,rear_center,24.0,OK,MONITORING,True,24.0,,,,,,,False,False,False,False,False,False,False,False,False,False,False,False,False,NORMAL
2026-10-07 17:40:11.541638+00:00,1791394811539.0,temperature,True,0.97,rear_center,24.0,OK,MONITORING,True,24.0,,,,,,,False,False,False,False,False,False,False,False,False,False,False,False,False,NORMAL
2026-10-07 17:40:11.541863+00:00,,guardian_state,True,0.97,rear_center,24.0,OK,MONITORING,True,24.0,,,,,,,False,False,False,False,False,False,False,False,False,False,False,False,False,NORMAL
2026-10-07 17:40:13.546060+00:00,1791394813543.0,temperature,True,0.97,rear_center,24.0,OK,MONITORING,True,24.0,,,,,,,False,False,False,False,False,False,False,False,False,False,False,False,False,NORMAL
2026-10-07 17:40:13.546847+00:00,,guardian_state,True,0.97,rear_center,24.0,OK,MONITORING,True,24.0,,,,,,,False,False,False,False,False,False,False,False,False,False,False,False,False,NORMAL
2026-10-07 17:40:15.549114+00:00,1791394815546.0,temperature,True,0.97,rear_center,24.0,OK,MONITORING,True,24.0,,,,,,,False,False,False,False,False,False,False,False,False,False,False,False,False,NORMAL
2026-10-07 17:40:15.550142+00:00,,guardian_state,True,0.97,rear_center,24.0,OK,MONITORING,True,24.0,,,,,,,False,False,False,False,False,False,False,False,False,False,False,False,False,NORMAL
2026-10-07 17:40:17.555731+00:00,1791394817552.0,temperature,True,0.97,rear_center,24.0,OK,MONITORING,True,24.0,,,,,,,False,False,False,False,False,False,False,False,False,False,False,False,False,NORMAL
2026-10-07 17:40:17.556509+00:00,,guardian_state,True,0.97,rear_center,24.0,OK,MONITORING,True,24.0,,,,,,,False,False,False,False,False,False,False,False,False,False,False,False,False,NORMAL
2026-10-07 17:40:19.561029+00:00,1791394819558.0,temperature,True,0.97,rear_center,24.0,OK,MONITORING,True,24.0,,,,,,,False,False,False,False,False,False,False,False,False,False,False,False,False,NORMAL
2026-10-07 17:40:19.561328+00:00,,guardian_state,True,0.97,rear_center,24.0,OK,MONITORING,True,24.0,,,,,,,False,False,False,False,False,False,False,False,False,False,False,False,False,NORMAL
2026-10-07 17:40:21.566669+00:00,1791394821563.0,temperature,True,0.97,rear_center,24.0,OK,MONITORING,True,24.0,,,,,,,False,False,False,False,False,False,False,False,False,False,False,False,False,NORMAL
2026-10-07 17:40:21.567684+00:00,,guardian_state,True,0.97,rear_center,24.0,OK,MONITORING,True,24.0,,,,,,,False,False,False,False,False,False,False,False,False,False,False,False,False,NORMAL
2026-10-07 17:40:22.055614+00:00,1791394822052.0,child_presence,True,0.97,rear_center,24.0,OK,MONITORING,True,24.0,,,,,,,False,False,False,False,False,False,False,False,False,False,False,False,False,NORMAL
2026-10-07 17:40:22.056433+00:00,,guardian_state,True,0.97,rear_center,24.0,OK,MONITORING,True,24.0,,,,,,,False,False,False,False,False,False,False,False,False,False,False,False,False,NORMAL
2026-10-07 17:40:23.571996+00:00,1791394823568.0,temperature,True,0.97,rear_center,24.0,OK,MONITORING,True,24.0,,,,,,,False,False,False,False,False,False,False,False,False,False,False,False,False,NORMAL
2026-10-07 17:40:23.572728+00:00,,guardian_state,True,0.97,rear_center,24.0,OK,MONITORING,True,24.0,,,,,,,False,False,False,False,False,False,False,False,False,False,False,False,False,NORMAL
2026-10-07 17:40:25.577025+00:00,1791394825573.0,temperature,True,0.97,rear_center,24.0,OK,MONITORING,True,24.0,,,,,,,False,False,False,False,False,False,False,False,False,False,False,False,False,NORMAL
2026-10-07 17:40:25.577785+00:00,,guardian_state,True,0.97,rear_center,24.0,OK,MONITORING,True,24.0,,,,,,,False,False,False,False,False,False,False,False,False,False,False,False,False,NORMAL
2026-10-07 17:40:27.580808+00:00,1791394827577.0,temperature,True,0.97,rear_center,24.0,OK,MONITORING,True,24.0,,,,,,,False,False,False,False,False,False,False,False,False,False,False,False,False,NORMAL
2026-10-07 17:40:27.581560+00:00,,guardian_state,True,0.97,rear_center,24.0,OK,MONITORING,True,24.0,,,,,,,False,False,False,False,False,False,False,False,False,False,False,False,False,NORMAL
2026-10-07 17:40:29.583657+00:00,1791394829581.0,temperature,True,0.97,rear_center,24.0,OK,MONITORING,True,24.0,,,,,,,False,False,False,False,False,False,False,False,False,False,False,False,False,NORMAL
2026-10-07 17:40:29.584156+00:00,,guardian_state,True,0.97,rear_center,24.0,OK,MONITORING,True,24.0,,,,,,,False,False,False,False,False,False,False,False,False,False,False,False,False,NORMAL
2026-10-07 17:40:31.586870+00:00,1791394831584.0,temperature,True,0.97,rear_center,24.0,OK,MONITORING,True,24.0,,,,,,,False,False,False,False,False,False,False,False,False,False,False,False,False,NORMAL
2026-10-07 17:40:31.587819+00:00,,guardian_state,True,0.97,rear_center,24.0,OK,MONITORING,True,24.0,,,,,,,False,False,False,False,False,False,False,False,False,False,False,False,False,NORMAL
2026-10-07 17:40:33.589340+00:00,1791394833586.0,temperature,True,0.97,rear_center,24.0,OK,MONITORING,True,24.0,,,,,,,False,False,False,False,False,False,False,False,False,False,False,False,False,NORMAL
2026-10-07 17:40:33.590093+00:00,,guardian_state,True,0.97,rear_center,24.0,OK,MONITORING,True,24.0,,,,,,,False,False,False,False,False,False,False,False,False,False,False,False,False,NORMAL
2026-10-07 17:40:34.057639+00:00,1791394834054.0,child_presence,True,0.97,rear_center,24.0,OK,MONITORING,True,24.0,,,,,,,False,False,False,False,False,False,False,False,False,False,False,False,False,NORMAL
2026-10-07 17:40:34.058610+00:00,,guardian_state,True,0.97,rear_center,24.0,OK,MONITORING,True,24.0,,,,,,,False,False,False,False,False,False,False,False,False,False,False,False,False,NORMAL
2026-10-07 17:40:35.592782+00:00,1791394835590.0,temperature,True,0.97,rear_center,24.0,OK,MONITORING,True,24.0,,,,,,,False,False,False,False,False,False,False,False,False,False,False,False,False,NORMAL
2026-10-07 17:40:35.593900+00:00,,guardian_state,True,0.97,rear_center,24.0,OK,MONITORING,True,24.0,,,,,,,False,False,False,False,False,False,False,False,False,False,False,False,False,NORMAL
2026-10-07 17:40:37.599117+00:00,1791394837596.0,temperature,True,0.97,rear_center,24.0,OK,MONITORING,True,24.0,,,,,,,False,False,False,False,False,False,False,False,False,False,False,False,False,NORMAL
2026-10-07 17:40:37.600166+00:00,,guardian_state,True,0.97,rear_center,24.0,OK,MONITORING,True,24.0,,,,,,,False,False,False,False,False,False,False,False,False,False,False,False,False,NORMAL
2026-10-07 17:40:39.601474+00:00,1791394839599.0,temperature,True,0.97,rear_center,24.0,OK,MONITORING,True,24.0,,,,,,,False,False,False,False,False,False,False,False,False,False,False,False,False,NORMAL
2026-10-07 17:40:39.601791+00:00,,guardian_state,True,0.97,rear_center,24.0,OK,MONITORING,True,24.0,,,,,,,False,False,False,False,False,False,False,False,False,False,False,False,False,NORMAL
2026-10-07 17:40:41.609292+00:00,1791394841606.0,temperature,True,0.97,rear_center,24.0,OK,MONITORING,True,24.0,,,,,,,False,False,False,False,False,False,False,False,False,False,False,False,False,NORMAL
2026-10-07 17:40:41.610094+00:00,,guardian_state,True,0.97,rear_center,24.0,OK,MONITORING,True,24.0,,,,,,,False,False,False,False,False,False,False,False,False,False,False,False,False,NORMAL
2026-10-07 17:40:43.611582+00:00,1791394843608.0,temperature,True,0.97,rear_center,24.0,OK,MONITORING,True,24.0,,,,,,,False,False,False,False,False,False,False,False,False,False,False,False,False,NORMAL
2026-10-07 17:40:43.612530+00:00,,guardian_state,True,0.97,rear_center,24.0,OK,MONITORING,True,24.0,,,,,,,False,False,False,False,False,False,False,False,False,False,False,False,False,NORMAL
2026-10-07 17:40:45.616104+00:00,1791394845613.0,temperature,True,0.97,rear_center,24.0,OK,MONITORING,True,24.0,,,,,,,False,False,False,False,False,False,False,False,False,False,False,False,False,NORMAL
2026-10-07 17:40:45.616817+00:00,,guardian_state,True,0.97,rear_center,24.0,OK,MONITORING,True,24.0,,,,,,,False,False,False,False,False,False,False,False,False,False,False,False,False,NORMAL
2026-10-07 17:40:46.062358+00:00,1791394846059.0,child_presence,True,0.97,rear_center,24.0,OK,MONITORING,True,24.0,,,,,,,False,False,False,False,False,False,False,False,False,False,False,False,False,NORMAL
2026-10-07 17:40:46.063608+00:00,,guardian_state,True,0.97,rear_center,24.0,OK,MONITORING,True,24.0,,,,,,,False,False,False,False,False,False,False,False,False,False,False,False,False,NORMAL
2026-10-07 17:40:47.621054+00:00,1791394847618.0,temperature,True,0.97,rear_center,24.0,OK,MONITORING,True,24.0,,,,,,,False,False,False,False,False,False,False,False,False,False,False,False,False,NORMAL
2026-10-07 17:40:47.621852+00:00,,guardian_state,True,0.97,rear_center,24.0,OK,MONITORING,True,24.0,,,,,,,False,False,False,False,False,False,False,False,False,False,False,False,False,NORMAL
2026-10-07 17:40:49.623505+00:00,1791394849620.0,temperature,True,0.97,rear_center,24.0,OK,MONITORING,True,24.0,,,,,,,False,False,False,False,False,False,False,False,False,False,False,False,False,NORMAL
2026-10-07 17:40:49.623903+00:00,,guardian_state,True,0.97,rear_center,24.0,OK,MONITORING,True,24.0,,,,,,,False,False,False,False,False,False,False,False,False,False,False,False,False,NORMAL
2026-10-07 17:40:51.630044+00:00,1791394851627.0,temperature,True,0.97,rear_center,24.0,OK,MONITORING,True,24.0,,,,,,,False,False,False,False,False,False,False,False,False,False,False,False,False,NORMAL
2026-10-07 17:40:51.630947+00:00,,guardian_state,True,0.97,rear_center,24.0,OK,MONITORING,True,24.0,,,,,,,False,False,False,False,False,False,False,False,False,False,False,False,False,NORMAL
2026-10-07 17:40:53.632636+00:00,1791394853629.0,temperature,True,0.97,rear_center,24.0,OK,MONITORING,True,24.0,,,,,,,False,False,False,False,False,False,False,False,False,False,False,False,False,NORMAL
2026-10-07 17:40:53.633352+00:00,,guardian_state,True,0.97,rear_center,24.0,OK,MONITORING,True,24.0,,,,,,,False,False,False,False,False,False,False,False,False,False,False,False,False,NORMAL
2026-10-07 17:40:55.635444+00:00,1791394855632.0,temperature,True,0.97,rear_center,24.0,OK,MONITORING,True,24.0,,,,,,,False,False,False,False,False,False,False,False,False,False,False,False,False,NORMAL
2026-10-07 17:40:55.636137+00:00,,guardian_state,True,0.97,rear_center,24.0,OK,MONITORING,True,24.0,,,,,,,False,False,False,False,False,False,False,False,False,False,False,False,False,NORMAL
2026-10-07 17:40:57.637882+00:00,1791394857634.0,temperature,True,0.97,rear_center,24.0,OK,MONITORING,True,24.0,,,,,,,False,False,False,False,False,False,False,False,False,False,False,False,False,NORMAL
2026-10-07 17:40:57.638740+00:00,,guardian_state,True,0.97,rear_center,24.0,OK,MONITORING,True,24.0,,,,,,,False,False,False,False,False,False,False,False,False,False,False,False,False,NORMAL
2026-10-07 17:40:58.065746+00:00,1791394858062.0,child_presence,True,0.97,rear_center,24.0,OK,MONITORING,True,24.0,,,,,,,False,False,False,False,False,False,False,False,False,False,False,False,False,NORMAL
2026-10-07 17:40:58.066501+00:00,,guardian_state,True,0.97,rear_center,24.0,OK,MONITORING,True,24.0,,,,,,,False,False,False,False,False,False,False,False,False,False,False,False,False,NORMAL
2026-10-07 17:40:59.641593+00:00,1791394859638.0,temperature,True,0.97,rear_center,24.0,OK,MONITORING,True,24.0,,,,,,,False,False,False,False,False,False,False,False,False,False,False,False,False,NORMAL
2026-10-07 17:40:59.642160+00:00,,guardian_state,True,0.97,rear_center,24.0,OK,MONITORING,True,24.0,,,,,,,False,False,False,False,False,False,False,False,False,False,False,False,False,NORMAL
2026-10-07 17:41:01.648641+00:00,1791394861645.0,temperature,True,0.97,rear_center,24.0,OK,MONITORING,True,24.0,,,,,,,False,False,False,False,False,False,False,False,False,False,False,False,False,NORMAL
2026-10-07 17:41:01.649628+00:00,,guardian_state,True,0.97,rear_center,24.0,OK,MONITORING,True,24.0,,,,,,,False,False,False,False,False,False,False,False,False,False,False,False,False,NORMAL
2026-10-07 17:41:03.653772+00:00,1791394863650.0,temperature,True,0.97,rear_center,24.0,OK,MONITORING,True,24.0,,,,,,,False,False,False,False,False,False,False,False,False,False,False,False,False,NORMAL
2026-10-07 17:41:03.654778+00:00,,guardian_state,True,0.97,rear_center,24.0,OK,MONITORING,True,24.0,,,,,,,False,False,False,False,False,False,False,False,False,False,False,False,False,NORMAL
2026-10-07 17:41:05.656317+00:00,1791394865653.0,temperature,True,0.97,rear_center,24.0,OK,MONITORING,True,24.0,,,,,,,False,False,False,False,False,False,False,False,False,False,False,False,False,NORMAL
2026-10-07 17:41:05.657093+00:00,,guardian_state,True,0.97,rear_center,24.0,OK,MONITORING,True,24.0,,,,,,,False,False,False,False,False,False,False,False,False,False,False,False,False,NORMAL
2026-10-07 17:41:07.661820+00:00,1791394867659.0,temperature,True,0.97,rear_center,24.0,OK,MONITORING,True,24.0,,,,,,,False,False,False,False,False,False,False,False,False,False,False,False,False,NORMAL
2026-10-07 17:41:07.662597+00:00,,guardian_state,True,0.97,rear_center,24.0,OK,MONITORING,True,24.0,,,,,,,False,False,False,False,False,False,False,False,False,False,False,False,False,NORMAL
2026-10-07 17:41:09.667202+00:00,1791394869664.0,temperature,True,0.97,rear_center,24.0,OK,MONITORING,True,24.0,,,,,,,False,False,False,False,False,False,False,False,False,False,False,False,False,NORMAL
2026-10-07 17:41:09.667746+00:00,,guardian_state,True,0.97,rear_center,24.0,OK,MONITORING,True,24.0,,,,,,,False,False,False,False,False,False,False,False,False,False,False,False,False,NORMAL
2026-10-07 17:41:10.070162+00:00,1791394870067.0,child_presence,True,0.97,rear_center,24.0,OK,MONITORING,True,24.0,,,,,,,False,False,False,False,False,False,False,False,False,False,False,False,False,NORMAL
2026-10-07 17:41:10.070878+00:00,,guardian_state,True,0.97,rear_center,24.0,OK,MONITORING,True,24.0,,,,,,,False,False,False,False,False,False,False,False,False,False,False,False,False,NORMAL
2026-10-07 17:41:11.670165+00:00,1791394871667.0,temperature,True,0.97,rear_center,24.0,OK,MONITORING,True,24.0,,,,,,,False,False,False,False,False,False,False,False,False,False,False,False,False,NORMAL
2026-10-07 17:41:11.670921+00:00,,guardian_state,True,0.97,rear_center,24.0,OK,MONITORING,True,24.0,,,,,,,False,False,False,False,False,False,False,False,False,False,False,False,False,NORMAL
2026-10-07 17:41:13.674232+00:00,1791394873671.0,temperature,True,0.97,rear_center,24.0,OK,MONITORING,True,24.0,,,,,,,False,False,False,False,False,False,False,False,False,False,False,False,False,NORMAL
2026-10-07 17:41:13.675192+00:00,,guardian_state,True,0.97,rear_center,24.0,OK,MONITORING,True,24.0,,,,,,,False,False,False,False,False,False,False,False,False,False,False,False,False,NORMAL
2026-10-07 17:41:15.678137+00:00,1791394875675.0,temperature,True,0.97,rear_center,24.0,OK,MONITORING,True,24.0,,,,,,,False,False,False,False,False,False,False,False,False,False,False,False,False,NORMAL
2026-10-07 17:41:15.679005+00:00,,guardian_state,True,0.97,rear_center,24.0,OK,MONITORING,True,24.0,,,,,,,False,False,False,False,False,False,False,False,False,False,False,False,False,NORMAL
2026-10-07 17:41:17.680110+00:00,1791394877676.0,temperature,True,0.97,rear_center,24.0,OK,MONITORING,True,24.0,,,,,,,False,False,False,False,False,False,False,False,False,False,False,False,False,NORMAL
2026-10-07 17:41:17.680907+00:00,,guardian_state,True,0.97,rear_center,24.0,OK,MONITORING,True,24.0,,,,,,,False,False,False,False,False,False,False,False,False,False,False,False,False,NORMAL
2026-10-07 17:41:19.686566+00:00,1791394879683.0,temperature,True,0.97,rear_center,24.0,OK,MONITORING,True,24.0,,,,,,,False,False,False,False,False,False,False,False,False,False,False,False,False,NORMAL
2026-10-07 17:41:19.687390+00:00,,guardian_state,True,0.97,rear_center,24.0,OK,MONITORING,True,24.0,,,,,,,False,False,False,False,False,False,False,False,False,False,False,False,False,NORMAL
2026-10-07 17:41:21.688274+00:00,1791394881685.0,temperature,True,0.97,rear_center,24.0,OK,MONITORING,True,24.0,,,,,,,False,False,False,False,False,False,False,False,False,False,False,False,False,NORMAL
2026-10-07 17:41:21.688893+00:00,,guardian_state,True,0.97,rear_center,24.0,OK,MONITORING,True,24.0,,,,,,,False,False,False,False,False,False,False,False,False,False,False,False,False,NORMAL
2026-10-07 17:41:22.070826+00:00,1791394882068.0,child_presence,True,0.97,rear_center,24.0,OK,MONITORING,True,24.0,,,,,,,False,False,False,False,False,False,False,False,False,False,False,False,False,NORMAL
2026-10-07 17:41:22.071175+00:00,,guardian_state,True,0.97,rear_center,24.0,OK,MONITORING,True,24.0,,,,,,,False,False,False,False,False,False,False,False,False,False,False,False,False,NORMAL
2026-10-07 17:41:23.694261+00:00,1791394883690.0,temperature,True,0.97,rear_center,24.0,OK,MONITORING,True,24.0,,,,,,,False,False,False,False,False,False,False,False,False,False,False,False,False,NORMAL
2026-10-07 17:41:23.695028+00:00,,guardian_state,True,0.97,rear_center,24.0,OK,MONITORING,True,24.0,,,,,,,False,False,False,False,False,False,False,False,False,False,False,False,False,NORMAL
2026-10-07 17:41:25.698315+00:00,1791394885694.0,temperature,True,0.97,rear_center,24.0,OK,MONITORING,True,24.0,,,,,,,False,False,False,False,False,False,False,False,False,False,False,False,False,NORMAL
2026-10-07 17:41:25.699106+00:00,,guardian_state,True,0.97,rear_center,24.0,OK,MONITORING,True,24.0,,,,,,,False,False,False,False,False,False,False,False,False,False,False,False,False,NORMAL
2026-10-07 17:41:27.703260+00:00,1791394887700.0,temperature,True,0.97,rear_center,24.0,OK,MONITORING,True,24.0,,,,,,,False,False,False,False,False,False,False,False,False,False,False,False,False,NORMAL
2026-10-07 17:41:27.703843+00:00,,guardian_state,True,0.97,rear_center,24.0,OK,MONITORING,True,24.0,,,,,,,False,False,False,False,False,False,False,False,False,False,False,False,False,NORMAL
2026-10-07 17:41:29.712614+00:00,1791394889709.0,temperature,True,0.97,rear_center,24.0,OK,MONITORING,True,24.0,,,,,,,False,False,False,False,False,False,False,False,False,False,False,False,False,NORMAL
2026-10-07 17:41:29.713144+00:00,,guardian_state,True,0.97,rear_center,24.0,OK,MONITORING,True,24.0,,,,,,,False,False,False,False,False,False,False,False,False,False,False,False,False,NORMAL
2026-10-07 17:41:31.721744+00:00,1791394891718.0,temperature,True,0.97,rear_center,24.0,OK,MONITORING,True,24.0,,,,,,,False,False,False,False,False,False,False,False,False,False,False,False,False,NORMAL
2026-10-07 17:41:31.722570+00:00,,guardian_state,True,0.97,rear_center,24.0,OK,MONITORING,True,24.0,,,,,,,False,False,False,False,False,False,False,False,False,False,False,False,False,NORMAL
2026-10-07 17:41:33.724213+00:00,1791394893721.0,temperature,True,0.97,rear_center,24.0,OK,MONITORING,True,24.0,,,,,,,False,False,False,False,False,False,False,False,False,False,False,False,False,NORMAL
2026-10-07 17:41:33.724895+00:00,,guardian_state,True,0.97,rear_center,24.0,OK,MONITORING,True,24.0,,,,,,,False,False,False,False,False,False,False,False,False,False,False,False,False,NORMAL
2026-10-07 17:41:34.077880+00:00,1791394894074.0,child_presence,True,0.97,rear_center,24.0,OK,MONITORING,True,24.0,,,,,,,False,False,False,False,False,False,False,False,False,False,False,False,False,NORMAL
2026-10-07 17:41:34.079062+00:00,,guardian_state,True,0.97,rear_center,24.0,OK,MONITORING,True,24.0,,,,,,,False,False,False,False,False,False,False,False,False,False,False,False,False,NORMAL
2026-10-07 17:41:35.732491+00:00,1791394895729.0,temperature,True,0.97,rear_center,24.0,OK,MONITORING,True,24.0,,,,,,,False,False,False,False,False,False,False,False,False,False,False,False,False,NORMAL
2026-10-07 17:41:35.733344+00:00,,guardian_state,True,0.97,rear_center,24.0,OK,MONITORING,True,24.0,,,,,,,False,False,False,False,False,False,False,False,False,False,False,False,False,NORMAL
2026-10-07 17:41:37.735216+00:00,1791394897732.0,temperature,True,0.97,rear_center,24.0,OK,MONITORING,True,24.0,,,,,,,False,False,False,False,False,False,False,False,False,False,False,False,False,NORMAL
2026-10-07 17:41:37.736019+00:00,,guardian_state,True,0.97,rear_center,24.0,OK,MONITORING,True,24.0,,,,,,,False,False,False,False,False,False,False,False,False,False,False,False,False,NORMAL
2026-10-07 17:41:39.740894+00:00,1791394899737.0,temperature,True,0.97,rear_center,24.0,OK,MONITORING,True,24.0,,,,,,,False,False,False,False,False,False,False,False,False,False,False,False,False,NORMAL
2026-10-07 17:41:39.741736+00:00,,guardian_state,True,0.97,rear_center,24.0,OK,MONITORING,True,24.0,,,,,,,False,False,False,False,False,False,False,False,False,False,False,False,False,NORMAL
2026-10-07 17:41:41.747892+00:00,1791394901744.0,temperature,True,0.97,rear_center,24.0,OK,MONITORING,True,24.0,,,,,,,False,False,False,False,False,False,False,False,False,False,False,False,False,NORMAL
2026-10-07 17:41:41.748685+00:00,,guardian_state,True,0.97,rear_center,24.0,OK,MONITORING,True,24.0,,,,,,,False,False,False,False,False,False,False,False,False,False,False,False,False,NORMAL
2026-10-07 17:41:43.757360+00:00,1791394903754.0,temperature,True,0.97,rear_center,24.0,OK,MONITORING,True,24.0,,,,,,,False,False,False,False,False,False,False,False,False,False,False,False,False,NORMAL
2026-10-07 17:41:43.758308+00:00,,guardian_state,True,0.97,rear_center,24.0,OK,MONITORING,True,24.0,,,,,,,False,False,False,False,False,False,False,False,False,False,False,False,False,NORMAL
2026-10-07 17:41:45.762234+00:00,1791394905759.0,temperature,True,0.97,rear_center,24.0,OK,MONITORING,True,24.0,,,,,,,False,False,False,False,False,False,False,False,False,False,False,False,False,NORMAL
2026-10-07 17:41:45.762854+00:00,,guardian_state,True,0.97,rear_center,24.0,OK,MONITORING,True,24.0,,,,,,,False,False,False,False,False,False,False,False,False,False,False,False,False,NORMAL
2026-10-07 17:41:46.086326+00:00,1791394906083.0,child_presence,True,0.97,rear_center,24.0,OK,MONITORING,True,24.0,,,,,,,False,False,False,False,False,False,False,False,False,False,False,False,False,NORMAL
2026-10-07 17:41:46.086946+00:00,,guardian_state,True,0.97,rear_center,24.0,OK,MONITORING,True,24.0,,,,,,,False,False,False,False,False,False,False,False,False,False,False,False,False,NORMAL
2026-10-07 17:41:47.765294+00:00,1791394907763.0,temperature,True,0.97,rear_center,24.0,OK,MONITORING,True,24.0,,,,,,,False,False,False,False,False,False,False,False,False,False,False,False,False,NORMAL
2026-10-07 17:41:47.765917+00:00,,guardian_state,True,0.97,rear_center,24.0,OK,MONITORING,True,24.0,,,,,,,False,False,False,False,False,False,False,False,False,False,False,False,False,NORMAL
2026-10-07 17:41:49.777137+00:00,1791394909774.0,temperature,True,0.97,rear_center,24.0,OK,MONITORING,True,24.0,,,,,,,False,False,False,False,False,False,False,False,False,False,False,False,False,NORMAL
2026-10-07 17:41:49.778042+00:00,,guardian_state,True,0.97,rear_center,24.0,OK,MONITORING,True,24.0,,,,,,,False,False,False,False,False,False,False,False,False,False,False,False,False,NORMAL
2026-10-07 17:41:51.782537+00:00,1791394911779.0,temperature,True,0.97,rear_center,24.0,OK,MONITORING,True,24.0,,,,,,,False,False,False,False,False,False,False,False,False,False,False,False,False,NORMAL
2026-10-07 17:41:51.783349+00:00,,guardian_state,True,0.97,rear_center,24.0,OK,MONITORING,True,24.0,,,,,,,False,False,False,False,False,False,False,False,False,False,False,False,False,NORMAL
2026-10-07 17:41:53.786280+00:00,1791394913783.0,temperature,True,0.97,rear_center,24.0,OK,MONITORING,True,24.0,,,,,,,False,False,False,False,False,False,False,False,False,False,False,False,False,NORMAL
2026-10-07 17:41:53.787086+00:00,,guardian_state,True,0.97,rear_center,24.0,OK,MONITORING,True,24.0,,,,,,,False,False,False,False,False,False,False,False,False,False,False,False,False,NORMAL
2026-10-07 17:41:55.788713+00:00,1791394915786.0,temperature,True,0.97,rear_center,24.0,OK,MONITORING,True,24.0,,,,,,,False,False,False,False,False,False,False,False,False,False,False,False,False,NORMAL
2026-10-07 17:41:55.789517+00:00,,guardian_state,True,0.97,rear_center,24.0,OK,MONITORING,True,24.0,,,,,,,False,False,False,False,False,False,False,False,False,False,False,False,False,NORMAL
2026-10-07 17:41:57.789935+00:00,1791394917787.0,temperature,True,0.97,rear_center,24.0,OK,MONITORING,True,24.0,,,,,,,False,False,False,False,False,False,False,False,False,False,False,False,False,NORMAL
2026-10-07 17:41:57.790522+00:00,,guardian_state,True,0.97,rear_center,24.0,OK,MONITORING,True,24.0,,,,,,,False,False,False,False,False,False,False,False,False,False,False,False,False,NORMAL
2026-10-07 17:41:58.092557+00:00,1791394918090.0,child_presence,True,0.97,rear_center,24.0,OK,MONITORING,True,24.0,,,,,,,False,False,False,False,False,False,False,False,False,False,False,False,False,NORMAL
2026-10-07 17:41:58.093474+00:00,,guardian_state,True,0.97,rear_center,24.0,OK,MONITORING,True,24.0,,,,,,,False,False,False,False,False,False,False,False,False,False,False,False,False,NORMAL
2026-10-07 17:41:59.792130+00:00,1791394919789.0,temperature,True,0.97,rear_center,24.0,OK,MONITORING,True,24.0,,,,,,,False,False,False,False,False,False,False,False,False,False,False,False,False,NORMAL
2026-10-07 17:41:59.792969+00:00,,guardian_state,True,0.97,rear_center,24.0,OK,MONITORING,True,24.0,,,,,,,False,False,False,False,False,False,False,False,False,False,False,False,False,NORMAL
2026-10-07 17:42:01.797889+00:00,1791394921795.0,temperature,True,0.97,rear_center,24.0,OK,MONITORING,True,24.0,,,,,,,False,False,False,False,False,False,False,False,False,False,False,False,False,NORMAL
2026-10-07 17:42:01.798549+00:00,,guardian_state,True,0.97,rear_center,24.0,OK,MONITORING,True,24.0,,,,,,,False,False,False,False,False,False,False,False,False,False,False,False,False,NORMAL
2026-10-07 17:42:03.803260+00:00,1791394923800.0,temperature,True,0.97,rear_center,24.0,OK,MONITORING,True,24.0,,,,,,,False,False,False,False,False,False,False,False,False,False,False,False,False,NORMAL
2026-10-07 17:42:03.803952+00:00,,guardian_state,True,0.97,rear_center,24.0,OK,MONITORING,True,24.0,,,,,,,False,False,False,False,False,False,False,False,False,False,False,False,False,NORMAL
2026-10-07 17:42:05.812696+00:00,1791394925810.0,temperature,True,0.97,rear_center,24.0,OK,MONITORING,True,24.0,,,,,,,False,False,False,False,False,False,False,False,False,False,False,False,False,NORMAL
2026-10-07 17:42:05.813509+00:00,,guardian_state,True,0.97,rear_center,24.0,OK,MONITORING,True,24.0,,,,,,,False,False,False,False,False,False,False,False,False,False,False,False,False,NORMAL
2026-10-07 17:42:07.821668+00:00,1791394927819.0,temperature,True,0.97,rear_center,24.0,OK,MONITORING,True,24.0,,,,,,,False,False,False,False,False,False,False,False,False,False,False,False,False,NORMAL
2026-10-07 17:42:07.822363+00:00,,guardian_state,True,0.97,rear_center,24.0,OK,MONITORING,True,24.0,,,,,,,False,False,False,False,False,False,False,False,False,False,False,False,False,NORMAL
2026-10-07 17:42:09.825775+00:00,1791394929823.0,temperature,True,0.97,rear_center,24.0,OK,MONITORING,True,24.0,,,,,,,False,False,False,False,False,False,False,False,False,False,False,False,False,NORMAL
2026-10-07 17:42:09.826784+00:00,,guardian_state,True,0.97,rear_center,24.0,OK,MONITORING,True,24.0,,,,,,,False,False,False,False,False,False,False,False,False,False,False,False,False,NORMAL
2026-10-07 17:42:10.100526+00:00,1791394930098.0,child_presence,True,0.97,rear_center,24.0,OK,MONITORING,True,24.0,,,,,,,False,False,False,False,False,False,False,False,False,False,False,False,False,NORMAL
2026-10-07 17:42:10.101427+00:00,,guardian_state,True,0.97,rear_center,24.0,OK,MONITORING,True,24.0,,,,,,,False,False,False,False,False,False,False,False,False,False,False,False,False,NORMAL
2026-10-07 17:42:35.097602+00:00,1791394931828.0,temperature,True,0.97,rear_center,24.0,OK,MONITORING,True,24.0,,,,,,,False,False,False,False,False,False,False,False,False,False,False,False,False,NORMAL
2026-10-07 17:42:35.121003+00:00,,guardian_state,True,0.97,rear_center,24.0,OK,MONITORING,True,24.0,,,,,,,False,False,False,False,False,False,False,False,False,False,False,False,False,NORMAL
2026-10-07 17:42:37.105962+00:00,1791394933838.0,temperature,True,0.97,rear_center,24.0,OK,MONITORING,True,24.0,,,,,,,False,False,False,False,False,False,False,False,False,False,False,False,False,NORMAL
2026-10-07 17:42:37.106878+00:00,,guardian_state,True,0.97,rear_center,24.0,OK,MONITORING,True,24.0,,,,,,,False,False,False,False,False,False,False,False,False,False,False,False,False,NORMAL
2026-10-07 17:42:39.113512+00:00,1791394935845.0,temperature,True,0.97,rear_center,24.0,OK,MONITORING,True,24.0,,,,,,,False,False,False,False,False,False,False,False,False,False,False,False,False,NORMAL
2026-10-07 17:42:39.114635+00:00,,guardian_state,True,0.97,rear_center,24.0,OK,MONITORING,True,24.0,,,,,,,False,False,False,False,False,False,False,False,False,False,False,False,False,NORMAL
2026-10-07 17:42:41.118991+00:00,1791394961115.0,temperature,True,0.97,rear_center,24.0,OK,MONITORING,True,24.0,,,,,,,False,False,False,False,False,False,False,False,False,False,False,False,False,NORMAL
2026-10-07 17:42:41.119916+00:00,,guardian_state,True,0.97,rear_center,24.0,OK,MONITORING,True,24.0,,,,,,,False,False,False,False,False,False,False,False,False,False,False,False,False,NORMAL
2026-10-07 17:42:43.120298+00:00,1791394963116.0,temperature,True,0.97,rear_center,24.0,OK,MONITORING,True,24.0,,,,,,,False,False,False,False,False,False,False,False,False,False,False,False,False,NORMAL
2026-10-07 17:42:43.121089+00:00,,guardian_state,True,0.97,rear_center,24.0,OK,MONITORING,True,24.0,,,,,,,False,False,False,False,False,False,False,False,False,False,False,False,False,NORMAL
2026-10-07 17:42:45.129052+00:00,1791394965125.0,temperature,True,0.97,rear_center,24.0,OK,MONITORING,True,24.0,,,,,,,False,False,False,False,False,False,False,False,False,False,False,False,False,NORMAL
2026-10-07 17:42:45.129811+00:00,,guardian_state,True,0.97,rear_center,24.0,OK,MONITORING,True,24.0,,,,,,,False,False,False,False,False,False,False,False,False,False,False,False,False,NORMAL
2026-10-07 17:42:45.369794+00:00,1791394965366.0,child_presence,True,0.97,rear_center,24.0,OK,MONITORING,True,24.0,,,,,,,False,False,False,False,False,False,False,False,False,False,False,False,False,NORMAL
2026-10-07 17:42:45.370622+00:00,,guardian_state,True,0.97,rear_center,24.0,OK,MONITORING,True,24.0,,,,,,,False,False,False,False,False,False,False,False,False,False,False,False,False,NORMAL
2026-10-07 17:42:47.130872+00:00,1791394967127.0,temperature,True,0.97,rear_center,24.0,OK,MONITORING,True,24.0,,,,,,,False,False,False,False,False,False,False,False,False,False,False,False,False,NORMAL
2026-10-07 17:42:47.131842+00:00,,guardian_state,True,0.97,rear_center,24.0,OK,MONITORING,True,24.0,,,,,,,False,False,False,False,False,False,False,False,False,False,False,False,False,NORMAL
2026-10-07 17:42:49.138064+00:00,1791394969134.0,temperature,True,0.97,rear_center,24.0,OK,MONITORING,True,24.0,,,,,,,False,False,False,False,False,False,False,False,False,False,False,False,False,NORMAL
2026-10-07 17:42:49.138815+00:00,,guardian_state,True,0.97,rear_center,24.0,OK,MONITORING,True,24.0,,,,,,,False,False,False,False,False,False,False,False,False,False,False,False,False,NORMAL
2026-10-07 17:42:51.142659+00:00,1791394971139.0,temperature,True,0.97,rear_center,24.0,OK,MONITORING,True,24.0,,,,,,,False,False,False,False,False,False,False,False,False,False,False,False,False,NORMAL
2026-10-07 17:42:51.143388+00:00,,guardian_state,True,0.97,rear_center,24.0,OK,MONITORING,True,24.0,,,,,,,False,False,False,False,False,False,False,False,False,False,False,False,False,NORMAL
2026-10-07 17:42:53.144676+00:00,1791394973141.0,temperature,True,0.97,rear_center,24.0,OK,MONITORING,True,24.0,,,,,,,False,False,False,False,False,False,False,False,False,False,False,False,False,NORMAL
2026-10-07 17:42:53.145431+00:00,,guardian_state,True,0.97,rear_center,24.0,OK,MONITORING,True,24.0,,,,,,,False,False,False,False,False,False,False,False,False,False,False,False,False,NORMAL
2026-10-07 17:42:55.156211+00:00,1791394975152.0,temperature,True,0.97,rear_center,24.0,OK,MONITORING,True,24.0,,,,,,,False,False,False,False,False,False,False,False,False,False,False,False,False,NORMAL
2026-10-07 17:42:55.157065+00:00,,guardian_state,True,0.97,rear_center,24.0,OK,MONITORING,True,24.0,,,,,,,False,False,False,False,False,False,False,False,False,False,False,False,False,NORMAL
2026-10-07 17:42:57.163015+00:00,1791394977159.0,temperature,True,0.97,rear_center,24.0,OK,MONITORING,True,24.0,,,,,,,False,False,False,False,False,False,False,False,False,False,False,False,False,NORMAL
2026-10-07 17:42:57.164381+00:00,,guardian_state,True,0.97,rear_center,24.0,OK,MONITORING,True,24.0,,,,,,,False,False,False,False,False,False,False,False,False,False,False,False,False,NORMAL
2026-10-07 17:42:57.371911+00:00,1791394977368.0,child_presence,True,0.97,rear_center,24.0,OK,MONITORING,True,24.0,,,,,,,False,False,False,False,False,False,False,False,False,False,False,False,False,NORMAL
2026-10-07 17:42:57.372563+00:00,,guardian_state,True,0.97,rear_center,24.0,OK,MONITORING,True,24.0,,,,,,,False,False,False,False,False,False,False,False,False,False,False,False,False,NORMAL
2026-10-07 17:42:59.168160+00:00,1791394979164.0,temperature,True,0.97,rear_center,24.0,OK,MONITORING,True,24.0,,,,,,,False,False,False,False,False,False,False,False,False,False,False,False,False,NORMAL
2026-10-07 17:42:59.168937+00:00,,guardian_state,True,0.97,rear_center,24.0,OK,MONITORING,True,24.0,,,,,,,False,False,False,False,False,False,False,False,False,False,False,False,False,NORMAL
2026-10-07 17:43:01.172799+00:00,1791394981169.0,temperature,True,0.97,rear_center,24.0,OK,MONITORING,True,24.0,,,,,,,False,False,False,False,False,False,False,False,False,False,False,False,False,NORMAL
2026-10-07 17:43:01.173566+00:00,,guardian_state,True,0.97,rear_center,24.0,OK,MONITORING,True,24.0,,,,,,,False,False,False,False,False,False,False,False,False,False,False,False,False,NORMAL
2026-10-07 17:43:03.184160+00:00,1791394983180.0,temperature,True,0.97,rear_center,24.0,OK,MONITORING,True,24.0,,,,,,,False,False,False,False,False,False,False,False,False,False,False,False,False,NORMAL
2026-10-07 17:43:03.184854+00:00,,guardian_state,True,0.97,rear_center,24.0,OK,MONITORING,True,24.0,,,,,,,False,False,False,False,False,False,False,False,False,False,False,False,False,NORMAL
2026-10-07 17:43:05.187848+00:00,1791394985184.0,temperature,True,0.97,rear_center,24.0,OK,MONITORING,True,24.0,,,,,,,False,False,False,False,False,False,False,False,False,False,False,False,False,NORMAL
2026-10-07 17:43:05.188696+00:00,,guardian_state,True,0.97,rear_center,24.0,OK,MONITORING,True,24.0,,,,,,,False,False,False,False,False,False,False,False,False,False,False,False,False,NORMAL
2026-10-07 17:43:07.191623+00:00,1791394987188.0,temperature,True,0.97,rear_center,24.0,OK,MONITORING,True,24.0,,,,,,,False,False,False,False,False,False,False,False,False,False,False,False,False,NORMAL
2026-10-07 17:43:07.192576+00:00,,guardian_state,True,0.97,rear_center,24.0,OK,MONITORING,True,24.0,,,,,,,False,False,False,False,False,False,False,False,False,False,False,False,False,NORMAL
2026-10-07 17:43:09.193259+00:00,1791394989190.0,temperature,True,0.97,rear_center,24.0,OK,MONITORING,True,24.0,,,,,,,False,False,False,False,False,False,False,False,False,False,False,False,False,NORMAL
2026-10-07 17:43:09.194047+00:00,,guardian_state,True,0.97,rear_center,24.0,OK,MONITORING,True,24.0,,,,,,,False,False,False,False,False,False,False,False,False,False,False,False,False,NORMAL
2026-10-07 17:43:09.382543+00:00,1791394989379.0,child_presence,True,0.97,rear_center,24.0,OK,MONITORING,True,24.0,,,,,,,False,False,False,False,False,False,False,False,False,False,False,False,False,NORMAL
2026-10-07 17:43:09.383251+00:00,,guardian_state,True,0.97,rear_center,24.0,OK,MONITORING,True,24.0,,,,,,,False,False,False,False,False,False,False,False,False,False,False,False,False,NORMAL
2026-10-07 17:43:11.197277+00:00,1791394991194.0,temperature,True,0.97,rear_center,24.0,OK,MONITORING,True,24.0,,,,,,,False,False,False,False,False,False,False,False,False,False,False,False,False,NORMAL
2026-10-07 17:43:11.198001+00:00,,guardian_state,True,0.97,rear_center,24.0,OK,MONITORING,True,24.0,,,,,,,False,False,False,False,False,False,False,False,False,False,False,False,False,NORMAL
2026-10-07 17:43:13.199542+00:00,1791394993196.0,temperature,True,0.97,rear_center,24.0,OK,MONITORING,True,24.0,,,,,,,False,False,False,False,False,False,False,False,False,False,False,False,False,NORMAL
2026-10-07 17:43:13.200472+00:00,,guardian_state,True,0.97,rear_center,24.0,OK,MONITORING,True,24.0,,,,,,,False,False,False,False,False,False,False,False,False,False,False,False,False,NORMAL
2026-10-07 17:43:15.205137+00:00,1791394995201.0,temperature,True,0.97,rear_center,24.0,OK,MONITORING,True,24.0,,,,,,,False,False,False,False,False,False,False,False,False,False,False,False,False,NORMAL
2026-10-07 17:43:15.205736+00:00,,guardian_state,True,0.97,rear_center,24.0,OK,MONITORING,True,24.0,,,,,,,False,False,False,False,False,False,False,False,False,False,False,False,False,NORMAL
2026-10-07 17:43:17.209331+00:00,1791394997205.0,temperature,True,0.97,rear_center,24.0,OK,MONITORING,True,24.0,,,,,,,False,False,False,False,False,False,False,False,False,False,False,False,False,NORMAL
2026-10-07 17:43:17.210227+00:00,,guardian_state,True,0.97,rear_center,24.0,OK,MONITORING,True,24.0,,,,,,,False,False,False,False,False,False,False,False,False,False,False,False,False,NORMAL
2026-10-07 17:43:19.219535+00:00,1791394999216.0,temperature,True,0.97,rear_center,24.0,OK,MONITORING,True,24.0,,,,,,,False,False,False,False,False,False,False,False,False,False,False,False,False,NORMAL
2026-10-07 17:43:19.220645+00:00,,guardian_state,True,0.97,rear_center,24.0,OK,MONITORING,True,24.0,,,,,,,False,False,False,False,False,False,False,False,False,False,False,False,False,NORMAL
2026-10-07 17:43:21.222043+00:00,1791395001219.0,temperature,True,0.97,rear_center,24.0,OK,MONITORING,True,24.0,,,,,,,False,False,False,False,False,False,False,False,False,False,False,False,False,NORMAL
2026-10-07 17:43:21.222912+00:00,,guardian_state,True,0.97,rear_center,24.0,OK,MONITORING,True,24.0,,,,,,,False,False,False,False,False,False,False,False,False,False,False,False,False,NORMAL
2026-10-07 17:43:21.390031+00:00,1791395001387.0,child_presence,True,0.97,rear_center,24.0,OK,MONITORING,True,24.0,,,,,,,False,False,False,False,False,False,False,False,False,False,False,False,False,NORMAL
2026-10-07 17:43:21.390851+00:00,,guardian_state,True,0.97,rear_center,24.0,OK,MONITORING,True,24.0,,,,,,,False,False,False,False,False,False,False,False,False,False,False,False,False,NORMAL
2026-10-07 17:44:04.279510+00:00,1791395003221.0,temperature,True,0.97,rear_center,24.0,OK,MONITORING,True,24.0,,,,,,,False,False,False,False,False,False,False,False,False,False,False,False,False,NORMAL
2026-10-07 17:44:04.280194+00:00,,guardian_state,True,0.97,rear_center,24.0,OK,MONITORING,True,24.0,,,,,,,False,False,False,False,False,False,False,False,False,False,False,False,False,NORMAL
2026-10-07 17:44:06.282358+00:00,1791395005225.0,temperature,True,0.97,rear_center,24.0,OK,MONITORING,True,24.0,,,,,,,False,False,False,False,False,False,False,False,False,False,False,False,False,NORMAL
2026-10-07 17:44:06.283131+00:00,,guardian_state,True,0.97,rear_center,24.0,OK,MONITORING,True,24.0,,,,,,,False,False,False,False,False,False,False,False,False,False,False,False,False,NORMAL
2026-10-07 17:44:08.285054+00:00,1791395007227.0,temperature,True,0.97,rear_center,24.0,OK,MONITORING,True,24.0,,,,,,,False,False,False,False,False,False,False,False,False,False,False,False,False,NORMAL
2026-10-07 17:44:08.285998+00:00,,guardian_state,True,0.97,rear_center,24.0,OK,MONITORING,True,24.0,,,,,,,False,False,False,False,False,False,False,False,False,False,False,False,False,NORMAL
2026-10-07 17:44:10.291381+00:00,1791395009234.0,temperature,True,0.97,rear_center,24.0,OK,MONITORING,True,24.0,,,,,,,False,False,False,False,False,False,False,False,False,False,False,False,False,NORMAL
2026-10-07 17:44:10.292222+00:00,,guardian_state,True,0.97,rear_center,24.0,OK,MONITORING,True,24.0,,,,,,,False,False,False,False,False,False,False,False,False,False,False,False,False,NORMAL
2026-10-07 17:44:12.299078+00:00,1791395011241.0,temperature,True,0.97,rear_center,24.0,OK,MONITORING,True,24.0,,,,,,,False,False,False,False,False,False,False,False,False,False,False,False,False,NORMAL
2026-10-07 17:44:12.299929+00:00,,guardian_state,True,0.97,rear_center,24.0,OK,MONITORING,True,24.0,,,,,,,False,False,False,False,False,False,False,False,False,False,False,False,False,NORMAL
2026-10-07 17:44:14.307128+00:00,1791395013249.0,temperature,True,0.97,rear_center,24.0,OK,MONITORING,True,24.0,,,,,,,False,False,False,False,False,False,False,False,False,False,False,False,False,NORMAL
2026-10-07 17:44:14.308010+00:00,,guardian_state,True,0.97,rear_center,24.0,OK,MONITORING,True,24.0,,,,,,,False,False,False,False,False,False,False,False,False,False,False,False,False,NORMAL
2026-10-07 17:44:14.451027+00:00,1791395013393.0,child_presence,True,0.97,rear_center,24.0,OK,MONITORING,True,24.0,,,,,,,False,False,False,False,False,False,False,False,False,False,False,False,False,NORMAL
2026-10-07 17:44:14.451958+00:00,,guardian_state,True,0.97,rear_center,24.0,OK,MONITORING,True,24.0,,,,,,,False,False,False,False,False,False,False,False,False,False,False,False,False,NORMAL
2026-10-07 17:44:16.311040+00:00,1791395015254.0,temperature,True,0.97,rear_center,24.0,OK,MONITORING,True,24.0,,,,,,,False,False,False,False,False,False,False,False,False,False,False,False,False,NORMAL
2026-10-07 17:44:16.311704+00:00,,guardian_state,True,0.97,rear_center,24.0,OK,MONITORING,True,24.0,,,,,,,False,False,False,False,False,False,False,False,False,False,False,False,False,NORMAL
2026-10-07 17:44:18.315358+00:00,1791395017258.0,temperature,True,0.97,rear_center,24.0,OK,MONITORING,True,24.0,,,,,,,False,False,False,False,False,False,False,False,False,False,False,False,False,NORMAL
2026-10-07 17:44:18.316447+00:00,,guardian_state,True,0.97,rear_center,24.0,OK,MONITORING,True,24.0,,,,,,,False,False,False,False,False,False,False,False,False,False,False,False,False,NORMAL
2026-10-07 17:44:20.320568+00:00,1791395019263.0,temperature,True,0.97,rear_center,24.0,OK,MONITORING,True,24.0,,,,,,,False,False,False,False,False,False,False,False,False,False,False,False,False,NORMAL
2026-10-07 17:44:20.321213+00:00,,guardian_state,True,0.97,rear_center,24.0,OK,MONITORING,True,24.0,,,,,,,False,False,False,False,False,False,False,False,False,False,False,False,False,NORMAL
2026-10-07 17:44:22.325181+00:00,1791395062321.0,temperature,True,0.97,rear_center,24.0,OK,MONITORING,True,24.0,,,,,,,False,False,False,False,False,False,False,False,False,False,False,False,False,NORMAL
2026-10-07 17:44:22.327192+00:00,,guardian_state,True,0.97,rear_center,24.0,OK,MONITORING,True,24.0,,,,,,,False,False,False,False,False,False,False,False,False,False,False,False,False,NORMAL
2026-10-07 17:44:24.329210+00:00,1791395064325.0,temperature,True,0.97,rear_center,24.0,OK,MONITORING,True,24.0,,,,,,,False,False,False,False,False,False,False,False,False,False,False,False,False,NORMAL
2026-10-07 17:44:24.329906+00:00,,guardian_state,True,0.97,rear_center,24.0,OK,MONITORING,True,24.0,,,,,,,False,False,False,False,False,False,False,False,False,False,False,False,False,NORMAL
2026-10-07 17:44:26.336253+00:00,1791395066332.0,temperature,True,0.97,rear_center,24.0,OK,MONITORING,True,24.0,,,,,,,False,False,False,False,False,False,False,False,False,False,False,False,False,NORMAL
2026-10-07 17:44:26.337114+00:00,,guardian_state,True,0.97,rear_center,24.0,OK,MONITORING,True,24.0,,,,,,,False,False,False,False,False,False,False,False,False,False,False,False,False,NORMAL
2026-10-07 17:44:26.451813+00:00,1791395066448.0,child_presence,True,0.97,rear_center,24.0,OK,MONITORING,True,24.0,,,,,,,False,False,False,False,False,False,False,False,False,False,False,False,False,NORMAL
2026-10-07 17:44:26.452471+00:00,,guardian_state,True,0.97,rear_center,24.0,OK,MONITORING,True,24.0,,,,,,,False,False,False,False,False,False,False,False,False,False,False,False,False,NORMAL
2026-10-07 17:44:28.340185+00:00,1791395068336.0,temperature,True,0.97,rear_center,24.0,OK,MONITORING,True,24.0,,,,,,,False,False,False,False,False,False,False,False,False,False,False,False,False,NORMAL
2026-10-07 17:44:28.341175+00:00,,guardian_state,True,0.97,rear_center,24.0,OK,MONITORING,True,24.0,,,,,,,False,False,False,False,False,False,False,False,False,False,False,False,False,NORMAL
2026-10-07 17:44:30.347186+00:00,1791395070343.0,temperature,True,0.97,rear_center,24.0,OK,MONITORING,True,24.0,,,,,,,False,False,False,False,False,False,False,False,False,False,False,False,False,NORMAL
2026-10-07 17:44:30.348014+00:00,,guardian_state,True,0.97,rear_center,24.0,OK,MONITORING,True,24.0,,,,,,,False,False,False,False,False,False,False,False,False,False,False,False,False,NORMAL
2026-10-07 17:44:32.349089+00:00,1791395072345.0,temperature,True,0.97,rear_center,24.0,OK,MONITORING,True,24.0,,,,,,,False,False,False,False,False,False,False,False,False,False,False,False,False,NORMAL
2026-10-07 17:44:32.349853+00:00,,guardian_state,True,0.97,rear_center,24.0,OK,MONITORING,True,24.0,,,,,,,False,False,False,False,False,False,False,False,False,False,False,False,False,NORMAL
2026-10-07 17:44:34.352488+00:00,1791395074349.0,temperature,True,0.97,rear_center,24.0,OK,MONITORING,True,24.0,,,,,,,False,False,False,False,False,False,False,False,False,False,False,False,False,NORMAL
2026-10-07 17:44:34.353382+00:00,,guardian_state,True,0.97,rear_center,24.0,OK,MONITORING,True,24.0,,,,,,,False,False,False,False,False,False,False,False,False,False,False,False,False,NORMAL
2026-10-07 17:44:36.355501+00:00,1791395076352.0,temperature,True,0.97,rear_center,24.0,OK,MONITORING,True,24.0,,,,,,,False,False,False,False,False,False,False,False,False,False,False,False,False,NORMAL
2026-10-07 17:44:36.356322+00:00,,guardian_state,True,0.97,rear_center,24.0,OK,MONITORING,True,24.0,,,,,,,False,False,False,False,False,False,False,False,False,False,False,False,False,NORMAL
2026-10-07 17:44:38.360597+00:00,1791395078357.0,temperature,True,0.97,rear_center,24.0,OK,MONITORING,True,24.0,,,,,,,False,False,False,False,False,False,False,False,False,False,False,False,False,NORMAL
2026-10-07 17:44:38.361470+00:00,,guardian_state,True,0.97,rear_center,24.0,OK,MONITORING,True,24.0,,,,,,,False,False,False,False,False,False,False,False,False,False,False,False,False,NORMAL
2026-10-07 17:44:38.462078+00:00,1791395078459.0,child_presence,True,0.97,rear_center,24.0,OK,MONITORING,True,24.0,,,,,,,False,False,False,False,False,False,False,False,False,False,False,False,False,NORMAL
2026-10-07 17:44:38.462745+00:00,,guardian_state,True,0.97,rear_center,24.0,OK,MONITORING,True,24.0,,,,,,,False,False,False,False,False,False,False,False,False,False,False,False,False,NORMAL
2026-10-07 17:44:40.372305+00:00,1791395080368.0,temperature,True,0.97,rear_center,24.0,OK,MONITORING,True,24.0,,,,,,,False,False,False,False,False,False,False,False,False,False,False,False,False,NORMAL
2026-10-07 17:44:40.373187+00:00,,guardian_state,True,0.97,rear_center,24.0,OK,MONITORING,True,24.0,,,,,,,False,False,False,False,False,False,False,False,False,False,False,False,False,NORMAL
2026-10-07 17:44:42.374001+00:00,1791395082370.0,temperature,True,0.97,rear_center,24.0,OK,MONITORING,True,24.0,,,,,,,False,False,False,False,False,False,False,False,False,False,False,False,False,NORMAL
2026-10-07 17:44:42.374836+00:00,,guardian_state,True,0.97,rear_center,24.0,OK,MONITORING,True,24.0,,,,,,,False,False,False,False,False,False,False,False,False,False,False,False,False,NORMAL
2026-10-07 17:44:44.378886+00:00,1791395084375.0,temperature,True,0.97,rear_center,24.0,OK,MONITORING,True,24.0,,,,,,,False,False,False,False,False,False,False,False,False,False,False,False,False,NORMAL
2026-10-07 17:44:44.379997+00:00,,guardian_state,True,0.97,rear_center,24.0,OK,MONITORING,True,24.0,,,,,,,False,False,False,False,False,False,False,False,False,False,False,False,False,NORMAL
2026-10-07 17:44:46.379946+00:00,1791395086376.0,temperature,True,0.97,rear_center,24.0,OK,MONITORING,True,24.0,,,,,,,False,False,False,False,False,False,False,False,False,False,False,False,False,NORMAL
2026-10-07 17:44:46.380879+00:00,,guardian_state,True,0.97,rear_center,24.0,OK,MONITORING,True,24.0,,,,,,,False,False,False,False,False,False,False,False,False,False,False,False,False,NORMAL
2026-10-07 17:44:48.381741+00:00,1791395088378.0,temperature,True,0.97,rear_center,24.0,OK,MONITORING,True,24.0,,,,,,,False,False,False,False,False,False,False,False,False,False,False,False,False,NORMAL
2026-10-07 17:44:48.383430+00:00,,guardian_state,True,0.97,rear_center,24.0,OK,MONITORING,True,24.0,,,,,,,False,False,False,False,False,False,False,False,False,False,False,False,False,NORMAL
2026-10-07 17:44:50.382867+00:00,1791395090379.0,temperature,True,0.97,rear_center,24.0,OK,MONITORING,True,24.0,,,,,,,False,False,False,False,False,False,False,False,False,False,False,False,False,NORMAL
2026-10-07 17:44:50.383748+00:00,,guardian_state,True,0.97,rear_center,24.0,OK,MONITORING,True,24.0,,,,,,,False,False,False,False,False,False,False,False,False,False,False,False,False,NORMAL
2026-10-07 17:44:50.464457+00:00,1791395090461.0,child_presence,True,0.97,rear_center,24.0,OK,MONITORING,True,24.0,,,,,,,False,False,False,False,False,False,False,False,False,False,False,False,False,NORMAL
2026-10-07 17:44:50.465118+00:00,,guardian_state,True,0.97,rear_center,24.0,OK,MONITORING,True,24.0,,,,,,,False,False,False,False,False,False,False,False,False,False,False,False,False,NORMAL
2026-10-07 17:44:52.387542+00:00,1791395092384.0,temperature,True,0.97,rear_center,24.0,OK,MONITORING,True,24.0,,,,,,,False,False,False,False,False,False,False,False,False,False,False,False,False,NORMAL
2026-10-07 17:44:52.388108+00:00,,guardian_state,True,0.97,rear_center,24.0,OK,MONITORING,True,24.0,,,,,,,False,False,False,False,False,False,False,False,False,False,False,False,False,NORMAL
2026-10-07 17:44:54.390416+00:00,1791395094386.0,temperature,True,0.97,rear_center,24.0,OK,MONITORING,True,24.0,,,,,,,False,False,False,False,False,False,False,False,False,False,False,False,False,NORMAL
2026-10-07 17:44:54.391913+00:00,,guardian_state,True,0.97,rear_center,24.0,OK,MONITORING,True,24.0,,,,,,,False,False,False,False,False,False,False,False,False,False,False,False,False,NORMAL
2026-10-07 17:44:56.392357+00:00,1791395096389.0,temperature,True,0.97,rear_center,24.0,OK,MONITORING,True,24.0,,,,,,,False,False,False,False,False,False,False,False,False,False,False,False,False,NORMAL
2026-10-07 17:44:56.393431+00:00,,guardian_state,True,0.97,rear_center,24.0,OK,MONITORING,True,24.0,,,,,,,False,False,False,False,False,False,False,False,False,False,False,False,False,NORMAL
2026-10-07 17:44:58.394351+00:00,1791395098391.0,temperature,True,0.97,rear_center,24.0,OK,MONITORING,True,24.0,,,,,,,False,False,False,False,False,False,False,False,False,False,False,False,False,NORMAL
2026-10-07 17:44:58.395099+00:00,,guardian_state,True,0.97,rear_center,24.0,OK,MONITORING,True,24.0,,,,,,,False,False,False,False,False,False,False,False,False,False,False,False,False,NORMAL
2026-10-07 17:45:00.395644+00:00,1791395100392.0,temperature,True,0.97,rear_center,24.0,OK,MONITORING,True,24.0,,,,,,,False,False,False,False,False,False,False,False,False,False,False,False,False,NORMAL
2026-10-07 17:45:00.396584+00:00,,guardian_state,True,0.97,rear_center,24.0,OK,MONITORING,True,24.0,,,,,,,False,False,False,False,False,False,False,False,False,False,False,False,False,NORMAL
2026-10-07 17:45:02.398167+00:00,1791395102395.0,temperature,True,0.97,rear_center,24.0,OK,MONITORING,True,24.0,,,,,,,False,False,False,False,False,False,False,False,False,False,False,False,False,NORMAL
2026-10-07 17:45:02.398899+00:00,,guardian_state,True,0.97,rear_center,24.0,OK,MONITORING,True,24.0,,,,,,,False,False,False,False,False,False,False,False,False,False,False,False,False,NORMAL
2026-10-07 17:45:02.465998+00:00,1791395102462.0,child_presence,True,0.97,rear_center,24.0,OK,MONITORING,True,24.0,,,,,,,False,False,False,False,False,False,False,False,False,False,False,False,False,NORMAL
2026-10-07 17:45:02.469903+00:00,,guardian_state,True,0.97,rear_center,24.0,OK,MONITORING,True,24.0,,,,,,,False,False,False,False,False,False,False,False,False,False,False,False,False,NORMAL
2026-10-07 17:45:04.403366+00:00,1791395104400.0,temperature,True,0.97,rear_center,24.0,OK,MONITORING,True,24.0,,,,,,,False,False,False,False,False,False,False,False,False,False,False,False,False,NORMAL
2026-10-07 17:45:04.403711+00:00,,guardian_state,True,0.97,rear_center,24.0,OK,MONITORING,True,24.0,,,,,,,False,False,False,False,False,False,False,False,False,False,False,False,False,NORMAL
2026-10-07 17:45:06.407835+00:00,1791395106404.0,temperature,True,0.97,rear_center,24.0,OK,MONITORING,True,24.0,,,,,,,False,False,False,False,False,False,False,False,False,False,False,False,False,NORMAL
2026-10-07 17:45:06.408693+00:00,,guardian_state,True,0.97,rear_center,24.0,OK,MONITORING,True,24.0,,,,,,,False,False,False,False,False,False,False,False,False,False,False,False,False,NORMAL
2026-10-07 17:45:08.412250+00:00,1791395108409.0,temperature,True,0.97,rear_center,24.0,OK,MONITORING,True,24.0,,,,,,,False,False,False,False,False,False,False,False,False,False,False,False,False,NORMAL
2026-10-07 17:45:08.413034+00:00,,guardian_state,True,0.97,rear_center,24.0,OK,MONITORING,True,24.0,,,,,,,False,False,False,False,False,False,False,False,False,False,False,False,False,NORMAL
2026-10-07 17:45:10.418423+00:00,1791395110415.0,temperature,True,0.97,rear_center,24.0,OK,MONITORING,True,24.0,,,,,,,False,False,False,False,False,False,False,False,False,False,False,False,False,NORMAL
2026-10-07 17:45:10.419188+00:00,,guardian_state,True,0.97,rear_center,24.0,OK,MONITORING,True,24.0,,,,,,,False,False,False,False,False,False,False,False,False,False,False,False,False,NORMAL
2026-10-07 17:45:12.420313+00:00,1791395112417.0,temperature,True,0.97,rear_center,24.0,OK,MONITORING,True,24.0,,,,,,,False,False,False,False,False,False,False,False,False,False,False,False,False,NORMAL
2026-10-07 17:45:12.421291+00:00,,guardian_state,True,0.97,rear_center,24.0,OK,MONITORING,True,24.0,,,,,,,False,False,False,False,False,False,False,False,False,False,False,False,False,NORMAL
2026-10-07 17:45:14.422583+00:00,1791395114419.0,temperature,True,0.97,rear_center,24.0,OK,MONITORING,True,24.0,,,,,,,False,False,False,False,False,False,False,False,False,False,False,False,False,NORMAL
2026-10-07 17:45:14.423360+00:00,,guardian_state,True,0.97,rear_center,24.0,OK,MONITORING,True,24.0,,,,,,,False,False,False,False,False,False,False,False,False,False,False,False,False,NORMAL
2026-10-07 17:45:14.467276+00:00,1791395114464.0,child_presence,True,0.97,rear_center,24.0,OK,MONITORING,True,24.0,,,,,,,False,False,False,False,False,False,False,False,False,False,False,False,False,NORMAL
2026-10-07 17:45:14.468021+00:00,,guardian_state,True,0.97,rear_center,24.0,OK,MONITORING,True,24.0,,,,,,,False,False,False,False,False,False,False,False,False,False,False,False,False,NORMAL
2026-10-07 17:45:16.424144+00:00,1791395116421.0,temperature,True,0.97,rear_center,24.0,OK,MONITORING,True,24.0,,,,,,,False,False,False,False,False,False,False,False,False,False,False,False,False,NORMAL
2026-10-07 17:45:16.425013+00:00,,guardian_state,True,0.97,rear_center,24.0,OK,MONITORING,True,24.0,,,,,,,False,False,False,False,False,False,False,False,False,False,False,False,False,NORMAL
2026-10-07 17:45:18.428164+00:00,1791395118424.0,temperature,True,0.97,rear_center,24.0,OK,MONITORING,True,24.0,,,,,,,False,False,False,False,False,False,False,False,False,False,False,False,False,NORMAL
2026-10-07 17:45:18.429110+00:00,,guardian_state,True,0.97,rear_center,24.0,OK,MONITORING,True,24.0,,,,,,,False,False,False,False,False,False,False,False,False,False,False,False,False,NORMAL
2026-10-07 17:45:20.430227+00:00,1791395120427.0,temperature,True,0.97,rear_center,24.0,OK,MONITORING,True,24.0,,,,,,,False,False,False,False,False,False,False,False,False,False,False,False,False,NORMAL
2026-10-07 17:45:20.431268+00:00,,guardian_state,True,0.97,rear_center,24.0,OK,MONITORING,True,24.0,,,,,,,False,False,False,False,False,False,False,False,False,False,False,False,False,NORMAL
2026-10-07 17:45:22.435944+00:00,1791395122432.0,temperature,True,0.97,rear_center,24.0,OK,MONITORING,True,24.0,,,,,,,False,False,False,False,False,False,False,False,False,False,False,False,False,NORMAL
2026-10-07 17:45:22.436900+00:00,,guardian_state,True,0.97,rear_center,24.0,OK,MONITORING,True,24.0,,,,,,,False,False,False,False,False,False,False,False,False,False,False,False,False,NORMAL
2026-10-07 17:45:24.440590+00:00,1791395124437.0,temperature,True,0.97,rear_center,24.0,OK,MONITORING,True,24.0,,,,,,,False,False,False,False,False,False,False,False,False,False,False,False,False,NORMAL
2026-10-07 17:45:24.441597+00:00,,guardian_state,True,0.97,rear_center,24.0,OK,MONITORING,True,24.0,,,,,,,False,False,False,False,False,False,False,False,False,False,False,False,False,NORMAL
2026-10-07 17:45:26.446336+00:00,1791395126443.0,temperature,True,0.97,rear_center,24.0,OK,MONITORING,True,24.0,,,,,,,False,False,False,False,False,False,False,False,False,False,False,False,False,NORMAL
2026-10-07 17:45:26.447157+00:00,,guardian_state,True,0.97,rear_center,24.0,OK,MONITORING,True,24.0,,,,,,,False,False,False,False,False,False,False,False,False,False,False,False,False,NORMAL
2026-10-07 17:45:26.468729+00:00,1791395126465.0,child_presence,True,0.97,rear_center,24.0,OK,MONITORING,True,24.0,,,,,,,False,False,False,False,False,False,False,False,False,False,False,False,False,NORMAL
2026-10-07 17:45:26.469605+00:00,,guardian_state,True,0.97,rear_center,24.0,OK,MONITORING,True,24.0,,,,,,,False,False,False,False,False,False,False,False,False,False,False,False,False,NORMAL
2026-10-07 17:45:28.449832+00:00,1791395128447.0,temperature,True,0.97,rear_center,24.0,OK,MONITORING,True,24.0,,,,,,,False,False,False,False,False,False,False,False,False,False,False,False,False,NORMAL
2026-10-07 17:45:28.450246+00:00,,guardian_state,True,0.97,rear_center,24.0,OK,MONITORING,True,24.0,,,,,,,False,False,False,False,False,False,False,False,False,False,False,False,False,NORMAL
2026-10-07 17:45:30.453053+00:00,1791395130450.0,temperature,True,0.97,rear_center,24.0,OK,MONITORING,True,24.0,,,,,,,False,False,False,False,False,False,False,False,False,False,False,False,False,NORMAL
2026-10-07 17:45:30.454025+00:00,,guardian_state,True,0.97,rear_center,24.0,OK,MONITORING,True,24.0,,,,,,,False,False,False,False,False,False,False,False,False,False,False,False,False,NORMAL
2026-10-07 17:45:32.457434+00:00,1791395132454.0,temperature,True,0.97,rear_center,24.0,OK,MONITORING,True,24.0,,,,,,,False,False,False,False,False,False,False,False,False,False,False,False,False,NORMAL
2026-10-07 17:45:32.458335+00:00,,guardian_state,True,0.97,rear_center,24.0,OK,MONITORING,True,24.0,,,,,,,False,False,False,False,False,False,False,False,False,False,False,False,False,NORMAL
2026-10-07 17:45:34.462236+00:00,1791395134459.0,temperature,True,0.97,rear_center,24.0,OK,MONITORING,True,24.0,,,,,,,False,False,False,False,False,False,False,False,False,False,False,False,False,NORMAL
2026-10-07 17:45:34.463097+00:00,,guardian_state,True,0.97,rear_center,24.0,OK,MONITORING,True,24.0,,,,,,,False,False,False,False,False,False,False,False,False,False,False,False,False,NORMAL
2026-10-07 17:45:36.468239+00:00,1791395136465.0,temperature,True,0.97,rear_center,24.0,OK,MONITORING,True,24.0,,,,,,,False,False,False,False,False,False,False,False,False,False,False,False,False,NORMAL
2026-10-07 17:45:36.469152+00:00,,guardian_state,True,0.97,rear_center,24.0,OK,MONITORING,True,24.0,,,,,,,False,False,False,False,False,False,False,False,False,False,False,False,False,NORMAL
2026-10-07 17:45:38.472153+00:00,1791395138468.0,child_presence,True,0.97,rear_center,24.0,OK,MONITORING,True,24.0,,,,,,,False,False,False,False,False,False,False,False,False,False,False,False,False,NORMAL
2026-10-07 17:45:38.473055+00:00,1791395138468.0,temperature,True,0.97,rear_center,24.0,OK,MONITORING,True,24.0,,,,,,,False,False,False,False,False,False,False,False,False,False,False,False,False,NORMAL
2026-10-07 17:45:38.473373+00:00,,guardian_state,True,0.97,rear_center,24.0,OK,MONITORING,True,24.0,,,,,,,False,False,False,False,False,False,False,False,False,False,False,False,False,NORMAL
2026-10-07 17:45:38.473554+00:00,,guardian_state,True,0.97,rear_center,24.0,OK,MONITORING,True,24.0,,,,,,,False,False,False,False,False,False,False,False,False,False,False,False,False,NORMAL
2026-10-07 17:45:40.475878+00:00,1791395140473.0,temperature,True,0.97,rear_center,24.0,OK,MONITORING,True,24.0,,,,,,,False,False,False,False,False,False,False,False,False,False,False,False,False,NORMAL
2026-10-07 17:45:40.476752+00:00,,guardian_state,True,0.97,rear_center,24.0,OK,MONITORING,True,24.0,,,,,,,False,False,False,False,False,False,False,False,False,False,False,False,False,NORMAL
2026-10-07 17:45:42.478398+00:00,1791395142475.0,temperature,True,0.97,rear_center,24.0,OK,MONITORING,True,24.0,,,,,,,False,False,False,False,False,False,False,False,False,False,False,False,False,NORMAL
2026-10-07 17:45:42.479219+00:00,,guardian_state,True,0.97,rear_center,24.0,OK,MONITORING,True,24.0,,,,,,,False,False,False,False,False,False,False,False,False,False,False,False,False,NORMAL
2026-10-07 17:45:44.482671+00:00,1791395144480.0,temperature,True,0.97,rear_center,24.0,OK,MONITORING,True,24.0,,,,,,,False,False,False,False,False,False,False,False,False,False,False,False,False,NORMAL
2026-10-07 17:45:44.483415+00:00,,guardian_state,True,0.97,rear_center,24.0,OK,MONITORING,True,24.0,,,,,,,False,False,False,False,False,False,False,False,False,False,False,False,False,NORMAL
2026-10-07 17:45:46.484479+00:00,1791395146481.0,temperature,True,0.97,rear_center,24.0,OK,MONITORING,True,24.0,,,,,,,False,False,False,False,False,False,False,False,False,False,False,False,False,NORMAL
2026-10-07 17:45:46.485221+00:00,,guardian_state,True,0.97,rear_center,24.0,OK,MONITORING,True,24.0,,,,,,,False,False,False,False,False,False,False,False,False,False,False,False,False,NORMAL
2026-10-07 17:45:48.487388+00:00,1791395148484.0,temperature,True,0.97,rear_center,24.0,OK,MONITORING,True,24.0,,,,,,,False,False,False,False,False,False,False,False,False,False,False,False,False,NORMAL
2026-10-07 17:45:48.488038+00:00,,guardian_state,True,0.97,rear_center,24.0,OK,MONITORING,True,24.0,,,,,,,False,False,False,False,False,False,False,False,False,False,False,False,False,NORMAL
2026-10-07 17:45:50.475892+00:00,1791395150473.0,child_presence,True,0.97,rear_center,24.0,OK,MONITORING,True,24.0,,,,,,,False,False,False,False,False,False,False,False,False,False,False,False,False,NORMAL
2026-10-07 17:45:50.476741+00:00,,guardian_state,True,0.97,rear_center,24.0,OK,MONITORING,True,24.0,,,,,,,False,False,False,False,False,False,False,False,False,False,False,False,False,NORMAL
2026-10-07 17:45:50.491116+00:00,1791395150487.0,temperature,True,0.97,rear_center,24.0,OK,MONITORING,True,24.0,,,,,,,False,False,False,False,False,False,False,False,False,False,False,False,False,NORMAL
2026-10-07 17:45:50.491889+00:00,,guardian_state,True,0.97,rear_center,24.0,OK,MONITORING,True,24.0,,,,,,,False,False,False,False,False,False,False,False,False,False,False,False,False,NORMAL
2026-10-07 17:45:52.492570+00:00,1791395152489.0,temperature,True,0.97,rear_center,24.0,OK,MONITORING,True,24.0,,,,,,,False,False,False,False,False,False,False,False,False,False,False,False,False,NORMAL
2026-10-07 17:45:52.493791+00:00,,guardian_state,True,0.97,rear_center,24.0,OK,MONITORING,True,24.0,,,,,,,False,False,False,False,False,False,False,False,False,False,False,False,False,NORMAL
2026-10-07 17:45:54.497846+00:00,1791395154494.0,temperature,True,0.97,rear_center,24.0,OK,MONITORING,True,24.0,,,,,,,False,False,False,False,False,False,False,False,False,False,False,False,False,NORMAL
2026-10-07 17:45:54.498646+00:00,,guardian_state,True,0.97,rear_center,24.0,OK,MONITORING,True,24.0,,,,,,,False,False,False,False,False,False,False,False,False,False,False,False,False,NORMAL
2026-10-07 17:45:56.500898+00:00,1791395156498.0,temperature,True,0.97,rear_center,24.0,OK,MONITORING,True,24.0,,,,,,,False,False,False,False,False,False,False,False,False,False,False,False,False,NORMAL
2026-10-07 17:45:56.501717+00:00,,guardian_state,True,0.97,rear_center,24.0,OK,MONITORING,True,24.0,,,,,,,False,False,False,False,False,False,False,False,False,False,False,False,False,NORMAL
2026-10-07 17:45:58.503645+00:00,1791395158501.0,temperature,True,0.97,rear_center,24.0,OK,MONITORING,True,24.0,,,,,,,False,False,False,False,False,False,False,False,False,False,False,False,False,NORMAL
2026-10-07 17:45:58.503976+00:00,,guardian_state,True,0.97,rear_center,24.0,OK,MONITORING,True,24.0,,,,,,,False,False,False,False,False,False,False,False,False,False,False,False,False,NORMAL
2026-10-07 17:46:00.509445+00:00,1791395160506.0,temperature,True,0.97,rear_center,24.0,OK,MONITORING,True,24.0,,,,,,,False,False,False,False,False,False,False,False,False,False,False,False,False,NORMAL
2026-10-07 17:46:00.510175+00:00,,guardian_state,True,0.97,rear_center,24.0,OK,MONITORING,True,24.0,,,,,,,False,False,False,False,False,False,False,False,False,False,False,False,False,NORMAL
2026-10-07 17:46:02.478888+00:00,1791395162476.0,child_presence,True,0.97,rear_center,24.0,OK,MONITORING,True,24.0,,,,,,,False,False,False,False,False,False,False,False,False,False,False,False,False,NORMAL
2026-10-07 17:46:02.479801+00:00,,guardian_state,True,0.97,rear_center,24.0,OK,MONITORING,True,24.0,,,,,,,False,False,False,False,False,False,False,False,False,False,False,False,False,NORMAL
2026-10-07 17:46:02.511059+00:00,1791395162508.0,temperature,True,0.97,rear_center,24.0,OK,MONITORING,True,24.0,,,,,,,False,False,False,False,False,False,False,False,False,False,False,False,False,NORMAL
2026-10-07 17:46:02.511643+00:00,,guardian_state,True,0.97,rear_center,24.0,OK,MONITORING,True,24.0,,,,,,,False,False,False,False,False,False,False,False,False,False,False,False,False,NORMAL
2026-10-07 17:46:04.518130+00:00,1791395164515.0,temperature,True,0.97,rear_center,24.0,OK,MONITORING,True,24.0,,,,,,,False,False,False,False,False,False,False,False,False,False,False,False,False,NORMAL
2026-10-07 17:46:04.518944+00:00,,guardian_state,True,0.97,rear_center,24.0,OK,MONITORING,True,24.0,,,,,,,False,False,False,False,False,False,False,False,False,False,False,False,False,NORMAL
2026-10-07 17:46:06.519020+00:00,1791395166516.0,temperature,True,0.97,rear_center,24.0,OK,MONITORING,True,24.0,,,,,,,False,False,False,False,False,False,False,False,False,False,False,False,False,NORMAL
2026-10-07 17:46:06.519808+00:00,,guardian_state,True,0.97,rear_center,24.0,OK,MONITORING,True,24.0,,,,,,,False,False,False,False,False,False,False,False,False,False,False,False,False,NORMAL
2026-10-07 17:46:08.522895+00:00,1791395168520.0,temperature,True,0.97,rear_center,24.0,OK,MONITORING,True,24.0,,,,,,,False,False,False,False,False,False,False,False,False,False,False,False,False,NORMAL
2026-10-07 17:46:08.523222+00:00,,guardian_state,True,0.97,rear_center,24.0,OK,MONITORING,True,24.0,,,,,,,False,False,False,False,False,False,False,False,False,False,False,False,False,NORMAL
2026-10-07 17:46:10.527043+00:00,1791395170524.0,temperature,True,0.97,rear_center,24.0,OK,MONITORING,True,24.0,,,,,,,False,False,False,False,False,False,False,False,False,False,False,False,False,NORMAL
2026-10-07 17:46:10.527851+00:00,,guardian_state,True,0.97,rear_center,24.0,OK,MONITORING,True,24.0,,,,,,,False,False,False,False,False,False,False,False,False,False,False,False,False,NORMAL
2026-10-07 17:46:12.528428+00:00,1791395172525.0,temperature,True,0.97,rear_center,24.0,OK,MONITORING,True,24.0,,,,,,,False,False,False,False,False,False,False,False,False,False,False,False,False,NORMAL
2026-10-07 17:46:12.529247+00:00,,guardian_state,True,0.97,rear_center,24.0,OK,MONITORING,True,24.0,,,,,,,False,False,False,False,False,False,False,False,False,False,False,False,False,NORMAL
2026-10-07 17:46:14.480836+00:00,1791395174478.0,child_presence,True,0.97,rear_center,24.0,OK,MONITORING,True,24.0,,,,,,,False,False,False,False,False,False,False,False,False,False,False,False,False,NORMAL
2026-10-07 17:46:14.481588+00:00,,guardian_state,True,0.97,rear_center,24.0,OK,MONITORING,True,24.0,,,,,,,False,False,False,False,False,False,False,False,False,False,False,False,False,NORMAL
2026-10-07 17:46:14.534524+00:00,1791395174532.0,temperature,True,0.97,rear_center,24.0,OK,MONITORING,True,24.0,,,,,,,False,False,False,False,False,False,False,False,False,False,False,False,False,NORMAL
2026-10-07 17:46:14.535244+00:00,,guardian_state,True,0.97,rear_center,24.0,OK,MONITORING,True,24.0,,,,,,,False,False,False,False,False,False,False,False,False,False,False,False,False,NORMAL
2026-10-07 17:46:16.537652+00:00,1791395176535.0,temperature,True,0.97,rear_center,24.0,OK,MONITORING,True,24.0,,,,,,,False,False,False,False,False,False,False,False,False,False,False,False,False,NORMAL
2026-10-07 17:46:16.538627+00:00,,guardian_state,True,0.97,rear_center,24.0,OK,MONITORING,True,24.0,,,,,,,False,False,False,False,False,False,False,False,False,False,False,False,False,NORMAL
2026-10-07 17:46:18.541353+00:00,1791395178538.0,temperature,True,0.97,rear_center,24.0,OK,MONITORING,True,24.0,,,,,,,False,False,False,False,False,False,False,False,False,False,False,False,False,NORMAL
2026-10-07 17:46:18.542189+00:00,,guardian_state,True,0.97,rear_center,24.0,OK,MONITORING,True,24.0,,,,,,,False,False,False,False,False,False,False,False,False,False,False,False,False,NORMAL
2026-10-07 17:46:20.546155+00:00,1791395180543.0,temperature,True,0.97,rear_center,24.0,OK,MONITORING,True,24.0,,,,,,,False,False,False,False,False,False,False,False,False,False,False,False,False,NORMAL
2026-10-07 17:46:20.546922+00:00,,guardian_state,True,0.97,rear_center,24.0,OK,MONITORING,True,24.0,,,,,,,False,False,False,False,False,False,False,False,False,False,False,False,False,NORMAL
2026-10-07 17:46:22.551035+00:00,1791395182547.0,temperature,True,0.97,rear_center,24.0,OK,MONITORING,True,24.0,,,,,,,False,False,False,False,False,False,False,False,False,False,False,False,False,NORMAL
2026-10-07 17:46:22.551797+00:00,,guardian_state,True,0.97,rear_center,24.0,OK,MONITORING,True,24.0,,,,,,,False,False,False,False,False,False,False,False,False,False,False,False,False,NORMAL
2026-10-07 17:46:24.556107+00:00,1791395184553.0,temperature,True,0.97,rear_center,24.0,OK,MONITORING,True,24.0,,,,,,,False,False,False,False,False,False,False,False,False,False,False,False,False,NORMAL
2026-10-07 17:46:24.556887+00:00,,guardian_state,True,0.97,rear_center,24.0,OK,MONITORING,True,24.0,,,,,,,False,False,False,False,False,False,False,False,False,False,False,False,False,NORMAL
2026-10-07 17:46:26.483921+00:00,1791395186480.0,child_presence,True,0.97,rear_center,24.0,OK,MONITORING,True,24.0,,,,,,,False,False,False,False,False,False,False,False,False,False,False,False,False,NORMAL
2026-10-07 17:46:26.484634+00:00,,guardian_state,True,0.97,rear_center,24.0,OK,MONITORING,True,24.0,,,,,,,False,False,False,False,False,False,False,False,False,False,False,False,False,NORMAL
2026-10-07 17:46:26.559592+00:00,1791395186557.0,temperature,True,0.97,rear_center,24.0,OK,MONITORING,True,24.0,,,,,,,False,False,False,False,False,False,False,False,False,False,False,False,False,NORMAL
2026-10-07 17:46:26.560314+00:00,,guardian_state,True,0.97,rear_center,24.0,OK,MONITORING,True,24.0,,,,,,,False,False,False,False,False,False,False,False,False,False,False,False,False,NORMAL
2026-10-07 17:46:28.561764+00:00,1791395188558.0,temperature,True,0.97,rear_center,24.0,OK,MONITORING,True,24.0,,,,,,,False,False,False,False,False,False,False,False,False,False,False,False,False,NORMAL
2026-10-07 17:46:28.562663+00:00,,guardian_state,True,0.97,rear_center,24.0,OK,MONITORING,True,24.0,,,,,,,False,False,False,False,False,False,False,False,False,False,False,False,False,NORMAL
2026-10-07 17:46:30.564338+00:00,1791395190561.0,temperature,True,0.97,rear_center,24.0,OK,MONITORING,True,24.0,,,,,,,False,False,False,False,False,False,False,False,False,False,False,False,False,NORMAL
2026-10-07 17:46:30.565222+00:00,,guardian_state,True,0.97,rear_center,24.0,OK,MONITORING,True,24.0,,,,,,,False,False,False,False,False,False,False,False,False,False,False,False,False,NORMAL
2026-10-07 17:46:32.566776+00:00,1791395192563.0,temperature,True,0.97,rear_center,24.0,OK,MONITORING,True,24.0,,,,,,,False,False,False,False,False,False,False,False,False,False,False,False,False,NORMAL
2026-10-07 17:46:32.567522+00:00,,guardian_state,True,0.97,rear_center,24.0,OK,MONITORING,True,24.0,,,,,,,False,False,False,False,False,False,False,False,False,False,False,False,False,NORMAL
2026-10-07 17:46:34.569170+00:00,1791395194566.0,temperature,True,0.97,rear_center,24.0,OK,MONITORING,True,24.0,,,,,,,False,False,False,False,False,False,False,False,False,False,False,False,False,NORMAL
2026-10-07 17:46:34.570006+00:00,,guardian_state,True,0.97,rear_center,24.0,OK,MONITORING,True,24.0,,,,,,,False,False,False,False,False,False,False,False,False,False,False,False,False,NORMAL
2026-10-07 17:46:36.572745+00:00,1791395196569.0,temperature,True,0.97,rear_center,24.0,OK,MONITORING,True,24.0,,,,,,,False,False,False,False,False,False,False,False,False,False,False,False,False,NORMAL
2026-10-07 17:46:36.573715+00:00,,guardian_state,True,0.97,rear_center,24.0,OK,MONITORING,True,24.0,,,,,,,False,False,False,False,False,False,False,False,False,False,False,False,False,NORMAL
2026-10-07 17:46:38.486754+00:00,1791395198483.0,child_presence,True,0.97,rear_center,24.0,OK,MONITORING,True,24.0,,,,,,,False,False,False,False,False,False,False,False,False,False,False,False,False,NORMAL
2026-10-07 17:46:38.487687+00:00,,guardian_state,True,0.97,rear_center,24.0,OK,MONITORING,True,24.0,,,,,,,False,False,False,False,False,False,False,False,False,False,False,False,False,NORMAL
2026-10-07 17:46:38.575652+00:00,1791395198572.0,temperature,True,0.97,rear_center,24.0,OK,MONITORING,True,24.0,,,,,,,False,False,False,False,False,False,False,False,False,False,False,False,False,NORMAL
2026-10-07 17:46:38.576503+00:00,,guardian_state,True,0.97,rear_center,24.0,OK,MONITORING,True,24.0,,,,,,,False,False,False,False,False,False,False,False,False,False,False,False,False,NORMAL
2026-10-07 17:46:40.577520+00:00,1791395200574.0,temperature,True,0.97,rear_center,24.0,OK,MONITORING,True,24.0,,,,,,,False,False,False,False,False,False,False,False,False,False,False,False,False,NORMAL
2026-10-07 17:46:40.578302+00:00,,guardian_state,True,0.97,rear_center,24.0,OK,MONITORING,True,24.0,,,,,,,False,False,False,False,False,False,False,False,False,False,False,False,False,NORMAL
2026-10-07 17:46:42.582899+00:00,1791395202579.0,temperature,True,0.97,rear_center,24.0,OK,MONITORING,True,24.0,,,,,,,False,False,False,False,False,False,False,False,False,False,False,False,False,NORMAL
2026-10-07 17:46:42.583694+00:00,,guardian_state,True,0.97,rear_center,24.0,OK,MONITORING,True,24.0,,,,,,,False,False,False,False,False,False,False,False,False,False,False,False,False,NORMAL
2026-10-07 17:46:44.588124+00:00,1791395204585.0,temperature,True,0.97,rear_center,24.0,OK,MONITORING,True,24.0,,,,,,,False,False,False,False,False,False,False,False,False,False,False,False,False,NORMAL
2026-10-07 17:46:44.589032+00:00,,guardian_state,True,0.97,rear_center,24.0,OK,MONITORING,True,24.0,,,,,,,False,False,False,False,False,False,False,False,False,False,False,False,False,NORMAL
2026-10-07 17:46:46.588964+00:00,1791395206586.0,temperature,True,0.97,rear_center,24.0,OK,MONITORING,True,24.0,,,,,,,False,False,False,False,False,False,False,False,False,False,False,False,False,NORMAL
2026-10-07 17:46:46.589694+00:00,,guardian_state,True,0.97,rear_center,24.0,OK,MONITORING,True,24.0,,,,,,,False,False,False,False,False,False,False,False,False,False,False,False,False,NORMAL
2026-10-07 17:46:48.590554+00:00,1791395208587.0,temperature,True,0.97,rear_center,24.0,OK,MONITORING,True,24.0,,,,,,,False,False,False,False,False,False,False,False,False,False,False,False,False,NORMAL
2026-10-07 17:46:48.591440+00:00,,guardian_state,True,0.97,rear_center,24.0,OK,MONITORING,True,24.0,,,,,,,False,False,False,False,False,False,False,False,False,False,False,False,False,NORMAL
2026-10-07 17:46:50.493386+00:00,1791395210490.0,child_presence,True,0.97,rear_center,24.0,OK,MONITORING,True,24.0,,,,,,,False,False,False,False,False,False,False,False,False,False,False,False,False,NORMAL
2026-10-07 17:46:50.494219+00:00,,guardian_state,True,0.97,rear_center,24.0,OK,MONITORING,True,24.0,,,,,,,False,False,False,False,False,False,False,False,False,False,False,False,False,NORMAL
2026-10-07 17:46:50.595352+00:00,1791395210592.0,temperature,True,0.97,rear_center,24.0,OK,MONITORING,True,24.0,,,,,,,False,False,False,False,False,False,False,False,False,False,False,False,False,NORMAL
2026-10-07 17:46:50.596102+00:00,,guardian_state,True,0.97,rear_center,24.0,OK,MONITORING,True,24.0,,,,,,,False,False,False,False,False,False,False,False,False,False,False,False,False,NORMAL
2026-10-07 17:46:52.596266+00:00,1791395212592.0,temperature,True,0.97,rear_center,24.0,OK,MONITORING,True,24.0,,,,,,,False,False,False,False,False,False,False,False,False,False,False,False,False,NORMAL
2026-10-07 17:46:52.597236+00:00,,guardian_state,True,0.97,rear_center,24.0,OK,MONITORING,True,24.0,,,,,,,False,False,False,False,False,False,False,False,False,False,False,False,False,NORMAL
2026-10-07 17:46:54.597389+00:00,1791395214593.0,temperature,True,0.97,rear_center,24.0,OK,MONITORING,True,24.0,,,,,,,False,False,False,False,False,False,False,False,False,False,False,False,False,NORMAL
2026-10-07 17:46:54.598320+00:00,,guardian_state,True,0.97,rear_center,24.0,OK,MONITORING,True,24.0,,,,,,,False,False,False,False,False,False,False,False,False,False,False,False,False,NORMAL
2026-10-07 17:46:56.599222+00:00,1791395216595.0,temperature,True,0.97,rear_center,24.0,OK,MONITORING,True,24.0,,,,,,,False,False,False,False,False,False,False,False,False,False,False,False,False,NORMAL
2026-10-07 17:46:56.600066+00:00,,guardian_state,True,0.97,rear_center,24.0,OK,MONITORING,True,24.0,,,,,,,False,False,False,False,False,False,False,False,False,False,False,False,False,NORMAL
2026-10-07 17:46:58.602573+00:00,1791395218599.0,temperature,True,0.97,rear_center,24.0,OK,MONITORING,True,24.0,,,,,,,False,False,False,False,False,False,False,False,False,False,False,False,False,NORMAL
2026-10-07 17:46:58.603506+00:00,,guardian_state,True,0.97,rear_center,24.0,OK,MONITORING,True,24.0,,,,,,,False,False,False,False,False,False,False,False,False,False,False,False,False,NORMAL
2026-10-07 17:47:00.605939+00:00,1791395220602.0,temperature,True,0.97,rear_center,24.0,OK,MONITORING,True,24.0,,,,,,,False,False,False,False,False,False,False,False,False,False,False,False,False,NORMAL
2026-10-07 17:47:00.606720+00:00,,guardian_state,True,0.97,rear_center,24.0,OK,MONITORING,True,24.0,,,,,,,False,False,False,False,False,False,False,False,False,False,False,False,False,NORMAL
2026-10-07 17:47:02.494537+00:00,1791395222490.0,child_presence,True,0.97,rear_center,24.0,OK,MONITORING,True,24.0,,,,,,,False,False,False,False,False,False,False,False,False,False,False,False,False,NORMAL
2026-10-07 17:47:02.495433+00:00,,guardian_state,True,0.97,rear_center,24.0,OK,MONITORING,True,24.0,,,,,,,False,False,False,False,False,False,False,False,False,False,False,False,False,NORMAL
2026-10-07 17:47:02.607267+00:00,1791395222604.0,temperature,True,0.97,rear_center,24.0,OK,MONITORING,True,24.0,,,,,,,False,False,False,False,False,False,False,False,False,False,False,False,False,NORMAL
2026-10-07 17:47:02.607859+00:00,,guardian_state,True,0.97,rear_center,24.0,OK,MONITORING,True,24.0,,,,,,,False,False,False,False,False,False,False,False,False,False,False,False,False,NORMAL
2026-10-07 17:47:04.612655+00:00,1791395224609.0,temperature,True,0.97,rear_center,24.0,OK,MONITORING,True,24.0,,,,,,,False,False,False,False,False,False,False,False,False,False,False,False,False,NORMAL
2026-10-07 17:47:04.613417+00:00,,guardian_state,True,0.97,rear_center,24.0,OK,MONITORING,True,24.0,,,,,,,False,False,False,False,False,False,False,False,False,False,False,False,False,NORMAL
2026-10-07 17:47:06.614143+00:00,1791395226611.0,temperature,True,0.97,rear_center,24.0,OK,MONITORING,True,24.0,,,,,,,False,False,False,False,False,False,False,False,False,False,False,False,False,NORMAL
2026-10-07 17:47:06.615051+00:00,,guardian_state,True,0.97,rear_center,24.0,OK,MONITORING,True,24.0,,,,,,,False,False,False,False,False,False,False,False,False,False,False,False,False,NORMAL
2026-10-07 17:47:08.615895+00:00,1791395228612.0,temperature,True,0.97,rear_center,24.0,OK,MONITORING,True,24.0,,,,,,,False,False,False,False,False,False,False,False,False,False,False,False,False,NORMAL
2026-10-07 17:47:08.616800+00:00,,guardian_state,True,0.97,rear_center,24.0,OK,MONITORING,True,24.0,,,,,,,False,False,False,False,False,False,False,False,False,False,False,False,False,NORMAL
2026-10-07 17:47:10.617470+00:00,1791395230614.0,temperature,True,0.97,rear_center,24.0,OK,MONITORING,True,24.0,,,,,,,False,False,False,False,False,False,False,False,False,False,False,False,False,NORMAL
2026-10-07 17:47:10.618197+00:00,,guardian_state,True,0.97,rear_center,24.0,OK,MONITORING,True,24.0,,,,,,,False,False,False,False,False,False,False,False,False,False,False,False,False,NORMAL
2026-10-07 17:47:12.620820+00:00,1791395232617.0,temperature,True,0.97,rear_center,24.0,OK,MONITORING,True,24.0,,,,,,,False,False,False,False,False,False,False,False,False,False,False,False,False,NORMAL
2026-10-07 17:47:12.621708+00:00,,guardian_state,True,0.97,rear_center,24.0,OK,MONITORING,True,24.0,,,,,,,False,False,False,False,False,False,False,False,False,False,False,False,False,NORMAL
2026-10-07 17:47:14.499662+00:00,1791395234496.0,child_presence,True,0.97,rear_center,24.0,OK,MONITORING,True,24.0,,,,,,,False,False,False,False,False,False,False,False,False,False,False,False,False,NORMAL
2026-10-07 17:47:14.499946+00:00,,guardian_state,True,0.97,rear_center,24.0,OK,MONITORING,True,24.0,,,,,,,False,False,False,False,False,False,False,False,False,False,False,False,False,NORMAL
2026-10-07 17:47:14.622817+00:00,1791395234619.0,temperature,True,0.97,rear_center,24.0,OK,MONITORING,True,24.0,,,,,,,False,False,False,False,False,False,False,False,False,False,False,False,False,NORMAL
2026-10-07 17:47:14.623208+00:00,,guardian_state,True,0.97,rear_center,24.0,OK,MONITORING,True,24.0,,,,,,,False,False,False,False,False,False,False,False,False,False,False,False,False,NORMAL
2026-10-07 17:47:16.624529+00:00,1791395236621.0,temperature,True,0.97,rear_center,24.0,OK,MONITORING,True,24.0,,,,,,,False,False,False,False,False,False,False,False,False,False,False,False,False,NORMAL
2026-10-07 17:47:16.625273+00:00,,guardian_state,True,0.97,rear_center,24.0,OK,MONITORING,True,24.0,,,,,,,False,False,False,False,False,False,False,False,False,False,False,False,False,NORMAL
2026-10-07 17:47:18.626973+00:00,1791395238623.0,temperature,True,0.97,rear_center,24.0,OK,MONITORING,True,24.0,,,,,,,False,False,False,False,False,False,False,False,False,False,False,False,False,NORMAL
2026-10-07 17:47:18.628003+00:00,,guardian_state,True,0.97,rear_center,24.0,OK,MONITORING,True,24.0,,,,,,,False,False,False,False,False,False,False,False,False,False,False,False,False,NORMAL
2026-10-07 17:47:20.629727+00:00,1791395240626.0,temperature,True,0.97,rear_center,24.0,OK,MONITORING,True,24.0,,,,,,,False,False,False,False,False,False,False,False,False,False,False,False,False,NORMAL
2026-10-07 17:47:20.630565+00:00,,guardian_state,True,0.97,rear_center,24.0,OK,MONITORING,True,24.0,,,,,,,False,False,False,False,False,False,False,False,False,False,False,False,False,NORMAL
2026-10-07 17:47:22.631672+00:00,1791395242627.0,temperature,True,0.97,rear_center,24.0,OK,MONITORING,True,24.0,,,,,,,False,False,False,False,False,False,False,False,False,False,False,False,False,NORMAL
2026-10-07 17:47:22.632466+00:00,,guardian_state,True,0.97,rear_center,24.0,OK,MONITORING,True,24.0,,,,,,,False,False,False,False,False,False,False,False,False,False,False,False,False,NORMAL
2026-10-07 17:47:24.632500+00:00,1791395244629.0,temperature,True,0.97,rear_center,24.0,OK,MONITORING,True,24.0,,,,,,,False,False,False,False,False,False,False,False,False,False,False,False,False,NORMAL
2026-10-07 17:47:24.632880+00:00,,guardian_state,True,0.97,rear_center,24.0,OK,MONITORING,True,24.0,,,,,,,False,False,False,False,False,False,False,False,False,False,False,False,False,NORMAL
2026-10-07 17:47:26.502584+00:00,1791395246499.0,child_presence,True,0.97,rear_center,24.0,OK,MONITORING,True,24.0,,,,,,,False,False,False,False,False,False,False,False,False,False,False,False,False,NORMAL
2026-10-07 17:47:26.503508+00:00,,guardian_state,True,0.97,rear_center,24.0,OK,MONITORING,True,24.0,,,,,,,False,False,False,False,False,False,False,False,False,False,False,False,False,NORMAL
2026-10-07 17:47:26.635069+00:00,1791395246631.0,temperature,True,0.97,rear_center,24.0,OK,MONITORING,True,24.0,,,,,,,False,False,False,False,False,False,False,False,False,False,False,False,False,NORMAL
2026-10-07 17:47:26.635768+00:00,,guardian_state,True,0.97,rear_center,24.0,OK,MONITORING,True,24.0,,,,,,,False,False,False,False,False,False,False,False,False,False,False,False,False,NORMAL
2026-10-07 17:47:28.636646+00:00,1791395248633.0,temperature,True,0.97,rear_center,24.0,OK,MONITORING,True,24.0,,,,,,,False,False,False,False,False,False,False,False,False,False,False,False,False,NORMAL
2026-10-07 17:47:28.637612+00:00,,guardian_state,True,0.97,rear_center,24.0,OK,MONITORING,True,24.0,,,,,,,False,False,False,False,False,False,False,False,False,False,False,False,False,NORMAL
2026-10-07 17:47:30.641161+00:00,1791395250637.0,temperature,True,0.97,rear_center,24.0,OK,MONITORING,True,24.0,,,,,,,False,False,False,False,False,False,False,False,False,False,False,False,False,NORMAL
2026-10-07 17:47:30.641988+00:00,,guardian_state,True,0.97,rear_center,24.0,OK,MONITORING,True,24.0,,,,,,,False,False,False,False,False,False,False,False,False,False,False,False,False,NORMAL
2026-10-07 17:47:32.643053+00:00,1791395252639.0,temperature,True,0.97,rear_center,24.0,OK,MONITORING,True,24.0,,,,,,,False,False,False,False,False,False,False,False,False,False,False,False,False,NORMAL
2026-10-07 17:47:32.643850+00:00,,guardian_state,True,0.97,rear_center,24.0,OK,MONITORING,True,24.0,,,,,,,False,False,False,False,False,False,False,False,False,False,False,False,False,NORMAL
2026-10-07 17:47:34.644925+00:00,1791395254641.0,temperature,True,0.97,rear_center,24.0,OK,MONITORING,True,24.0,,,,,,,False,False,False,False,False,False,False,False,False,False,False,False,False,NORMAL
2026-10-07 17:47:34.645189+00:00,,guardian_state,True,0.97,rear_center,24.0,OK,MONITORING,True,24.0,,,,,,,False,False,False,False,False,False,False,False,False,False,False,False,False,NORMAL
2026-10-07 17:47:36.647102+00:00,1791395256643.0,temperature,True,0.97,rear_center,24.0,OK,MONITORING,True,24.0,,,,,,,False,False,False,False,False,False,False,False,False,False,False,False,False,NORMAL
2026-10-07 17:47:36.648057+00:00,,guardian_state,True,0.97,rear_center,24.0,OK,MONITORING,True,24.0,,,,,,,False,False,False,False,False,False,False,False,False,False,False,False,False,NORMAL
2026-10-07 17:47:38.506162+00:00,1791395258502.0,child_presence,True,0.97,rear_center,24.0,OK,MONITORING,True,24.0,,,,,,,False,False,False,False,False,False,False,False,False,False,False,False,False,NORMAL
2026-10-07 17:47:38.507052+00:00,,guardian_state,True,0.97,rear_center,24.0,OK,MONITORING,True,24.0,,,,,,,False,False,False,False,False,False,False,False,False,False,False,False,False,NORMAL
2026-10-07 17:47:38.652285+00:00,1791395258648.0,temperature,True,0.97,rear_center,24.0,OK,MONITORING,True,24.0,,,,,,,False,False,False,False,False,False,False,False,False,False,False,False,False,NORMAL
2026-10-07 17:47:38.653305+00:00,,guardian_state,True,0.97,rear_center,24.0,OK,MONITORING,True,24.0,,,,,,,False,False,False,False,False,False,False,False,False,False,False,False,False,NORMAL
2026-10-07 17:47:40.653897+00:00,1791395260650.0,temperature,True,0.97,rear_center,24.0,OK,MONITORING,True,24.0,,,,,,,False,False,False,False,False,False,False,False,False,False,False,False,False,NORMAL
2026-10-07 17:47:40.654900+00:00,,guardian_state,True,0.97,rear_center,24.0,OK,MONITORING,True,24.0,,,,,,,False,False,False,False,False,False,False,False,False,False,False,False,False,NORMAL
2026-10-07 17:47:42.656263+00:00,1791395262652.0,temperature,True,0.97,rear_center,24.0,OK,MONITORING,True,24.0,,,,,,,False,False,False,False,False,False,False,False,False,False,False,False,False,NORMAL
2026-10-07 17:47:42.657317+00:00,,guardian_state,True,0.97,rear_center,24.0,OK,MONITORING,True,24.0,,,,,,,False,False,False,False,False,False,False,False,False,False,False,False,False,NORMAL
2026-10-07 17:47:44.658769+00:00,1791395264655.0,temperature,True,0.97,rear_center,24.0,OK,MONITORING,True,24.0,,,,,,,False,False,False,False,False,False,False,False,False,False,False,False,False,NORMAL
2026-10-07 17:47:44.659588+00:00,,guardian_state,True,0.97,rear_center,24.0,OK,MONITORING,True,24.0,,,,,,,False,False,False,False,False,False,False,False,False,False,False,False,False,NORMAL
2026-10-07 17:47:46.660275+00:00,1791395266656.0,temperature,True,0.97,rear_center,24.0,OK,MONITORING,True,24.0,,,,,,,False,False,False,False,False,False,False,False,False,False,False,False,False,NORMAL
2026-10-07 17:47:46.661059+00:00,,guardian_state,True,0.97,rear_center,24.0,OK,MONITORING,True,24.0,,,,,,,False,False,False,False,False,False,False,False,False,False,False,False,False,NORMAL
2026-10-07 17:47:48.663009+00:00,1791395268659.0,temperature,True,0.97,rear_center,24.0,OK,MONITORING,True,24.0,,,,,,,False,False,False,False,False,False,False,False,False,False,False,False,False,NORMAL
2026-10-07 17:47:48.663795+00:00,,guardian_state,True,0.97,rear_center,24.0,OK,MONITORING,True,24.0,,,,,,,False,False,False,False,False,False,False,False,False,False,False,False,False,NORMAL
2026-10-07 17:47:50.511074+00:00,1791395270507.0,child_presence,True,0.97,rear_center,24.0,OK,MONITORING,True,24.0,,,,,,,False,False,False,False,False,False,False,False,False,False,False,False,False,NORMAL
2026-10-07 17:47:50.511895+00:00,,guardian_state,True,0.97,rear_center,24.0,OK,MONITORING,True,24.0,,,,,,,False,False,False,False,False,False,False,False,False,False,False,False,False,NORMAL
2026-10-07 17:47:50.666940+00:00,1791395270663.0,temperature,True,0.97,rear_center,24.0,OK,MONITORING,True,24.0,,,,,,,False,False,False,False,False,False,False,False,False,False,False,False,False,NORMAL
2026-10-07 17:47:50.667240+00:00,,guardian_state,True,0.97,rear_center,24.0,OK,MONITORING,True,24.0,,,,,,,False,False,False,False,False,False,False,False,False,False,False,False,False,NORMAL
2026-10-07 17:47:52.673793+00:00,1791395272670.0,temperature,True,0.97,rear_center,24.0,OK,MONITORING,True,24.0,,,,,,,False,False,False,False,False,False,False,False,False,False,False,False,False,NORMAL
2026-10-07 17:47:52.674763+00:00,,guardian_state,True,0.97,rear_center,24.0,OK,MONITORING,True,24.0,,,,,,,False,False,False,False,False,False,False,False,False,False,False,False,False,NORMAL
2026-10-07 17:47:54.675825+00:00,1791395274673.0,temperature,True,0.97,rear_center,24.0,OK,MONITORING,True,24.0,,,,,,,False,False,False,False,False,False,False,False,False,False,False,False,False,NORMAL
2026-10-07 17:47:54.676584+00:00,,guardian_state,True,0.97,rear_center,24.0,OK,MONITORING,True,24.0,,,,,,,False,False,False,False,False,False,False,False,False,False,False,False,False,NORMAL
2026-10-07 17:47:56.679047+00:00,1791395276676.0,temperature,True,0.97,rear_center,24.0,OK,MONITORING,True,24.0,,,,,,,False,False,False,False,False,False,False,False,False,False,False,False,False,NORMAL
2026-10-07 17:47:56.679990+00:00,,guardian_state,True,0.97,rear_center,24.0,OK,MONITORING,True,24.0,,,,,,,False,False,False,False,False,False,False,False,False,False,False,False,False,NORMAL
2026-10-07 17:47:58.680760+00:00,1791395278678.0,temperature,True,0.97,rear_center,24.0,OK,MONITORING,True,24.0,,,,,,,False,False,False,False,False,False,False,False,False,False,False,False,False,NORMAL
2026-10-07 17:47:58.681576+00:00,,guardian_state,True,0.97,rear_center,24.0,OK,MONITORING,True,24.0,,,,,,,False,False,False,False,False,False,False,False,False,False,False,False,False,NORMAL
2026-10-07 17:48:00.682853+00:00,1791395280680.0,temperature,True,0.97,rear_center,24.0,OK,MONITORING,True,24.0,,,,,,,False,False,False,False,False,False,False,False,False,False,False,False,False,NORMAL
2026-10-07 17:48:00.683769+00:00,,guardian_state,True,0.97,rear_center,24.0,OK,MONITORING,True,24.0,,,,,,,False,False,False,False,False,False,False,False,False,False,False,False,False,NORMAL
2026-10-07 17:48:02.516498+00:00,1791395282513.0,child_presence,True,0.97,rear_center,24.0,OK,MONITORING,True,24.0,,,,,,,False,False,False,False,False,False,False,False,False,False,False,False,False,NORMAL
2026-10-07 17:48:02.517563+00:00,,guardian_state,True,0.97,rear_center,24.0,OK,MONITORING,True,24.0,,,,,,,False,False,False,False,False,False,False,False,False,False,False,False,False,NORMAL
2026-10-07 17:48:02.685514+00:00,1791395282682.0,temperature,True,0.97,rear_center,24.0,OK,MONITORING,True,24.0,,,,,,,False,False,False,False,False,False,False,False,False,False,False,False,False,NORMAL
2026-10-07 17:48:02.686278+00:00,,guardian_state,True,0.97,rear_center,24.0,OK,MONITORING,True,24.0,,,,,,,False,False,False,False,False,False,False,False,False,False,False,False,False,NORMAL
2026-10-07 17:48:04.687271+00:00,1791395284684.0,temperature,True,0.97,rear_center,24.0,OK,MONITORING,True,24.0,,,,,,,False,False,False,False,False,False,False,False,False,False,False,False,False,NORMAL
2026-10-07 17:48:04.688138+00:00,,guardian_state,True,0.97,rear_center,24.0,OK,MONITORING,True,24.0,,,,,,,False,False,False,False,False,False,False,False,False,False,False,False,False,NORMAL
2026-10-07 17:48:06.690274+00:00,1791395286687.0,temperature,True,0.97,rear_center,24.0,OK,MONITORING,True,24.0,,,,,,,False,False,False,False,False,False,False,False,False,False,False,False,False,NORMAL
2026-10-07 17:48:06.691252+00:00,,guardian_state,True,0.97,rear_center,24.0,OK,MONITORING,True,24.0,,,,,,,False,False,False,False,False,False,False,False,False,False,False,False,False,NORMAL
2026-10-07 17:48:08.692683+00:00,1791395288689.0,temperature,True,0.97,rear_center,24.0,OK,MONITORING,True,24.0,,,,,,,False,False,False,False,False,False,False,False,False,False,False,False,False,NORMAL
2026-10-07 17:48:08.693600+00:00,,guardian_state,True,0.97,rear_center,24.0,OK,MONITORING,True,24.0,,,,,,,False,False,False,False,False,False,False,False,False,False,False,False,False,NORMAL
2026-10-07 17:48:10.695664+00:00,1791395290692.0,temperature,True,0.97,rear_center,24.0,OK,MONITORING,True,24.0,,,,,,,False,False,False,False,False,False,False,False,False,False,False,False,False,NORMAL
2026-10-07 17:48:10.696492+00:00,,guardian_state,True,0.97,rear_center,24.0,OK,MONITORING,True,24.0,,,,,,,False,False,False,False,False,False,False,False,False,False,False,False,False,NORMAL
2026-10-07 17:48:12.698168+00:00,1791395292695.0,temperature,True,0.97,rear_center,24.0,OK,MONITORING,True,24.0,,,,,,,False,False,False,False,False,False,False,False,False,False,False,False,False,NORMAL
2026-10-07 17:48:12.699034+00:00,,guardian_state,True,0.97,rear_center,24.0,OK,MONITORING,True,24.0,,,,,,,False,False,False,False,False,False,False,False,False,False,False,False,False,NORMAL
2026-10-07 17:48:14.518476+00:00,1791395294515.0,child_presence,True,0.97,rear_center,24.0,OK,MONITORING,True,24.0,,,,,,,False,False,False,False,False,False,False,False,False,False,False,False,False,NORMAL
2026-10-07 17:48:14.519357+00:00,,guardian_state,True,0.97,rear_center,24.0,OK,MONITORING,True,24.0,,,,,,,False,False,False,False,False,False,False,False,False,False,False,False,False,NORMAL
2026-10-07 17:48:14.699706+00:00,1791395294696.0,temperature,True,0.97,rear_center,24.0,OK,MONITORING,True,24.0,,,,,,,False,False,False,False,False,False,False,False,False,False,False,False,False,NORMAL
2026-10-07 17:48:14.700963+00:00,,guardian_state,True,0.97,rear_center,24.0,OK,MONITORING,True,24.0,,,,,,,False,False,False,False,False,False,False,False,False,False,False,False,False,NORMAL
2026-10-07 17:48:16.701370+00:00,1791395296699.0,temperature,True,0.97,rear_center,24.0,OK,MONITORING,True,24.0,,,,,,,False,False,False,False,False,False,False,False,False,False,False,False,False,NORMAL
2026-10-07 17:48:16.702092+00:00,,guardian_state,True,0.97,rear_center,24.0,OK,MONITORING,True,24.0,,,,,,,False,False,False,False,False,False,False,False,False,False,False,False,False,NORMAL
2026-10-07 17:48:18.707990+00:00,1791395298705.0,temperature,True,0.97,rear_center,24.0,OK,MONITORING,True,24.0,,,,,,,False,False,False,False,False,False,False,False,False,False,False,False,False,NORMAL
2026-10-07 17:48:18.708905+00:00,,guardian_state,True,0.97,rear_center,24.0,OK,MONITORING,True,24.0,,,,,,,False,False,False,False,False,False,False,False,False,False,False,False,False,NORMAL
2026-10-07 17:48:20.712981+00:00,1791395300710.0,temperature,True,0.97,rear_center,24.0,OK,MONITORING,True,24.0,,,,,,,False,False,False,False,False,False,False,False,False,False,False,False,False,NORMAL
2026-10-07 17:48:20.713863+00:00,,guardian_state,True,0.97,rear_center,24.0,OK,MONITORING,True,24.0,,,,,,,False,False,False,False,False,False,False,False,False,False,False,False,False,NORMAL
2026-10-07 17:48:22.714834+00:00,1791395302711.0,temperature,True,0.97,rear_center,24.0,OK,MONITORING,True,24.0,,,,,,,False,False,False,False,False,False,False,False,False,False,False,False,False,NORMAL
2026-10-07 17:48:22.715639+00:00,,guardian_state,True,0.97,rear_center,24.0,OK,MONITORING,True,24.0,,,,,,,False,False,False,False,False,False,False,False,False,False,False,False,False,NORMAL
2026-10-07 17:48:24.717771+00:00,1791395304714.0,temperature,True,0.97,rear_center,24.0,OK,MONITORING,True,24.0,,,,,,,False,False,False,False,False,False,False,False,False,False,False,False,False,NORMAL
2026-10-07 17:48:24.718624+00:00,,guardian_state,True,0.97,rear_center,24.0,OK,MONITORING,True,24.0,,,,,,,False,False,False,False,False,False,False,False,False,False,False,False,False,NORMAL
2026-10-07 17:48:25.718624+00:00,1791395305718.0,temperature,True,0.97,rear_center,23.83,OK,MONITORING,True,24.0,,,,,,,False,False,False,False,False,False,False,False,False,False,False,False,False,NORMAL
2026-10-07 17:48:26.718624+00:00,1791395306718.0,guardian_state,True,0.97,rear_center,23.83,OK,MONITORING,False,23.7,,,,,,,False,False,False,False,False,False,False,False,False,False,False,False,False,NORMAL
2026-10-07 17:48:27.718624+00:00,1791395307718.0,child_presence,False,0.975,rear_center,23.83,OK,MONITORING,False,23.7,,,,,,,False,False,False,False,False,False,False,False,False,False,False,False,False,NORMAL
2026-10-07 17:48:28.718624+00:00,1791395308718.0,guardian_state,False,0.975,rear_center,23.83,OK,MONITORING,False,23.6,,,,,,,False,False,False,False,False,False,False,False,False,False,False,False,False,NORMAL
2026-10-07 17:48:29.718624+00:00,1791395309718.0,window_state,False,0.975,rear_center,23.83,OK,MONITORING,False,23.6,0.0,True,,,,,False,False,False,False,False,False,False,False,False,False,False,False,False,NORMAL
2026-10-07 17:48:30.718624+00:00,1791395310718.0,hvac_state,False,0.975,rear_center,23.83,OK,MONITORING,False,23.6,0.0,True,22.0,False,0.0,False,False,False,False,False,False,False,False,False,False,False,False,False,False,NORMAL
2026-10-07 17:48:31.718624+00:00,1791395311718.0,temperature,False,0.975,rear_center,23.77,OK,MONITORING,False,23.6,0.0,True,22.0,False,0.0,False,False,False,False,False,False,False,False,False,False,False,False,False,False,NORMAL
2026-10-07 17:48:32.718624+00:00,1791395312718.0,guardian_state,False,0.975,rear_center,23.77,OK,MONITORING,False,23.8,0.0,True,22.0,False,0.0,False,False,False,False,False,False,False,False,False,False,False,False,False,False,NORMAL
2026-10-07 17:48:33.718624+00:00,1791395313718.0,window_state,False,0.975,rear_center,23.77,OK,MONITORING,False,23.8,0.0,True,22.0,False,0.0,False,False,False,False,False,False,False,False,False,False,False,False,False,False,NORMAL
2026-10-07 17:48:34.718624+00:00,1791395314718.0,hvac_state,False,0.975,rear_center,23.77,OK,MONITORING,False,23.8,0.0,True,22.0,False,0.0,False,False,False,False,False,False,False,False,False,False,False,False,False,False,NORMAL
2026-10-07 17:48:35.718624+00:00,1791395315718.0,temperature,False,0.975,rear_center,23.88,OK,MONITORING,False,23.8,0.0,True,22.0,False,0.0,False,False,False,False,False,False,False,False,False,False,False,False,False,False,NORMAL
2026-10-07 17:48:36.718624+00:00,1791395316718.0,guardian_state,False,0.975,rear_center,23.88,OK,MONITORING,False,23.81,0.0,True,22.0,False,0.0,False,False,False,False,False,False,False,False,False,False,False,False,False,False,NORMAL
2026-10-07 17:48:37.718624+00:00,1791395317718.0,child_presence,False,0.972,rear_center,23.88,OK,MONITORING,False,23.81,0.0,True,22.0,False,0.0,False,False,False,False,False,False,False,False,False,False,False,False,False,False,NORMAL
2026-10-07 17:48:38.718624+00:00,1791395318718.0,guardian_state,False,0.972,rear_center,23.88,OK,MONITORING,False,23.71,0.0,True,22.0,False,0.0,False,False,False,False,False,False,False,False,False,False,False,False,False,False,NORMAL
2026-10-07 17:48:39.718624+00:00,1791395319718.0,window_state,False,0.972,rear_center,23.88,OK,MONITORING,False,23.71,0.0,True,22.0,False,0.0,False,False,False,False,False,False,False,False,False,False,False,False,False,False,NORMAL
2026-10-07 17:48:40.718624+00:00,1791395320718.0,hvac_state,False,0.972,rear_center,23.88,OK,MONITORING,False,23.71,0.0,True,22.0,False,0.0,False,False,False,False,False,False,False,False,False,False,False,False,False,False,NORMAL
2026-10-07 17:48:41.718624+00:00,1791395321718.0,temperature,False,0.972,rear_center,23.89,OK,MONITORING,False,23.71,0.0,True,22.0,False,0.0,False,False,False,False,False,False,False,False,False,False,False,False,False,False,NORMAL
2026-10-07 17:48:42.718624+00:00,1791395322718.0,guardian_state,False,0.972,rear_center,23.89,OK,MONITORING,False,23.8,0.0,True,22.0,False,0.0,False,False,False,False,False,False,False,False,False,False,False,False,False,False,NORMAL
2026-10-07 17:48:43.718624+00:00,1791395323718.0,window_state,False,0.972,rear_center,23.89,OK,MONITORING,False,23.8,0.0,True,22.0,False,0.0,False,False,False,False,False,False,False,False,False,False,False,False,False,False,NORMAL
2026-10-07 17:48:44.718624+00:00,1791395324718.0,hvac_state,False,0.972,rear_center,23.89,OK,MONITORING,False,23.8,0.0,True,22.0,False,0.0,False,False,False,False,False,False,False,False,False,False,False,False,False,False,NORMAL
2026-10-07 17:48:45.718624+00:00,1791395325718.0,temperature,False,0.972,rear_center,23.92,OK,MONITORING,False,23.8,0.0,True,22.0,False,0.0,False,False,False,False,False,False,False,False,False,False,False,False,False,False,NORMAL
2026-10-07 17:48:46.718624+00:00,1791395326718.0,guardian_state,False,0.972,rear_center,23.92,OK,MONITORING,False,23.78,0.0,True,22.0,False,0.0,False,False,False,False,False,False,False,False,False,False,False,False,False,False,NORMAL
2026-10-07 17:48:47.718624+00:00,1791395327718.0,child_presence,False,0.968,rear_center,23.92,OK,MONITORING,False,23.78,0.0,True,22.0,False,0.0,False,False,False,False,False,False,False,False,False,False,False,False,False,False,NORMAL
2026-10-07 17:48:48.718624+00:00,1791395328718.0,guardian_state,False,0.968,rear_center,23.92,OK,MONITORING,False,23.85,0.0,True,22.0,False,0.0,False,False,False,False,False,False,False,False,False,False,False,False,False,False,NORMAL
2026-10-07 17:48:49.718624+00:00,1791395329718.0,window_state,False,0.968,rear_center,23.92,OK,MONITORING,False,23.85,0.0,True,22.0,False,0.0,False,False,False,False,False,False,False,False,False,False,False,False,False,False,NORMAL
2026-10-07 17:48:50.718624+00:00,1791395330718.0,hvac_state,False,0.968,rear_center,23.92,OK,MONITORING,False,23.85,0.0,True,22.0,False,0.0,False,False,False,False,False,False,False,False,False,False,False,False,False,False,NORMAL
2026-10-07 17:48:51.718624+00:00,1791395331718.0,temperature,False,0.968,rear_center,23.84,OK,MONITORING,False,23.85,0.0,True,22.0,False,0.0,False,False,False,False,False,False,False,False,False,False,False,False,False,False,NORMAL
2026-10-07 17:48:52.718624+00:00,1791395332718.0,guardian_state,False,0.968,rear_center,23.84,OK,MONITORING,False,24.01,0.0,True,22.0,False,0.0,False,False,False,False,False,False,False,False,False,False,False,False,False,False,NORMAL
2026-10-07 17:48:53.718624+00:00,1791395333718.0,window_state,False,0.968,rear_center,23.84,OK,MONITORING,False,24.01,0.0,True,22.0,False,0.0,False,False,False,False,False,False,False,False,False,False,False,False,False,False,NORMAL
2026-10-07 17:48:54.718624+00:00,1791395334718.0,hvac_state,False,0.968,rear_center,23.84,OK,MONITORING,False,24.01,0.0,True,22.0,False,0.0,False,False,False,False,False,False,False,False,False,False,False,False,False,False,NORMAL
2026-10-07 17:48:55.718624+00:00,1791395335718.0,temperature,False,0.968,rear_center,23.72,OK,MONITORING,False,24.01,0.0,True,22.0,False,0.0,False,False,False,False,False,False,False,False,False,False,False,False,False,False,NORMAL
2026-10-07 17:48:56.718624+00:00,1791395336718.0,guardian_state,False,0.968,rear_center,23.72,OK,MONITORING,False,23.86,0.0,True,22.0,False,0.0,False,False,False,False,False,False,False,False,False,False,False,False,False,False,NORMAL
2026-10-07 17:48:57.718624+00:00,1791395337718.0,child_presence,False,0.969,rear_center,23.72,OK,MONITORING,False,23.86,0.0,True,22.0,False,0.0,False,False,False,False,False,False,False,False,False,False,False,False,False,False,NORMAL
2026-10-07 17:48:58.718624+00:00,1791395338718.0,guardian_state,False,0.969,rear_center,23.72,OK,MONITORING,False,23.72,0.0,True,22.0,False,0.0,False,False,False,False,False,False,False,False,False,False,False,False,False,False,NORMAL
2026-10-07 17:48:59.718624+00:00,1791395339718.0,window_state,False,0.969,rear_center,23.72,OK,MONITORING,False,23.72,0.0,True,22.0,False,0.0,False,False,False,False,False,False,False,False,False,False,False,False,False,False,NORMAL
2026-10-07 17:49:00.718624+00:00,1791395340718.0,hvac_state,False,0.969,rear_center,23.72,OK,MONITORING,False,23.72,0.0,True,22.0,False,0.0,False,False,False,False,False,False,False,False,False,False,False,False,False,False,NORMAL
2026-10-07 17:49:01.718624+00:00,1791395341718.0,temperature,False,0.969,rear_center,23.87,OK,MONITORING,False,23.72,0.0,True,22.0,False,0.0,False,False,False,False,False,False,False,False,False,False,False,False,False,False,NORMAL
2026-10-07 17:49:02.718624+00:00,1791395342718.0,guardian_state,False,0.969,rear_center,23.87,OK,MONITORING,False,23.85,0.0,True,22.0,False,0.0,False,False,False,False,False,False,False,False,False,False,False,False,False,False,NORMAL
2026-10-07 17:49:03.718624+00:00,1791395343718.0,window_state,False,0.969,rear_center,23.87,OK,MONITORING,False,23.85,0.0,True,22.0,False,0.0,False,False,False,False,False,False,False,False,False,False,False,False,False,False,NORMAL
2026-10-07 17:49:04.718624+00:00,1791395344718.0,hvac_state,False,0.969,rear_center,23.87,OK,MONITORING,False,23.85,0.0,True,22.0,False,0.0,False,False,False,False,False,False,False,False,False,False,False,False,False,False,NORMAL
2026-10-07 17:49:05.718624+00:00,1791395345718.0,temperature,False,0.969,rear_center,23.81,OK,MONITORING,False,23.85,0.0,True,22.0,False,0.0,False,False,False,False,False,False,False,False,False,False,False,False,False,False,NORMAL
2026-10-07 17:49:06.718624+00:00,1791395346718.0,guardian_state,False,0.969,rear_center,23.81,OK,MONITORING,False,23.82,0.0,True,22.0,False,0.0,False,False,False,False,False,False,False,False,False,False,False,False,False,False,NORMAL
2026-10-07 17:49:07.718624+00:00,1791395347718.0,child_presence,False,0.971,rear_center,23.81,OK,MONITORING,False,23.82,0.0,True,22.0,False,0.0,False,False,False,False,False,False,False,False,False,False,False,False,False,False,NORMAL
2026-10-07 17:49:08.718624+00:00,1791395348718.0,guardian_state,False,0.971,rear_center,23.81,OK,MONITORING,False,23.87,0.0,True,22.0,False,0.0,False,False,False,False,False,False,False,False,False,False,False,False,False,False,NORMAL
2026-10-07 17:49:09.718624+00:00,1791395349718.0,window_state,False,0.971,rear_center,23.81,OK,MONITORING,False,23.87,0.0,True,22.0,False,0.0,False,False,False,False,False,False,False,False,False,False,False,False,False,False,NORMAL
2026-10-07 17:49:10.718624+00:00,1791395350718.0,hvac_state,False,0.971,rear_center,23.81,OK,MONITORING,False,23.87,0.0,True,22.0,False,0.0,False,False,False,False,False,False,False,False,False,False,False,False,False,False,NORMAL
2026-10-07 17:49:11.718624+00:00,1791395351718.0,temperature,False,0.971,rear_center,23.86,OK,MONITORING,False,23.87,0.0,True,22.0,False,0.0,False,False,False,False,False,False,False,False,False,False,False,False,False,False,NORMAL
2026-10-07 17:49:12.718624+00:00,1791395352718.0,guardian_state,False,0.971,rear_center,23.86,OK,MONITORING,False,23.65,0.0,True,22.0,False,0.0,False,False,False,False,False,False,False,False,False,False,False,False,False,False,NORMAL
2026-10-07 17:49:13.718624+00:00,1791395353718.0,window_state,False,0.971,rear_center,23.86,OK,MONITORING,False,23.65,0.0,True,22.0,False,0.0,False,False,False,False,False,False,False,False,False,False,False,False,False,False,NORMAL
2026-10-07 17:49:14.718624+00:00,1791395354718.0,hvac_state,False,0.971,rear_center,23.86,OK,MONITORING,False,23.65,0.0,True,22.0,False,0.0,False,False,False,False,False,False,False,False,False,False,False,False,False,False,NORMAL
2026-10-07 17:49:15.718624+00:00,1791395355718.0,temperature,False,0.971,rear_center,23.74,OK,MONITORING,False,23.65,0.0,True,22.0,False,0.0,False,False,False,False,False,False,False,False,False,False,False,False,False,False,NORMAL
2026-10-07 17:49:16.718624+00:00,1791395356718.0,guardian_state,False,0.971,rear_center,23.74,OK,MONITORING,False,23.77,0.0,True,22.0,False,0.0,False,False,False,False,False,False,False,False,False,False,False,False,False,False,NORMAL
2026-10-07 17:49:17.718624+00:00,1791395357718.0,child_presence,False,0.966,rear_center,23.74,OK,MONITORING,False,23.77,0.0,True,22.0,False,0.0,False,False,False,False,False,False,False,False,False,False,False,False,False,False,NORMAL
2026-10-07 17:49:18.718624+00:00,1791395358718.0,guardian_state,False,0.966,rear_center,23.74,OK,MONITORING,False,23.9,0.0,True,22.0,False,0.0,False,False,False,False,False,False,False,False,False,False,False,False,False,False,NORMAL
2026-10-07 17:49:19.718624+00:00,1791395359718.0,window_state,False,0.966,rear_center,23.74,OK,MONITORING,False,23.9,0.0,True,22.0,False,0.0,False,False,False,False,False,False,False,False,False,False,False,False,False,False,NORMAL
2026-10-07 17:49:20.718624+00:00,1791395360718.0,hvac_state,False,0.966,rear_center,23.74,OK,MONITORING,False,23.9,0.0,True,22.0,False,0.0,False,False,False,False,False,False,False,False,False,False,False,False,False,False,NORMAL
2026-10-07 17:49:21.718624+00:00,1791395361718.0,temperature,False,0.966,rear_center,23.82,OK,MONITORING,False,23.9,0.0,True,22.0,False,0.0,False,False,False,False,False,False,False,False,False,False,False,False,False,False,NORMAL
2026-10-07 17:49:22.718624+00:00,1791395362718.0,guardian_state,False,0.966,rear_center,23.82,OK,MONITORING,False,23.86,0.0,True,22.0,False,0.0,False,False,False,False,False,False,False,False,False,False,False,False,False,False,NORMAL
2026-10-07 17:49:23.718624+00:00,1791395363718.0,window_state,False,0.966,rear_center,23.82,OK,MONITORING,False,23.86,0.0,True,22.0,False,0.0,False,False,False,False,False,False,False,False,False,False,False,False,False,False,NORMAL
2026-10-07 17:49:24.718624+00:00,1791395364718.0,hvac_state,False,0.966,rear_center,23.82,OK,MONITORING,False,23.86,0.0,True,22.0,False,0.0,False,False,False,False,False,False,False,False,False,False,False,False,False,False,NORMAL
2026-10-07 17:49:25.718624+00:00,1791395365718.0,temperature,False,0.966,rear_center,23.77,OK,MONITORING,False,23.86,0.0,True,22.0,False,0.0,False,False,False,False,False,False,False,False,False,False,False,False,False,False,NORMAL
2026-10-07 17:49:26.718624+00:00,1791395366718.0,guardian_state,False,0.966,rear_center,23.77,OK,MONITORING,False,23.75,0.0,True,22.0,False,0.0,False,False,False,False,False,False,False,False,False,False,False,False,False,False,NORMAL
2026-10-07 17:49:27.718624+00:00,1791395367718.0,child_presence,False,0.969,rear_center,23.77,OK,MONITORING,False,23.75,0.0,True,22.0,False,0.0,False,False,False,False,False,False,False,False,False,False,False,False,False,False,NORMAL
2026-10-07 17:49:28.718624+00:00,1791395368718.0,guardian_state,False,0.969,rear_center,23.77,OK,MONITORING,False,23.67,0.0,True,22.0,False,0.0,False,False,False,False,False,False,False,False,False,False,False,False,False,False,NORMAL
2026-10-07 17:49:29.718624+00:00,1791395369718.0,window_state,False,0.969,rear_center,23.77,OK,MONITORING,False,23.67,0.0,True,22.0,False,0.0,False,False,False,False,False,False,False,False,False,False,False,False,False,False,NORMAL
2026-10-07 17:49:30.718624+00:00,1791395370718.0,hvac_state,False,0.969,rear_center,23.77,OK,MONITORING,False,23.67,0.0,True,22.0,False,0.0,False,False,False,False,False,False,False,False,False,False,False,False,False,False,NORMAL
2026-10-07 17:49:31.718624+00:00,1791395371718.0,temperature,False,0.969,rear_center,23.85,OK,MONITORING,False,23.67,0.0,True,22.0,False,0.0,False,False,False,False,False,False,False,False,False,False,False,False,False,False,NORMAL
2026-10-07 17:49:32.718624+00:00,1791395372718.0,guardian_state,False,0.969,rear_center,23.85,OK,MONITORING,False,23.81,0.0,True,22.0,False,0.0,False,False,False,False,False,False,False,False,False,False,False,False,False,False,NORMAL
2026-10-07 17:49:33.718624+00:00,1791395373718.0,window_state,False,0.969,rear_center,23.85,OK,MONITORING,False,23.81,0.0,True,22.0,False,0.0,False,False,False,False,False,False,False,False,False,False,False,False,False,False,NORMAL
2026-10-07 17:49:34.718624+00:00,1791395374718.0,hvac_state,False,0.969,rear_center,23.85,OK,MONITORING,False,23.81,0.0,True,22.0,False,0.0,False,False,False,False,False,False,False,False,False,False,False,False,False,False,NORMAL
2026-10-07 17:49:35.718624+00:00,1791395375718.0,temperature,False,0.969,rear_center,23.82,OK,MONITORING,False,23.81,0.0,True,22.0,False,0.0,False,False,False,False,False,False,False,False,False,False,False,False,False,False,NORMAL
2026-10-07 17:49:36.718624+00:00,1791395376718.0,guardian_state,False,0.969,rear_center,23.82,OK,MONITORING,False,23.86,0.0,True,22.0,False,0.0,False,False,False,False,False,False,False,False,False,False,False,False,False,False,NORMAL
2026-10-07 17:49:37.718624+00:00,1791395377718.0,child_presence,False,0.972,rear_center,23.82,OK,MONITORING,False,23.86,0.0,True,22.0,False,0.0,False,False,False,False,False,False,False,False,False,False,False,False,False,False,NORMAL
2026-10-07 17:49:38.718624+00:00,1791395378718.0,guardian_state,False,0.972,rear_center,23.82,OK,MONITORING,False,23.73,0.0,True,22.0,False,0.0,False,False,False,False,False,False,False,False,False,False,False,False,False,False,NORMAL
2026-10-07 17:49:39.718624+00:00,1791395379718.0,window_state,False,0.972,rear_center,23.82,OK,MONITORING,False,23.73,0.0,True,22.0,False,0.0,False,False,False,False,False,False,False,False,False,False,False,False,False,False,NORMAL
2026-10-07 17:49:40.718624+00:00,1791395380718.0,hvac_state,False,0.972,rear_center,23.82,OK,MONITORING,False,23.73,0.0,True,22.0,False,0.0,False,False,False,False,False,False,False,False,False,False,False,False,False,False,NORMAL
2026-10-07 17:49:41.718624+00:00,1791395381718.0,temperature,False,0.972,rear_center,23.68,OK,MONITORING,False,23.73,0.0,True,22.0,False,0.0,False,False,False,False,False,False,False,False,False,False,False,False,False,False,NORMAL
2026-10-07 17:49:42.718624+00:00,1791395382718.0,guardian_state,False,0.972,rear_center,23.68,OK,MONITORING,False,23.85,0.0,True,22.0,False,0.0,False,False,False,False,False,False,False,False,False,False,False,False,False,False,NORMAL
2026-10-07 17:49:43.718624+00:00,1791395383718.0,window_state,False,0.972,rear_center,23.68,OK,MONITORING,False,23.85,0.0,True,22.0,False,0.0,False,False,False,False,False,False,False,False,False,False,False,False,False,False,NORMAL
2026-10-07 17:49:44.718624+00:00,1791395384718.0,hvac_state,False,0.972,rear_center,23.68,OK,MONITORING,False,23.85,0.0,True,22.0,False,0.0,False,False,False,False,False,False,False,False,False,False,False,False,False,False,NORMAL
2026-10-07 17:49:45.718624+00:00,1791395385718.0,temperature,False,0.972,rear_center,23.85,OK,MONITORING,False,23.85,0.0,True,22.0,False,0.0,False,False,False,False,False,False,False,False,False,False,False,False,False,False,NORMAL
2026-10-07 17:49:46.718624+00:00,1791395386718.0,guardian_state,False,0.972,rear_center,23.85,OK,MONITORING,False,23.84,0.0,True,22.0,False,0.0,False,False,False,False,False,False,False,False,False,False,False,False,False,False,NORMAL
2026-10-07 17:49:47.718624+00:00,1791395387718.0,child_presence,False,0.97,rear_center,23.85,OK,MONITORING,False,23.84,0.0,True,22.0,False,0.0,False,False,False,False,False,False,False,False,False,False,False,False,False,False,NORMAL
2026-10-07 17:49:48.718624+00:00,1791395388718.0,guardian_state,False,0.97,rear_center,23.85,OK,MONITORING,False,23.76,0.0,True,22.0,False,0.0,False,False,False,False,False,False,False,False,False,False,False,False,False,False,NORMAL
2026-10-07 17:49:49.718624+00:00,1791395389718.0,window_state,False,0.97,rear_center,23.85,OK,MONITORING,False,23.76,0.0,True,22.0,False,0.0,False,False,False,False,False,False,False,False,False,False,False,False,False,False,NORMAL
2026-10-07 17:49:50.718624+00:00,1791395390718.0,hvac_state,False,0.97,rear_center,23.85,OK,MONITORING,False,23.76,0.0,True,22.0,False,0.0,False,False,False,False,False,False,False,False,False,False,False,False,False,False,NORMAL
2026-10-07 17:49:51.718624+00:00,1791395391718.0,temperature,False,0.97,rear_center,23.66,OK,MONITORING,False,23.76,0.0,True,22.0,False,0.0,False,False,False,False,False,False,False,False,False,False,False,False,False,False,NORMAL
2026-10-07 17:49:52.718624+00:00,1791395392718.0,guardian_state,False,0.97,rear_center,23.66,OK,MONITORING,False,23.67,0.0,True,22.0,False,0.0,False,False,False,False,False,False,False,False,False,False,False,False,False,False,NORMAL
2026-10-07 17:49:53.718624+00:00,1791395393718.0,window_state,False,0.97,rear_center,23.66,OK,MONITORING,False,23.67,0.0,True,22.0,False,0.0,False,False,False,False,False,False,False,False,False,False,False,False,False,False,NORMAL
2026-10-07 17:49:54.718624+00:00,1791395394718.0,hvac_state,False,0.97,rear_center,23.66,OK,MONITORING,False,23.67,0.0,True,22.0,False,0.0,False,False,False,False,False,False,False,False,False,False,False,False,False,False,NORMAL
2026-10-07 17:49:55.718624+00:00,1791395395718.0,temperature,False,0.97,rear_center,23.71,OK,MONITORING,False,23.67,0.0,True,22.0,False,0.0,False,False,False,False,False,False,False,False,False,False,False,False,False,False,NORMAL
2026-10-07 17:49:56.718624+00:00,1791395396718.0,guardian_state,False,0.97,rear_center,23.71,OK,MONITORING,False,23.76,0.0,True,22.0,False,0.0,False,False,False,False,False,False,False,False,False,False,False,False,False,False,NORMAL
2026-10-07 17:49:57.718624+00:00,1791395397718.0,child_presence,False,0.968,rear_center,23.71,OK,MONITORING,False,23.76,0.0,True,22.0,False,0.0,False,False,False,False,False,False,False,False,False,False,False,False,False,False,NORMAL
2026-10-07 17:49:58.718624+00:00,1791395398718.0,guardian_state,False,0.968,rear_center,23.71,OK,MONITORING,False,23.87,0.0,True,22.0,False,0.0,False,False,False,False,False,False,False,False,False,False,False,False,False,False,NORMAL
2026-10-07 17:49:59.718624+00:00,1791395399718.0,window_state,False,0.968,rear_center,23.71,OK,MONITORING,False,23.87,0.0,True,22.0,False,0.0,False,False,False,False,False,False,False,False,False,False,False,False,False,False,NORMAL
2026-10-07 17:50:00.718624+00:00,1791395400718.0,hvac_state,False,0.968,rear_center,23.71,OK,MONITORING,False,23.87,0.0,True,22.0,False,0.0,False,False,False,False,False,False,False,False,False,False,False,False,False,False,NORMAL
2026-10-07 17:50:01.718624+00:00,1791395401718.0,temperature,False,0.968,rear_center,23.7,OK,MONITORING,False,23.87,0.0,True,22.0,False,0.0,False,False,False,False,False,False,False,False,False,False,False,False,False,False,NORMAL
2026-10-07 17:50:02.718624+00:00,1791395402718.0,guardian_state,False,0.968,rear_center,23.7,OK,MONITORING,False,23.77,0.0,True,22.0,False,0.0,False,False,False,False,False,False,False,False,False,False,False,False,False,False,NORMAL
2026-10-07 17:50:03.718624+00:00,1791395403718.0,window_state,False,0.968,rear_center,23.7,OK,MONITORING,False,23.77,0.0,True,22.0,False,0.0,False,False,False,False,False,False,False,False,False,False,False,False,False,False,NORMAL
2026-10-07 17:50:04.718624+00:00,1791395404718.0,hvac_state,False,0.968,rear_center,23.7,OK,MONITORING,False,23.77,0.0,True,22.0,False,0.0,False,False,False,False,False,False,False,False,False,False,False,False,False,False,NORMAL
2026-10-07 17:50:05.718624+00:00,1791395405718.0,temperature,False,0.968,rear_center,23.53,OK,MONITORING,False,23.77,0.0,True,22.0,False,0.0,False,False,False,False,False,False,False,False,False,False,False,False,False,False,NORMAL
2026-10-07 17:50:06.718624+00:00,1791395406718.0,guardian_state,False,0.968,rear_center,23.53,OK,MONITORING,True,23.52,0.0,True,22.0,False,0.0,False,False,False,False,False,False,False,False,False,False,False,False,False,False,NORMAL
2026-10-07 17:50:07.718624+00:00,1791395407718.0,child_presence,True,0.963,rear_center,23.53,OK,MONITORING,True,23.52,0.0,True,22.0,False,0.0,False,False,False,False,False,False,False,False,False,False,False,False,False,False,NORMAL
2026-10-07 17:50:08.718624+00:00,1791395408718.0,guardian_state,True,0.963,rear_center,23.53,OK,MONITORING,True,23.51,0.0,True,22.0,False,0.0,False,False,False,False,False,False,False,False,False,False,False,False,False,False,NORMAL
2026-10-07 17:50:09.718624+00:00,1791395409718.0,window_state,True,0.963,rear_center,23.53,OK,MONITORING,True,23.51,0.0,True,22.0,False,0.0,False,False,False,False,False,False,False,False,False,False,False,False,False,False,NORMAL
2026-10-07 17:50:10.718624+00:00,1791395410718.0,hvac_state,True,0.963,rear_center,23.53,OK,MONITORING,True,23.51,0.0,True,22.0,True,40.0,False,False,False,False,False,False,False,False,False,False,False,False,False,False,NORMAL
2026-10-07 17:50:11.718624+00:00,1791395411718.0,temperature,True,0.963,rear_center,23.5,OK,MONITORING,True,23.51,0.0,True,22.0,True,40.0,False,False,False,False,False,False,False,False,False,False,False,False,False,False,NORMAL
2026-10-07 17:50:12.718624+00:00,1791395412718.0,guardian_state,True,0.963,rear_center,23.5,OK,MONITORING,True,23.63,0.0,True,22.0,True,40.0,False,False,False,False,False,False,False,False,False,False,False,False,False,False,NORMAL
2026-10-07 17:50:13.718624+00:00,1791395413718.0,window_state,True,0.963,rear_center,23.5,OK,MONITORING,True,23.63,0.0,True,22.0,True,40.0,False,False,False,False,False,False,False,False,False,False,False,False,False,False,NORMAL
2026-10-07 17:50:14.718624+00:00,1791395414718.0,hvac_state,True,0.963,rear_center,23.5,OK,MONITORING,True,23.63,0.0,True,22.0,True,40.0,False,False,False,False,False,False,False,False,False,False,False,False,False,False,NORMAL
2026-10-07 17:50:15.718624+00:00,1791395415718.0,temperature,True,0.963,rear_center,23.51,OK,MONITORING,True,23.63,0.0,True,22.0,True,40.0,False,False,False,False,False,False,False,False,False,False,False,False,False,False,NORMAL
2026-10-07 17:50:16.718624+00:00,1791395416718.0,guardian_state,True,0.963,rear_center,23.51,OK,MONITORING,True,23.52,0.0,True,22.0,True,40.0,False,False,False,False,False,False,False,False,False,False,False,False,False,False,NORMAL
2026-10-07 17:50:17.718624+00:00,1791395417718.0,child_presence,True,0.974,rear_center,23.51,OK,MONITORING,True,23.52,0.0,True,22.0,True,40.0,False,False,False,False,False,False,False,False,False,False,False,False,False,False,NORMAL
2026-10-07 17:50:18.718624+00:00,1791395418718.0,guardian_state,True,0.974,rear_center,23.51,OK,MONITORING,True,23.53,0.0,True,22.0,True,40.0,False,False,False,False,False,False,False,False,False,False,False,False,False,False,NORMAL
2026-10-07 17:50:19.718624+00:00,1791395419718.0,window_state,True,0.974,rear_center,23.51,OK,MONITORING,True,23.53,0.0,True,22.0,True,40.0,False,False,False,False,False,False,False,False,False,False,False,False,False,False,NORMAL
2026-10-07 17:50:20.718624+00:00,1791395420718.0,hvac_state,True,0.974,rear_center,23.51,OK,MONITORING,True,23.53,0.0,True,22.0,True,40.0,False,False,False,False,False,False,False,False,False,False,False,False,False,False,NORMAL
2026-10-07 17:50:21.718624+00:00,1791395421718.0,temperature,True,0.974,rear_center,23.45,OK,MONITORING,True,23.53,0.0,True,22.0,True,40.0,False,False,False,False,False,False,False,False,False,False,False,False,False,False,NORMAL
2026-10-07 17:50:22.718624+00:00,1791395422718.0,guardian_state,True,0.974,rear_center,23.45,OK,MONITORING,True,23.43,0.0,True,22.0,True,40.0,False,False,False,False,False,False,False,False,False,False,False,False,False,False,NORMAL
2026-10-07 17:50:23.718624+00:00,1791395423718.0,window_state,True,0.974,rear_center,23.45,OK,MONITORING,True,23.43,0.0,True,22.0,True,40.0,False,False,False,False,False,False,False,False,False,False,False,False,False,False,NORMAL
2026-10-07 17:50:24.718624+00:00,1791395424718.0,hvac_state,True,0.974,rear_center,23.45,OK,MONITORING,True,23.43,0.0,True,22.0,True,40.0,False,False,False,False,False,False,False,False,False,False,False,False,False,False,NORMAL
2026-10-07 17:50:25.718624+00:00,1791395425718.0,temperature,True,0.974,rear_center,23.55,OK,MONITORING,True,23.43,0.0,True,22.0,True,40.0,False,False,False,False,False,False,False,False,False,False,False,False,False,False,NORMAL
2026-10-07 17:50:26.718624+00:00,1791395426718.0,guardian_state,True,0.974,rear_center,23.55,OK,MONITORING,True,23.48,0.0,True,22.0,True,40.0,False,False,False,False,False,False,False,False,False,False,False,False,False,False,NORMAL
2026-10-07 17:50:27.718624+00:00,1791395427718.0,child_presence,True,0.965,rear_center,23.55,OK,MONITORING,True,23.48,0.0,True,22.0,True,40.0,False,False,False,False,False,False,False,False,False,False,False,False,False,False,NORMAL
2026-10-07 17:50:28.718624+00:00,1791395428718.0,guardian_state,True,0.965,rear_center,23.55,OK,MONITORING,True,23.53,0.0,True,22.0,True,40.0,False,False,False,False,False,False,False,False,False,False,False,False,False,False,NORMAL
2026-10-07 17:50:29.718624+00:00,1791395429718.0,window_state,True,0.965,rear_center,23.55,OK,MONITORING,True,23.53,0.0,True,22.0,True,40.0,False,False,False,False,False,False,False,False,False,False,False,False,False,False,NORMAL
2026-10-07 17:50:30.718624+00:00,1791395430718.0,hvac_state,True,0.965,rear_center,23.55,OK,MONITORING,True,23.53,0.0,True,22.0,True,40.0,False,False,False,False,False,False,False,False,False,False,False,False,False,False,NORMAL
2026-10-07 17:50:31.718624+00:00,1791395431718.0,temperature,True,0.965,rear_center,23.73,OK,MONITORING,True,23.53,0.0,True,22.0,True,40.0,False,False,False,False,False,False,False,False,False,False,False,False,False,False,NORMAL
2026-10-07 17:50:32.718624+00:00,1791395432718.0,guardian_state,True,0.965,rear_center,23.73,OK,MONITORING,True,23.53,0.0,True,22.0,True,40.0,False,False,False,False,False,False,False,False,False,False,False,False,False,False,NORMAL
2026-10-07 17:50:33.718624+00:00,1791395433718.0,window_state,True,0.965,rear_center,23.73,OK,MONITORING,True,23.53,0.0,True,22.0,True,40.0,False,False,False,False,False,False,False,False,False,False,False,False,False,False,NORMAL
2026-10-07 17:50:34.718624+00:00,1791395434718.0,hvac_state,True,0.965,rear_center,23.73,OK,MONITORING,True,23.53,0.0,True,22.0,True,40.0,False,False,False,False,False,False,False,False,False,False,False,False,False,False,NORMAL
2026-10-07 17:50:35.718624+00:00,1791395435718.0,temperature,True,0.965,rear_center,23.52,OK,MONITORING,True,23.53,0.0,True,22.0,True,40.0,False,False,False,False,False,False,False,False,False,False,False,False,False,False,NORMAL
2026-10-07 17:50:36.718624+00:00,1791395436718.0,guardian_state,True,0.965,rear_center,23.52,OK,MONITORING,True,23.43,0.0,True,22.0,True,40.0,False,False,False,False,False,False,False,False,False,False,False,False,False,False,NORMAL
2026-10-07 17:50:37.718624+00:00,1791395437718.0,child_presence,True,0.967,rear_center,23.52,OK,MONITORING,True,23.43,0.0,True,22.0,True,40.0,False,False,False,False,False,False,False,False,False,False,False,False,False,False,NORMAL
2026-10-07 17:50:38.718624+00:00,1791395438718.0,guardian_state,True,0.967,rear_center,23.52,OK,MONITORING,True,23.49,0.0,True,22.0,True,40.0,False,False,False,False,False,False,False,False,False,False,False,False,False,False,NORMAL
2026-10-07 17:50:39.718624+00:00,1791395439718.0,window_state,True,0.967,rear_center,23.52,OK,MONITORING,True,23.49,0.0,True,22.0,True,40.0,False,False,False,False,False,False,False,False,False,False,False,False,False,False,NORMAL
2026-10-07 17:50:40.718624+00:00,1791395440718.0,hvac_state,True,0.967,rear_center,23.52,OK,MONITORING,True,23.49,0.0,True,22.0,True,40.0,False,False,False,False,False,False,False,False,False,False,False,False,False,False,NORMAL
2026-10-07 17:50:41.718624+00:00,1791395441718.0,temperature,True,0.967,rear_center,23.49,OK,MONITORING,True,23.49,0.0,True,22.0,True,40.0,False,False,False,False,False,False,False,False,False,False,False,False,False,False,NORMAL
2026-10-07 17:50:42.718624+00:00,1791395442718.0,guardian_state,True,0.967,rear_center,23.49,OK,MONITORING,True,23.42,0.0,True,22.0,True,40.0,False,False,False,False,False,False,False,False,False,False,False,False,False,False,NORMAL
2026-10-07 17:50:43.718624+00:00,1791395443718.0,window_state,True,0.967,rear_center,23.49,OK,MONITORING,True,23.42,0.0,True,22.0,True,40.0,False,False,False,False,False,False,False,False,False,False,False,False,False,False,NORMAL
2026-10-07 17:50:44.718624+00:00,1791395444718.0,hvac_state,True,0.967,rear_center,23.49,OK,MONITORING,True,23.42,0.0,True,22.0,True,40.0,False,False,False,False,False,False,False,False,False,False,False,False,False,False,NORMAL
2026-10-07 17:50:45.718624+00:00,1791395445718.0,temperature,True,0.967,rear_center,23.5,OK,MONITORING,True,23.42,0.0,True,22.0,True,40.0,False,False,False,False,False,False,False,False,False,False,False,False,False,False,NORMAL
2026-10-07 17:50:46.718624+00:00,1791395446718.0,guardian_state,True,0.967,rear_center,23.5,OK,MONITORING,True,23.64,0.0,True,22.0,True,40.0,False,False,False,False,False,False,False,False,False,False,False,False,False,False,NORMAL
2026-10-07 17:50:47.718624+00:00,1791395447718.0,child_presence,True,0.975,rear_center,23.5,OK,MONITORING,True,23.64,0.0,True,22.0,True,40.0,False,False,False,False,False,False,False,False,False,False,False,False,False,False,NORMAL
2026-10-07 17:50:48.718624+00:00,1791395448718.0,guardian_state,True,0.975,rear_center,23.5,OK,MONITORING,True,23.46,0.0,True,22.0,True,40.0,False,False,False,False,False,False,False,False,False,False,False,False,False,False,NORMAL
2026-10-07 17:50:49.718624+00:00,1791395449718.0,window_state,True,0.975,rear_center,23.5,OK,MONITORING,True,23.46,0.0,True,22.0,True,40.0,False,False,False,False,False,False,False,False,False,False,False,False,False,False,NORMAL
2026-10-07 17:50:50.718624+00:00,1791395450718.0,hvac_state,True,0.975,rear_center,23.5,OK,MONITORING,True,23.46,0.0,True,22.0,True,40.0,False,False,False,False,False,False,False,False,False,False,False,False,False,False,NORMAL
2026-10-07 17:50:51.718624+00:00,1791395451718.0,temperature,True,0.975,rear_center,23.44,OK,MONITORING,True,23.46,0.0,True,22.0,True,40.0,False,False,False,False,False,False,False,False,False,False,False,False,False,False,NORMAL
2026-10-07 17:50:52.718624+00:00,1791395452718.0,guardian_state,True,0.975,rear_center,23.44,OK,MONITORING,True,23.67,0.0,True,22.0,True,40.0,False,False,False,False,False,False,False,False,False,False,False,False,False,False,NORMAL
2026-10-07 17:50:53.718624+00:00,1791395453718.0,window_state,True,0.975,rear_center,23.44,OK,MONITORING,True,23.67,0.0,True,22.0,True,40.0,False,False,False,False,False,False,False,False,False,False,False,False,False,False,NORMAL
2026-10-07 17:50:54.718624+00:00,1791395454718.0,hvac_state,True,0.975,rear_center,23.44,OK,MONITORING,True,23.67,0.0,True,22.0,True,40.0,False,False,False,False,False,False,False,False,False,False,False,False,False,False,NORMAL
2026-10-07 17:50:55.718624+00:00,1791395455718.0,temperature,True,0.975,rear_center,23.43,OK,MONITORING,True,23.67,0.0,True,22.0,True,40.0,False,False,False,False,False,False,False,False,False,False,False,False,False,False,NORMAL
2026-10-07 17:50:56.718624+00:00,1791395456718.0,guardian_state,True,0.975,rear_center,23.43,OK,MONITORING,True,23.57,0.0,True,22.0,True,40.0,False,False,False,False,False,False,False,False,False,False,False,False,False,False,NORMAL
2026-10-07 17:50:57.718624+00:00,1791395457718.0,child_presence,True,0.969,rear_center,23.43,OK,MONITORING,True,23.57,0.0,True,22.0,True,40.0,False,False,False,False,False,False,False,False,False,False,False,False,False,False,NORMAL
2026-10-07 17:50:58.718624+00:00,1791395458718.0,guardian_state,True,0.969,rear_center,23.43,OK,MONITORING,True,23.5,0.0,True,22.0,True,40.0,False,False,False,False,False,False,False,False,False,False,False,False,False,False,NORMAL
2026-10-07 17:50:59.718624+00:00,1791395459718.0,window_state,True,0.969,rear_center,23.43,OK,MONITORING,True,23.5,0.0,True,22.0,True,40.0,False,False,False,False,False,False,False,False,False,False,False,False,False,False,NORMAL
2026-10-07 17:51:00.718624+00:00,1791395460718.0,hvac_state,True,0.969,rear_center,23.43,OK,MONITORING,True,23.5,0.0,True,22.0,True,40.0,False,False,False,False,False,False,False,False,False,False,False,False,False,False,NORMAL
2026-10-07 17:51:01.718624+00:00,1791395461718.0,temperature,True,0.969,rear_center,23.46,OK,MONITORING,True,23.5,0.0,True,22.0,True,40.0,False,False,False,False,False,False,False,False,False,False,False,False,False,False,NORMAL
2026-10-07 17:51:02.718624+00:00,1791395462718.0,guardian_state,True,0.969,rear_center,23.46,OK,MONITORING,True,23.4,0.0,True,22.0,True,40.0,False,False,False,False,False,False,False,False,False,False,False,False,False,False,NORMAL
2026-10-07 17:51:03.718624+00:00,1791395463718.0,window_state,True,0.969,rear_center,23.46,OK,MONITORING,True,23.4,0.0,True,22.0,True,40.0,False,False,False,False,False,False,False,False,False,False,False,False,False,False,NORMAL
2026-10-07 17:51:04.718624+00:00,1791395464718.0,hvac_state,True,0.969,rear_center,23.46,OK,MONITORING,True,23.4,0.0,True,22.0,True,40.0,False,False,False,False,False,False,False,False,False,False,False,False,False,False,NORMAL
2026-10-07 17:51:05.718624+00:00,1791395465718.0,temperature,True,0.969,rear_center,23.63,OK,MONITORING,True,23.4,0.0,True,22.0,True,40.0,False,False,False,False,False,False,False,False,False,False,False,False,False,False,NORMAL
2026-10-07 17:51:06.718624+00:00,1791395466718.0,guardian_state,True,0.969,rear_center,23.63,OK,MONITORING,True,23.51,0.0,True,22.0,True,40.0,False,False,False,False,False,False,False,False,False,False,False,False,False,False,NORMAL
2026-10-07 17:51:07.718624+00:00,1791395467718.0,child_presence,True,0.971,rear_center,23.63,OK,MONITORING,True,23.51,0.0,True,22.0,True,40.0,False,False,False,False,False,False,False,False,False,False,False,False,False,False,NORMAL
2026-10-07 17:51:08.718624+00:00,1791395468718.0,guardian_state,True,0.971,rear_center,23.63,OK,MONITORING,True,23.6,0.0,True,22.0,True,40.0,False,False,False,False,False,False,False,False,False,False,False,False,False,False,NORMAL
2026-10-07 17:51:09.718624+00:00,1791395469718.0,window_state,True,0.971,rear_center,23.63,OK,MONITORING,True,23.6,0.0,True,22.0,True,40.0,False,False,False,False,False,False,False,False,False,False,False,False,False,False,NORMAL
2026-10-07 17:51:10.718624+00:00,1791395470718.0,hvac_state,True,0.971,rear_center,23.63,OK,MONITORING,True,23.6,0.0,True,22.0,True,40.0,False,False,False,False,False,False,False,False,False,False,False,False,False,False,NORMAL
2026-10-07 17:51:11.718624+00:00,1791395471718.0,temperature,True,0.971,rear_center,23.59,OK,MONITORING,True,23.6,0.0,True,22.0,True,40.0,False,False,False,False,False,False,False,False,False,False,False,False,False,False,NORMAL
2026-10-07 17:51:12.718624+00:00,1791395472718.0,guardian_state,True,0.971,rear_center,23.59,OK,MONITORING,True,23.53,0.0,True,22.0,True,40.0,False,False,False,False,False,False,False,False,False,False,False,False,False,False,NORMAL
2026-10-07 17:51:13.718624+00:00,1791395473718.0,window_state,True,0.971,rear_center,23.59,OK,MONITORING,True,23.53,0.0,True,22.0,True,40.0,False,False,False,False,False,False,False,False,False,False,False,False,False,False,NORMAL
2026-10-07 17:51:14.718624+00:00,1791395474718.0,hvac_state,True,0.971,rear_center,23.59,OK,MONITORING,True,23.53,0.0,True,22.0,True,40.0,False,False,False,False,False,False,False,False,False,False,False,False,False,False,NORMAL
2026-10-07 17:51:15.718624+00:00,1791395475718.0,temperature,True,0.971,rear_center,23.4,OK,MONITORING,True,23.53,0.0,True,22.0,True,40.0,False,False,False,False,False,False,False,False,False,False,False,False,False,False,NORMAL
2026-10-07 17:51:16.718624+00:00,1791395476718.0,guardian_state,True,0.971,rear_center,23.4,OK,MONITORING,True,23.39,0.0,True,22.0,True,40.0,False,False,False,False,False,False,False,False,False,False,False,False,False,False,NORMAL
2026-10-07 17:51:17.718624+00:00,1791395477718.0,child_presence,True,0.979,rear_center,23.4,OK,MONITORING,True,23.39,0.0,True,22.0,True,40.0,False,False,False,False,False,False,False,False,False,False,False,False,False,False,NORMAL
2026-10-07 17:51:18.718624+00:00,1791395478718.0,guardian_state,True,0.979,rear_center,23.4,OK,MONITORING,True,23.49,0.0,True,22.0,True,40.0,False,False,False,False,False,False,False,False,False,False,False,False,False,False,NORMAL
2026-10-07 17:51:19.718624+00:00,1791395479718.0,window_state,True,0.979,rear_center,23.4,OK,MONITORING,True,23.49,0.0,True,22.0,True,40.0,False,False,False,False,False,False,False,False,False,False,False,False,False,False,NORMAL
2026-10-07 17:51:20.718624+00:00,1791395480718.0,hvac_state,True,0.979,rear_center,23.4,OK,MONITORING,True,23.49,0.0,True,22.0,True,40.0,False,False,False,False,False,False,False,False,False,False,False,False,False,False,NORMAL
2026-10-07 17:51:21.718624+00:00,1791395481718.0,temperature,True,0.979,rear_center,23.41,OK,MONITORING,True,23.49,0.0,True,22.0,True,40.0,False,False,False,False,False,False,False,False,False,False,False,False,False,False,NORMAL
2026-10-07 17:51:22.718624+00:00,1791395482718.0,guardian_state,True,0.979,rear_center,23.41,OK,MONITORING,True,23.43,0.0,True,22.0,True,40.0,False,False,False,False,False,False,False,False,False,False,False,False,False,False,NORMAL
2026-10-07 17:51:23.718624+00:00,1791395483718.0,window_state,True,0.979,rear_center,23.41,OK,MONITORING,True,23.43,0.0,True,22.0,True,40.0,False,False,False,False,False,False,False,False,False,False,False,False,False,False,NORMAL
2026-10-07 17:51:24.718624+00:00,1791395484718.0,hvac_state,True,0.979,rear_center,23.41,OK,MONITORING,True,23.43,0.0,True,22.0,True,40.0,False,False,False,False,False,False,False,False,False,False,False,False,False,False,NORMAL
2026-10-07 17:51:25.718624+00:00,1791395485718.0,temperature,True,0.979,rear_center,24.0,OK,MONITORING,True,23.43,0.0,True,22.0,True,40.0,False,False,False,False,False,False,False,False,False,False,False,False,False,False,NORMAL
2026-10-07 17:51:26.718624+00:00,1791395486718.0,guardian_state,True,0.979,rear_center,24.0,OK,MONITORING,True,24.06,0.0,True,22.0,True,40.0,False,False,False,False,False,False,False,False,False,False,False,False,False,False,NORMAL
2026-10-07 17:51:27.718624+00:00,1791395487718.0,child_presence,True,0.97,rear_center,24.0,OK,MONITORING,True,24.06,0.0,True,22.0,True,40.0,False,False,False,False,False,False,False,False,False,False,False,False,False,False,NORMAL
2026-10-07 17:51:28.718624+00:00,1791395488718.0,guardian_state,True,0.97,rear_center,24.0,OK,MONITORING,True,24.17,0.0,True,22.0,True,40.0,False,False,False,False,False,False,False,False,False,False,False,False,False,False,NORMAL
2026-10-07 17:51:29.718624+00:00,1791395489718.0,window_state,True,0.97,rear_center,24.0,OK,MONITORING,True,24.17,0.0,True,22.0,True,40.0,False,False,False,False,False,False,False,False,False,False,False,False,False,False,NORMAL
2026-10-07 17:51:30.718624+00:00,1791395490718.0,hvac_state,True,0.97,rear_center,24.0,OK,MONITORING,True,24.17,0.0,True,22.0,True,70.0,False,False,False,False,False,False,False,False,False,False,False,False,False,False,NORMAL
2026-10-07 17:51:31.718624+00:00,1791395491718.0,temperature,True,0.97,rear_center,24.34,OK,MONITORING,True,24.17,0.0,True,22.0,True,70.0,False,False,True,False,True,False,False,False,False,False,False,False,False,False,NORMAL
2026-10-07 17:51:32.718624+00:00,1791395492718.0,guardian_state,True,0.97,rear_center,24.34,OK,MONITORING,True,24.39,0.0,True,22.0,True,70.0,False,False,False,False,False,False,False,False,False,False,False,False,False,False,NORMAL
2026-10-07 17:51:33.718624+00:00,1791395493718.0,window_state,True,0.97,rear_center,24.34,OK,MONITORING,True,24.39,0.0,True,22.0,True,70.0,False,False,False,False,False,False,False,False,False,False,False,False,False,False,NORMAL
2026-10-07 17:51:34.718624+00:00,1791395494718.0,hvac_state,True,0.97,rear_center,24.34,OK,MONITORING,True,24.39,0.0,True,22.0,True,70.0,False,False,False,False,False,False,False,False,False,False,False,False,False,False,NORMAL
2026-10-07 17:51:35.718624+00:00,1791395495718.0,temperature,True,0.97,rear_center,24.56,OK,MONITORING,True,24.39,0.0,True,22.0,True,70.0,False,False,True,False,True,False,False,False,False,False,False,False,False,False,NORMAL
2026-10-07 17:51:36.718624+00:00,1791395496718.0,guardian_state,True,0.97,rear_center,24.56,OK,MONITORING,True,24.62,0.0,True,22.0,True,70.0,False,False,False,False,False,False,False,False,False,False,False,False,False,False,NORMAL
2026-10-07 17:51:37.718624+00:00,1791395497718.0,child_presence,True,0.969,rear_center,24.56,OK,MONITORING,True,24.62,0.0,True,22.0,True,70.0,False,False,False,False,False,False,False,False,False,False,False,False,False,False,NORMAL
2026-10-07 17:51:38.718624+00:00,1791395498718.0,guardian_state,True,0.969,rear_center,24.56,OK,MONITORING,True,24.73,0.0,True,22.0,True,70.0,False,False,False,False,False,False,False,False,False,False,False,False,False,False,NORMAL
2026-10-07 17:51:39.718624+00:00,1791395499718.0,window_state,True,0.969,rear_center,24.56,OK,MONITORING,True,24.73,0.0,True,22.0,True,70.0,False,False,False,False,False,False,False,False,False,False,False,False,False,False,NORMAL
2026-10-07 17:51:40.718624+00:00,1791395500718.0,hvac_state,True,0.969,rear_center,24.56,OK,MONITORING,True,24.73,0.0,True,22.0,True,70.0,False,False,False,False,False,False,False,False,False,False,False,False,False,False,NORMAL
2026-10-07 17:51:41.718624+00:00,1791395501718.0,temperature,True,0.969,rear_center,24.9,OK,MONITORING,True,24.73,0.0,True,22.0,True,70.0,False,False,True,False,True,False,False,False,False,False,False,False,False,False,NORMAL
2026-10-07 17:51:42.718624+00:00,1791395502718.0,guardian_state,True,0.969,rear_center,24.9,OK,MONITORING,True,24.96,0.0,True,22.0,True,70.0,False,False,False,False,False,False,False,False,False,False,False,False,False,False,NORMAL
2026-10-07 17:51:43.718624+00:00,1791395503718.0,window_state,True,0.969,rear_center,24.9,OK,MONITORING,True,24.96,0.0,True,22.0,True,70.0,False,False,False,False,False,False,False,False,False,False,False,False,False,False,NORMAL
2026-10-07 17:51:44.718624+00:00,1791395504718.0,hvac_state,True,0.969,rear_center,24.9,OK,MONITORING,True,24.96,0.0,True,22.0,True,70.0,False,False,False,False,False,False,False,False,False,False,False,False,False,False,NORMAL
2026-10-07 17:51:45.718624+00:00,1791395505718.0,temperature,True,0.969,rear_center,25.12,OK,MONITORING,True,24.96,0.0,True,22.0,True,70.0,False,False,True,False,True,False,False,False,False,False,False,False,False,False,NORMAL
2026-10-07 17:51:46.718624+00:00,1791395506718.0,guardian_state,True,0.969,rear_center,25.12,OK,MONITORING,True,25.18,0.0,True,22.0,True,70.0,False,False,False,False,False,False,False,False,False,False,False,False,False,False,NORMAL
2026-10-07 17:51:47.718624+00:00,1791395507718.0,child_presence,True,0.972,rear_center,25.12,OK,MONITORING,True,25.18,0.0,True,22.0,True,70.0,False,False,False,False,False,False,False,False,False,False,False,False,False,False,NORMAL
2026-10-07 17:51:48.718624+00:00,1791395508718.0,guardian_state,True,0.972,rear_center,25.12,OK,MONITORING,True,25.29,0.0,True,22.0,True,70.0,False,False,False,False,False,False,False,False,False,False,False,False,False,False,NORMAL
2026-10-07 17:51:49.718624+00:00,1791395509718.0,window_state,True,0.972,rear_center,25.12,OK,MONITORING,True,25.29,0.0,True,22.0,True,70.0,False,False,False,False,False,False,False,False,False,False,False,False,False,False,NORMAL
2026-10-07 17:51:50.718624+00:00,1791395510718.0,hvac_state,True,0.972,rear_center,25.12,OK,MONITORING,True,25.29,0.0,True,22.0,True,70.0,False,False,False,False,False,False,False,False,False,False,False,False,False,False,NORMAL
2026-10-07 17:51:51.718624+00:00,1791395511718.0,temperature,True,0.972,rear_center,25.46,OK,MONITORING,True,25.29,0.0,True,22.0,True,70.0,False,False,True,False,True,False,False,False,False,False,False,False,False,False,NORMAL
2026-10-07 17:51:52.718624+00:00,1791395512718.0,guardian_state,True,0.972,rear_center,25.46,OK,MONITORING,True,25.52,0.0,True,22.0,True,70.0,False,False,False,False,False,False,False,False,False,False,False,False,False,False,NORMAL
2026-10-07 17:51:53.718624+00:00,1791395513718.0,window_state,True,0.972,rear_center,25.46,OK,MONITORING,True,25.52,0.0,True,22.0,True,70.0,False,False,False,False,False,False,False,False,False,False,False,False,False,False,NORMAL
2026-10-07 17:51:54.718624+00:00,1791395514718.0,hvac_state,True,0.972,rear_center,25.46,OK,MONITORING,True,25.52,0.0,True,22.0,True,70.0,False,False,False,False,False,False,False,False,False,False,False,False,False,False,NORMAL
2026-10-07 17:51:55.718624+00:00,1791395515718.0,temperature,True,0.972,rear_center,25.69,OK,MONITORING,True,25.52,0.0,True,22.0,True,70.0,False,False,True,False,True,False,False,False,False,False,False,False,False,False,NORMAL
2026-10-07 17:51:56.718624+00:00,1791395516718.0,guardian_state,True,0.972,rear_center,25.69,OK,MONITORING,True,25.74,0.0,True,22.0,True,70.0,False,False,False,False,False,False,False,False,False,False,False,False,False,False,NORMAL
2026-10-07 17:51:57.718624+00:00,1791395517718.0,child_presence,True,0.977,rear_center,25.69,OK,MONITORING,True,25.74,0.0,True,22.0,True,70.0,False,False,False,False,False,False,False,False,False,False,False,False,False,False,NORMAL
2026-10-07 17:51:58.718624+00:00,1791395518718.0,guardian_state,True,0.977,rear_center,25.69,OK,MONITORING,True,25.85,0.0,True,22.0,True,70.0,False,False,False,False,False,False,False,False,False,False,False,False,False,False,NORMAL
2026-10-07 17:51:59.718624+00:00,1791395519718.0,window_state,True,0.977,rear_center,25.69,OK,MONITORING,True,25.85,0.0,True,22.0,True,70.0,False,False,False,False,False,False,False,False,False,False,False,False,False,False,NORMAL
2026-10-07 17:52:00.718624+00:00,1791395520718.0,hvac_state,True,0.977,rear_center,25.69,OK,MONITORING,True,25.85,0.0,True,22.0,True,70.0,False,False,False,False,False,False,False,False,False,False,False,False,False,False,NORMAL
2026-10-07 17:52:01.718624+00:00,1791395521718.0,temperature,True,0.977,rear_center,26.02,OK,MONITORING,True,25.85,0.0,True,22.0,True,70.0,False,False,True,False,True,False,False,False,False,True,False,False,False,True,WARNING
2026-10-07 17:52:02.718624+00:00,1791395522718.0,guardian_state,True,0.977,rear_center,26.02,OK,MONITORING,True,26.08,0.0,True,22.0,True,70.0,False,False,False,False,False,False,False,False,False,True,False,False,False,True,WARNING
2026-10-07 17:52:03.718624+00:00,1791395523718.0,window_state,True,0.977,rear_center,26.02,OK,MONITORING,True,26.08,0.0,True,22.0,True,70.0,False,False,False,False,False,False,False,False,False,True,False,False,False,True,WARNING
2026-10-07 17:52:04.718624+00:00,1791395524718.0,hvac_state,True,0.977,rear_center,26.02,OK,MONITORING,True,26.08,0.0,True,22.0,True,70.0,False,False,False,False,False,False,False,False,False,True,False,False,False,True,WARNING
2026-10-07 17:52:05.718624+00:00,1791395525718.0,temperature,True,0.977,rear_center,26.25,OK,MONITORING,True,26.08,0.0,True,22.0,True,70.0,False,False,True,False,True,False,False,False,False,True,False,False,False,True,WARNING
2026-10-07 17:52:06.718624+00:00,1791395526718.0,guardian_state,True,0.977,rear_center,26.25,OK,MONITORING,True,26.3,0.0,True,22.0,True,70.0,False,False,False,False,False,False,False,False,False,True,False,False,False,True,WARNING
2026-10-07 17:52:07.718624+00:00,1791395527718.0,child_presence,True,0.97,rear_center,26.25,OK,MONITORING,True,26.3,0.0,True,22.0,True,70.0,False,False,False,False,False,False,False,False,False,True,False,False,False,True,WARNING
2026-10-07 17:52:08.718624+00:00,1791395528718.0,guardian_state,True,0.97,rear_center,26.25,OK,MONITORING,True,26.42,0.0,True,22.0,True,70.0,False,False,False,False,False,False,False,False,False,True,False,False,False,True,WARNING
2026-10-07 17:52:09.718624+00:00,1791395529718.0,window_state,True,0.97,rear_center,26.25,OK,MONITORING,True,26.42,0.0,True,22.0,True,70.0,False,False,False,False,False,False,False,False,False,True,False,False,False,True,WARNING
2026-10-07 17:52:10.718624+00:00,1791395530718.0,hvac_state,True,0.97,rear_center,26.25,OK,MONITORING,True,26.42,0.0,True,22.0,True,70.0,False,False,False,False,False,False,False,False,False,True,False,False,False,True,WARNING
2026-10-07 17:52:11.718624+00:00,1791395531718.0,temperature,True,0.97,rear_center,26.58,OK,MONITORING,True,26.42,0.0,True,22.0,True,70.0,False,False,True,False,True,False,False,False,False,True,False,False,False,True,WARNING
2026-10-07 17:52:12.718624+00:00,1791395532718.0,guardian_state,True,0.97,rear_center,26.58,OK,MONITORING,True,26.64,0.0,True,22.0,True,70.0,False,False,False,False,False,False,False,False,False,True,False,False,False,True,WARNING
2026-10-07 17:52:13.718624+00:00,1791395533718.0,window_state,True,0.97,rear_center,26.58,OK,MONITORING,True,26.64,0.0,True,22.0,True,70.0,False,False,False,False,False,False,False,False,False,True,False,False,False,True,WARNING
2026-10-07 17:52:14.718624+00:00,1791395534718.0,hvac_state,True,0.97,rear_center,26.58,OK,MONITORING,True,26.64,0.0,True,22.0,True,70.0,False,False,False,False,False,False,False,False,False,True,False,False,False,True,WARNING
2026-10-07 17:52:15.718624+00:00,1791395535718.0,temperature,True,0.97,rear_center,26.81,OK,MONITORING,True,26.64,0.0,True,22.0,True,70.0,False,False,True,False,True,False,False,False,False,True,False,False,False,True,WARNING
2026-10-07 17:52:16.718624+00:00,1791395536718.0,guardian_state,True,0.97,rear_center,26.81,OK,MONITORING,True,26.87,0.0,True,22.0,True,70.0,False,False,False,False,False,False,False,False,False,True,False,False,False,True,WARNING
2026-10-07 17:52:17.718624+00:00,1791395537718.0,child_presence,True,0.973,rear_center,26.81,OK,MONITORING,True,26.87,0.0,True,22.0,True,70.0,False,False,False,False,False,False,False,False,False,True,False,False,False,True,WARNING
2026-10-07 17:52:18.718624+00:00,1791395538718.0,guardian_state,True,0.973,rear_center,26.81,OK,MONITORING,True,26.98,0.0,True,22.0,True,70.0,False,False,False,False,False,False,False,False,False,True,False,False,False,True,WARNING
2026-10-07 17:52:19.718624+00:00,1791395539718.0,window_state,True,0.973,rear_center,26.81,OK,MONITORING,True,26.98,0.0,True,22.0,True,70.0,False,False,False,False,False,False,False,False,False,True,False,False,False,True,WARNING
2026-10-07 17:52:20.718624+00:00,1791395540718.0,hvac_state,True,0.973,rear_center,26.81,OK,MONITORING,True,26.98,0.0,True,22.0,True,70.0,False,False,False,False,False,False,False,False,False,True,False,False,False,True,WARNING
2026-10-07 17:52:21.718624+00:00,1791395541718.0,temperature,True,0.973,rear_center,27.15,OK,MONITORING,True,26.98,0.0,True,22.0,True,70.0,False,False,True,False,True,False,False,False,False,True,False,False,False,True,WARNING
2026-10-07 17:52:22.718624+00:00,1791395542718.0,guardian_state,True,0.973,rear_center,27.15,OK,MONITORING,True,27.2,0.0,True,22.0,True,70.0,False,False,False,False,False,False,False,False,False,True,False,False,False,True,WARNING
2026-10-07 17:52:23.718624+00:00,1791395543718.0,window_state,True,0.973,rear_center,27.15,OK,MONITORING,True,27.2,0.0,True,22.0,True,70.0,False,False,False,False,False,False,False,False,False,True,False,False,False,True,WARNING
2026-10-07 17:52:24.718624+00:00,1791395544718.0,hvac_state,True,0.973,rear_center,27.15,OK,MONITORING,True,27.2,0.0,True,22.0,True,70.0,False,False,False,False,False,False,False,False,False,True,False,False,False,True,WARNING
2026-10-07 17:52:25.718624+00:00,1791395545718.0,temperature,True,0.973,rear_center,27.37,OK,MONITORING,True,27.2,0.0,True,22.0,True,70.0,False,False,True,False,True,False,False,False,False,True,False,False,False,True,WARNING
2026-10-07 17:52:26.718624+00:00,1791395546718.0,guardian_state,True,0.973,rear_center,27.37,OK,MONITORING,True,27.43,0.0,True,22.0,True,70.0,False,False,False,False,False,False,False,False,False,True,False,False,False,True,WARNING
2026-10-07 17:52:27.718624+00:00,1791395547718.0,child_presence,True,0.96,rear_center,27.37,OK,MONITORING,True,27.43,0.0,True,22.0,True,70.0,False,False,False,False,False,False,False,False,False,True,False,False,False,True,WARNING
2026-10-07 17:52:28.718624+00:00,1791395548718.0,guardian_state,True,0.96,rear_center,27.37,OK,MONITORING,True,27.54,0.0,True,22.0,True,70.0,False,False,False,False,False,False,False,False,False,True,False,False,False,True,WARNING
2026-10-07 17:52:29.718624+00:00,1791395549718.0,window_state,True,0.96,rear_center,27.37,OK,MONITORING,True,27.54,0.0,True,22.0,True,70.0,False,False,False,False,False,False,False,False,False,True,False,False,False,True,WARNING
2026-10-07 17:52:30.718624+00:00,1791395550718.0,hvac_state,True,0.96,rear_center,27.37,OK,MONITORING,True,27.54,0.0,True,22.0,True,70.0,False,False,False,False,False,False,False,False,False,True,False,False,False,True,WARNING
2026-10-07 17:52:31.718624+00:00,1791395551718.0,temperature,True,0.96,rear_center,27.71,OK,MONITORING,True,27.54,0.0,True,22.0,True,70.0,False,False,True,False,True,False,False,False,False,True,False,False,False,True,WARNING
2026-10-07 17:52:32.718624+00:00,1791395552718.0,guardian_state,True,0.96,rear_center,27.71,OK,MONITORING,True,27.76,0.0,True,22.0,True,70.0,False,False,False,False,False,False,False,False,False,True,False,False,False,True,WARNING
2026-10-07 17:52:33.718624+00:00,1791395553718.0,window_state,True,0.96,rear_center,27.71,OK,MONITORING,True,27.76,0.0,True,22.0,True,70.0,False,False,False,False,False,False,False,False,False,True,False,False,False,True,WARNING
2026-10-07 17:52:34.718624+00:00,1791395554718.0,hvac_state,True,0.96,rear_center,27.71,OK,MONITORING,True,27.76,0.0,True,22.0,True,70.0,False,False,False,False,False,False,False,False,False,True,False,False,False,True,WARNING
2026-10-07 17:52:35.718624+00:00,1791395555718.0,temperature,True,0.96,rear_center,27.93,OK,MONITORING,True,27.76,0.0,True,22.0,True,70.0,False,False,True,False,True,False,False,False,False,True,False,False,False,True,WARNING
2026-10-07 17:52:36.718624+00:00,1791395556718.0,guardian_state,True,0.96,rear_center,27.93,OK,MONITORING,True,27.99,0.0,True,22.0,True,70.0,False,False,False,False,False,False,False,False,False,True,False,False,False,True,WARNING
2026-10-07 17:52:37.718624+00:00,1791395557718.0,child_presence,True,0.97,rear_center,27.93,OK,MONITORING,True,27.99,0.0,True,22.0,True,70.0,False,False,False,False,False,False,False,False,False,True,False,False,False,True,WARNING
2026-10-07 17:52:38.718624+00:00,1791395558718.0,guardian_state,True,0.97,rear_center,27.93,OK,MONITORING,True,28.1,0.0,True,22.0,True,70.0,False,False,False,False,False,False,False,False,False,True,False,False,False,True,WARNING
2026-10-07 17:52:39.718624+00:00,1791395559718.0,window_state,True,0.97,rear_center,27.93,OK,MONITORING,True,28.1,0.0,True,22.0,True,70.0,False,False,False,False,False,False,False,False,False,True,False,False,False,True,WARNING
2026-10-07 17:52:40.718624+00:00,1791395560718.0,hvac_state,True,0.97,rear_center,27.93,OK,MONITORING,True,28.1,0.0,True,22.0,True,70.0,False,False,False,False,False,False,False,False,False,True,False,False,False,True,WARNING
2026-10-07 17:52:41.718624+00:00,1791395561718.0,temperature,True,0.97,rear_center,28.27,OK,MONITORING,True,28.1,0.0,True,22.0,True,70.0,False,False,True,False,True,False,False,False,False,True,True,False,False,True,HIGH
2026-10-07 17:52:42.718624+00:00,1791395562718.0,guardian_state,True,0.97,rear_center,28.27,OK,MONITORING,True,28.33,0.0,True,22.0,True,70.0,False,False,False,False,False,False,False,False,False,True,True,False,False,True,HIGH
2026-10-07 17:52:43.718624+00:00,1791395563718.0,window_state,True,0.97,rear_center,28.27,OK,MONITORING,True,28.33,0.0,True,22.0,True,70.0,False,False,False,False,False,False,False,False,False,True,True,False,False,True,HIGH
2026-10-07 17:52:44.718624+00:00,1791395564718.0,hvac_state,True,0.97,rear_center,28.27,OK,MONITORING,True,28.33,0.0,True,22.0,True,70.0,False,False,False,False,False,False,False,False,False,True,True,False,False,True,HIGH
2026-10-07 17:52:45.718624+00:00,1791395565718.0,temperature,True,0.97,rear_center,28.49,OK,MONITORING,True,28.33,0.0,True,22.0,True,70.0,False,False,True,False,True,False,False,False,False,True,True,False,False,True,HIGH
2026-10-07 17:52:46.718624+00:00,1791395566718.0,guardian_state,True,0.97,rear_center,28.49,OK,MONITORING,True,28.55,0.0,True,22.0,True,70.0,False,False,False,False,False,False,False,False,False,True,True,False,False,True,HIGH
2026-10-07 17:52:47.718624+00:00,1791395567718.0,child_presence,True,0.966,rear_center,28.49,OK,MONITORING,True,28.55,0.0,True,22.0,True,70.0,False,False,False,False,False,False,False,False,False,True,True,False,False,True,HIGH
2026-10-07 17:52:48.718624+00:00,1791395568718.0,guardian_state,True,0.966,rear_center,28.49,OK,MONITORING,True,28.66,0.0,True,22.0,True,70.0,False,False,False,False,False,False,False,False,False,True,True,False,False,True,HIGH
2026-10-07 17:52:49.718624+00:00,1791395569718.0,window_state,True,0.966,rear_center,28.49,OK,MONITORING,True,28.66,0.0,True,22.0,True,70.0,False,False,False,False,False,False,False,False,False,True,True,False,False,True,HIGH
2026-10-07 17:52:50.718624+00:00,1791395570718.0,hvac_state,True,0.966,rear_center,28.49,OK,MONITORING,True,28.66,0.0,True,22.0,True,70.0,False,False,False,False,False,False,False,False,False,True,True,False,False,True,HIGH
2026-10-07 17:52:51.718624+00:00,1791395571718.0,temperature,True,0.966,rear_center,28.83,OK,MONITORING,True,28.66,0.0,True,22.0,True,70.0,False,False,True,False,True,False,False,False,False,True,True,False,False,True,HIGH
2026-10-07 17:52:52.718624+00:00,1791395572718.0,guardian_state,True,0.966,rear_center,28.83,OK,MONITORING,True,28.89,0.0,True,22.0,True,70.0,False,False,False,False,False,False,False,False,False,True,True,False,False,True,HIGH
2026-10-07 17:52:53.718624+00:00,1791395573718.0,window_state,True,0.966,rear_center,28.83,OK,MONITORING,True,28.89,0.0,True,22.0,True,70.0,False,False,False,False,False,False,False,False,False,True,True,False,False,True,HIGH
2026-10-07 17:52:54.718624+00:00,1791395574718.0,hvac_state,True,0.966,rear_center,28.83,OK,MONITORING,True,28.89,0.0,True,22.0,True,70.0,False,False,False,False,False,False,True,False,True,True,True,False,False,True,HIGH
2026-10-07 17:52:55.718624+00:00,1791395575718.0,temperature,True,0.966,rear_center,24.0,OK,MONITORING,True,28.89,0.0,True,22.0,True,70.0,False,False,False,False,False,False,False,False,False,False,False,False,False,False,NORMAL
2026-10-07 17:52:56.718624+00:00,1791395576718.0,guardian_state,True,0.966,rear_center,24.0,OK,MONITORING,True,24.04,0.0,True,22.0,True,70.0,False,False,False,False,False,False,False,False,False,False,False,False,False,False,NORMAL
2026-10-07 17:52:57.718624+00:00,1791395577718.0,child_presence,True,0.964,rear_center,24.0,OK,MONITORING,True,24.04,0.0,True,22.0,True,70.0,False,False,False,False,False,False,False,False,False,False,False,False,False,False,NORMAL
2026-10-07 17:52:58.718624+00:00,1791395578718.0,guardian_state,True,0.964,rear_center,24.0,OK,MONITORING,True,24.12,0.0,True,22.0,True,70.0,False,False,False,False,False,False,False,False,False,False,False,False,False,False,NORMAL
2026-10-07 17:52:59.718624+00:00,1791395579718.0,window_state,True,0.964,rear_center,24.0,OK,MONITORING,True,24.12,0.0,True,22.0,True,70.0,False,False,False,False,False,False,False,False,False,False,False,False,False,False,NORMAL
2026-10-07 17:53:00.718624+00:00,1791395580718.0,hvac_state,True,0.964,rear_center,24.0,OK,MONITORING,True,24.12,0.0,True,22.0,False,0.0,False,False,False,False,False,False,False,False,False,False,False,False,False,False,NORMAL
2026-10-07 17:53:01.718624+00:00,1791395581718.0,temperature,True,0.964,rear_center,24.24,OK,MONITORING,True,24.12,0.0,True,22.0,False,0.0,False,True,False,False,True,False,False,False,False,False,False,False,False,False,NORMAL
2026-10-07 17:53:02.718624+00:00,1791395582718.0,guardian_state,True,0.964,rear_center,24.24,OK,MONITORING,True,24.28,0.0,True,22.0,False,0.0,False,True,False,False,True,False,False,False,False,False,False,False,False,False,NORMAL
2026-10-07 17:53:03.718624+00:00,1791395583718.0,window_state,True,0.964,rear_center,24.24,OK,MONITORING,True,24.28,0.0,True,22.0,False,0.0,False,True,False,False,True,False,False,False,False,False,False,False,False,False,NORMAL
2026-10-07 17:53:04.718624+00:00,1791395584718.0,hvac_state,True,0.964,rear_center,24.24,OK,MONITORING,True,24.28,0.0,True,22.0,False,0.0,False,True,False,False,True,False,False,False,False,False,False,False,False,False,NORMAL
2026-10-07 17:53:05.718624+00:00,1791395585718.0,temperature,True,0.964,rear_center,24.4,OK,MONITORING,True,24.28,0.0,True,22.0,False,0.0,False,True,False,False,True,False,False,False,False,False,False,False,False,False,NORMAL
2026-10-07 17:53:06.718624+00:00,1791395586718.0,guardian_state,True,0.964,rear_center,24.4,OK,MONITORING,True,24.44,0.0,True,22.0,False,0.0,False,True,False,False,True,False,False,False,False,False,False,False,False,False,NORMAL
2026-10-07 17:53:07.718624+00:00,1791395587718.0,child_presence,True,0.966,rear_center,24.4,OK,MONITORING,True,24.44,0.0,True,22.0,False,0.0,False,True,False,False,True,False,False,False,False,False,False,False,False,False,NORMAL
2026-10-07 17:53:08.718624+00:00,1791395588718.0,guardian_state,True,0.966,rear_center,24.4,OK,MONITORING,True,24.53,0.0,True,22.0,False,0.0,False,True,False,False,True,False,False,False,False,False,False,False,False,False,NORMAL
2026-10-07 17:53:09.718624+00:00,1791395589718.0,window_state,True,0.966,rear_center,24.4,OK,MONITORING,True,24.53,0.0,True,22.0,False,0.0,False,True,False,False,True,False,False,False,False,False,False,False,False,False,NORMAL
2026-10-07 17:53:10.718624+00:00,1791395590718.0,hvac_state,True,0.966,rear_center,24.4,OK,MONITORING,True,24.53,0.0,True,22.0,False,0.0,False,True,False,False,True,False,False,False,False,False,False,False,False,False,NORMAL
2026-10-07 17:53:11.718624+00:00,1791395591718.0,temperature,True,0.966,rear_center,24.65,OK,MONITORING,True,24.53,0.0,True,22.0,False,0.0,False,True,False,False,True,False,False,False,False,False,False,False,False,False,NORMAL
2026-10-07 17:53:12.718624+00:00,1791395592718.0,guardian_state,True,0.966,rear_center,24.65,OK,MONITORING,True,24.69,0.0,True,22.0,False,0.0,False,True,False,False,True,False,False,False,False,False,False,False,False,False,NORMAL
2026-10-07 17:53:13.718624+00:00,1791395593718.0,window_state,True,0.966,rear_center,24.65,OK,MONITORING,True,24.69,0.0,True,22.0,False,0.0,False,True,False,False,True,False,False,False,False,False,False,False,False,False,NORMAL
2026-10-07 17:53:14.718624+00:00,1791395594718.0,hvac_state,True,0.966,rear_center,24.65,OK,MONITORING,True,24.69,0.0,True,22.0,False,0.0,False,True,False,False,True,False,False,False,False,False,False,False,False,False,NORMAL
2026-10-07 17:53:15.718624+00:00,1791395595718.0,temperature,True,0.966,rear_center,24.81,OK,MONITORING,True,24.69,0.0,True,22.0,False,0.0,False,True,False,False,True,False,False,False,False,False,False,False,False,False,NORMAL
2026-10-07 17:53:16.718624+00:00,1791395596718.0,guardian_state,True,0.966,rear_center,24.81,OK,MONITORING,True,24.85,0.0,True,22.0,False,0.0,False,True,False,False,True,False,False,False,False,False,False,False,False,False,NORMAL
2026-10-07 17:53:17.718624+00:00,1791395597718.0,child_presence,True,0.968,rear_center,24.81,OK,MONITORING,True,24.85,0.0,True,22.0,False,0.0,False,True,False,False,True,False,False,False,False,False,False,False,False,False,NORMAL
2026-10-07 17:53:18.718624+00:00,1791395598718.0,guardian_state,True,0.968,rear_center,24.81,OK,MONITORING,True,24.93,0.0,True,22.0,False,0.0,False,True,False,False,True,False,False,False,False,False,False,False,False,False,NORMAL
2026-10-07 17:53:19.718624+00:00,1791395599718.0,window_state,True,0.968,rear_center,24.81,OK,MONITORING,True,24.93,0.0,True,22.0,False,0.0,False,True,False,False,True,False,False,False,False,False,False,False,False,False,NORMAL
2026-10-07 17:53:20.718624+00:00,1791395600718.0,hvac_state,True,0.968,rear_center,24.81,OK,MONITORING,True,24.93,0.0,True,22.0,False,0.0,False,True,False,False,True,False,False,False,False,False,False,False,False,False,NORMAL
2026-10-07 17:53:21.718624+00:00,1791395601718.0,temperature,True,0.968,rear_center,25.05,OK,MONITORING,True,24.93,0.0,True,22.0,False,0.0,False,True,False,False,True,False,False,False,False,False,False,False,False,False,NORMAL
2026-10-07 17:53:22.718624+00:00,1791395602718.0,guardian_state,True,0.968,rear_center,25.05,OK,MONITORING,True,25.09,0.0,True,22.0,False,0.0,False,True,False,False,True,False,False,False,False,False,False,False,False,False,NORMAL
2026-10-07 17:53:23.718624+00:00,1791395603718.0,window_state,True,0.968,rear_center,25.05,OK,MONITORING,True,25.09,0.0,True,22.0,False,0.0,False,True,False,False,True,False,False,False,False,False,False,False,False,False,NORMAL
2026-10-07 17:53:24.718624+00:00,1791395604718.0,hvac_state,True,0.968,rear_center,25.05,OK,MONITORING,True,25.09,0.0,True,22.0,False,0.0,False,True,False,False,True,False,False,False,False,False,False,False,False,False,NORMAL
2026-10-07 17:53:25.718624+00:00,1791395605718.0,temperature,True,0.968,rear_center,25.21,OK,MONITORING,True,25.09,0.0,True,22.0,False,0.0,False,True,False,False,True,False,False,False,False,False,False,False,False,False,NORMAL
2026-10-07 17:53:26.718624+00:00,1791395606718.0,guardian_state,True,0.968,rear_center,25.21,OK,MONITORING,True,25.25,0.0,True,22.0,False,0.0,False,True,False,False,True,False,False,False,False,False,False,False,False,False,NORMAL
2026-10-07 17:53:27.718624+00:00,1791395607718.0,child_presence,True,0.975,rear_center,25.21,OK,MONITORING,True,25.25,0.0,True,22.0,False,0.0,False,True,False,False,True,False,False,False,False,False,False,False,False,False,NORMAL
2026-10-07 17:53:28.718624+00:00,1791395608718.0,guardian_state,True,0.975,rear_center,25.21,OK,MONITORING,True,25.33,0.0,True,22.0,False,0.0,False,True,False,False,True,False,False,False,False,False,False,False,False,False,NORMAL
2026-10-07 17:53:29.718624+00:00,1791395609718.0,window_state,True,0.975,rear_center,25.21,OK,MONITORING,True,25.33,0.0,True,22.0,False,0.0,False,True,False,False,True,False,False,False,False,False,False,False,False,False,NORMAL
2026-10-07 17:53:30.718624+00:00,1791395610718.0,hvac_state,True,0.975,rear_center,25.21,OK,MONITORING,True,25.33,0.0,True,22.0,False,0.0,False,True,False,False,True,False,False,False,False,False,False,False,False,False,NORMAL
2026-10-07 17:53:31.718624+00:00,1791395611718.0,temperature,True,0.975,rear_center,25.45,OK,MONITORING,True,25.33,0.0,True,22.0,False,0.0,False,True,False,False,True,False,False,False,False,False,False,False,False,False,NORMAL
2026-10-07 17:53:32.718624+00:00,1791395612718.0,guardian_state,True,0.975,rear_center,25.45,OK,MONITORING,True,25.49,0.0,True,22.0,False,0.0,False,True,False,False,True,False,False,False,False,False,False,False,False,False,NORMAL
2026-10-07 17:53:33.718624+00:00,1791395613718.0,window_state,True,0.975,rear_center,25.45,OK,MONITORING,True,25.49,0.0,True,22.0,False,0.0,False,True,False,False,True,False,False,False,False,False,False,False,False,False,NORMAL
2026-10-07 17:53:34.718624+00:00,1791395614718.0,hvac_state,True,0.975,rear_center,25.45,OK,MONITORING,True,25.49,0.0,True,22.0,False,0.0,False,True,False,False,True,False,False,False,False,False,False,False,False,False,NORMAL
2026-10-07 17:53:35.718624+00:00,1791395615718.0,temperature,True,0.975,rear_center,25.62,OK,MONITORING,True,25.49,0.0,True,22.0,False,0.0,False,True,False,False,True,False,False,False,False,False,False,False,False,False,NORMAL
2026-10-07 17:53:36.718624+00:00,1791395616718.0,guardian_state,True,0.975,rear_center,25.62,OK,MONITORING,True,25.66,0.0,True,22.0,False,0.0,False,True,False,False,True,False,False,False,False,False,False,False,False,False,NORMAL
2026-10-07 17:53:37.718624+00:00,1791395617718.0,child_presence,True,0.963,rear_center,25.62,OK,MONITORING,True,25.66,0.0,True,22.0,False,0.0,False,True,False,False,True,False,False,False,False,False,False,False,False,False,NORMAL
2026-10-07 17:53:38.718624+00:00,1791395618718.0,guardian_state,True,0.963,rear_center,25.62,OK,MONITORING,True,25.74,0.0,True,22.0,False,0.0,False,True,False,False,True,False,False,False,False,False,False,False,False,False,NORMAL
2026-10-07 17:53:39.718624+00:00,1791395619718.0,window_state,True,0.963,rear_center,25.62,OK,MONITORING,True,25.74,0.0,True,22.0,False,0.0,False,True,False,False,True,False,False,False,False,False,False,False,False,False,NORMAL
2026-10-07 17:53:40.718624+00:00,1791395620718.0,hvac_state,True,0.963,rear_center,25.62,OK,MONITORING,True,25.74,0.0,True,22.0,False,0.0,False,True,False,False,True,False,False,False,False,False,False,False,False,False,NORMAL
2026-10-07 17:53:41.718624+00:00,1791395621718.0,temperature,True,0.963,rear_center,25.86,OK,MONITORING,True,25.74,0.0,True,22.0,False,0.0,False,True,False,False,True,False,False,False,False,False,False,False,False,False,NORMAL
2026-10-07 17:53:42.718624+00:00,1791395622718.0,guardian_state,True,0.963,rear_center,25.86,OK,MONITORING,True,25.9,0.0,True,22.0,False,0.0,False,True,False,False,True,False,False,False,False,False,False,False,False,False,NORMAL
2026-10-07 17:53:43.718624+00:00,1791395623718.0,window_state,True,0.963,rear_center,25.86,OK,MONITORING,True,25.9,0.0,True,22.0,False,0.0,False,True,False,False,True,False,False,False,False,False,False,False,False,False,NORMAL
2026-10-07 17:53:44.718624+00:00,1791395624718.0,hvac_state,True,0.963,rear_center,25.86,OK,MONITORING,True,25.9,0.0,True,22.0,False,0.0,False,True,False,False,True,False,False,False,False,False,False,False,False,False,NORMAL
2026-10-07 17:53:45.718624+00:00,1791395625718.0,temperature,True,0.963,rear_center,26.02,OK,MONITORING,True,25.9,0.0,True,22.0,False,0.0,False,True,False,False,True,False,False,False,False,True,False,False,True,True,WARNING
2026-10-07 17:53:46.718624+00:00,1791395626718.0,guardian_state,True,0.963,rear_center,26.02,OK,MONITORING,True,26.06,0.0,True,22.0,False,0.0,False,True,False,False,True,False,False,False,False,True,False,False,True,True,WARNING
2026-10-07 17:53:47.718624+00:00,1791395627718.0,child_presence,True,0.97,rear_center,26.02,OK,MONITORING,True,26.06,0.0,True,22.0,False,0.0,False,True,False,False,True,False,False,False,False,True,False,False,True,True,WARNING
2026-10-07 17:53:48.718624+00:00,1791395628718.0,guardian_state,True,0.97,rear_center,26.02,OK,MONITORING,True,26.14,0.0,True,22.0,False,0.0,False,True,False,False,True,False,False,False,False,True,False,False,True,True,WARNING
2026-10-07 17:53:49.718624+00:00,1791395629718.0,window_state,True,0.97,rear_center,26.02,OK,MONITORING,True,26.14,0.0,True,22.0,False,0.0,False,True,False,False,True,False,False,False,False,True,False,False,True,True,WARNING
2026-10-07 17:53:50.718624+00:00,1791395630718.0,hvac_state,True,0.97,rear_center,26.02,OK,MONITORING,True,26.14,0.0,True,22.0,False,0.0,False,True,False,False,True,False,False,False,False,True,False,False,True,True,WARNING
2026-10-07 17:53:51.718624+00:00,1791395631718.0,temperature,True,0.97,rear_center,26.26,OK,MONITORING,True,26.14,0.0,True,22.0,False,0.0,False,True,False,False,True,False,False,False,False,True,False,False,True,True,WARNING
2026-10-07 17:53:52.718624+00:00,1791395632718.0,guardian_state,True,0.97,rear_center,26.26,OK,MONITORING,True,26.3,0.0,True,22.0,False,0.0,False,True,False,False,True,False,False,False,False,True,False,False,True,True,WARNING
2026-10-07 17:53:53.718624+00:00,1791395633718.0,window_state,True,0.97,rear_center,26.26,OK,MONITORING,True,26.3,0.0,True,22.0,False,0.0,False,True,False,False,True,False,False,False,False,True,False,False,True,True,WARNING
2026-10-07 17:53:54.718624+00:00,1791395634718.0,hvac_state,True,0.97,rear_center,26.26,OK,MONITORING,True,26.3,0.0,True,22.0,False,0.0,False,True,False,False,True,False,False,False,False,True,False,False,True,True,WARNING
2026-10-07 17:53:55.718624+00:00,1791395635718.0,temperature,True,0.97,rear_center,26.42,OK,MONITORING,True,26.3,0.0,True,22.0,False,0.0,False,True,False,False,True,False,False,False,False,True,False,False,True,True,WARNING
2026-10-07 17:53:56.718624+00:00,1791395636718.0,guardian_state,True,0.97,rear_center,26.42,OK,MONITORING,True,26.46,0.0,True,22.0,False,0.0,False,True,False,False,True,False,False,False,False,True,False,False,True,True,WARNING
2026-10-07 17:53:57.718624+00:00,1791395637718.0,child_presence,True,0.968,rear_center,26.42,OK,MONITORING,True,26.46,0.0,True,22.0,False,0.0,False,True,False,False,True,False,False,False,False,True,False,False,True,True,WARNING
2026-10-07 17:53:58.718624+00:00,1791395638718.0,guardian_state,True,0.968,rear_center,26.42,OK,MONITORING,True,26.55,0.0,True,22.0,False,0.0,False,True,False,False,True,False,False,False,False,True,False,False,True,True,WARNING
2026-10-07 17:53:59.718624+00:00,1791395639718.0,window_state,True,0.968,rear_center,26.42,OK,MONITORING,True,26.55,0.0,True,22.0,False,0.0,False,True,False,False,True,False,False,False,False,True,False,False,True,True,WARNING
2026-10-07 17:54:00.718624+00:00,1791395640718.0,hvac_state,True,0.968,rear_center,26.42,OK,MONITORING,True,26.55,0.0,True,22.0,False,0.0,False,True,False,False,True,False,False,False,False,True,False,False,True,True,WARNING
2026-10-07 17:54:01.718624+00:00,1791395641718.0,temperature,True,0.968,rear_center,26.67,OK,MONITORING,True,26.55,0.0,True,22.0,False,0.0,False,True,False,False,True,False,False,False,False,True,False,False,True,True,WARNING
2026-10-07 17:54:02.718624+00:00,1791395642718.0,guardian_state,True,0.968,rear_center,26.67,OK,MONITORING,True,26.71,0.0,True,22.0,False,0.0,False,True,False,False,True,False,False,False,False,True,False,False,True,True,WARNING
2026-10-07 17:54:03.718624+00:00,1791395643718.0,window_state,True,0.968,rear_center,26.67,OK,MONITORING,True,26.71,0.0,True,22.0,False,0.0,False,True,False,False,True,False,False,False,False,True,False,False,True,True,WARNING
2026-10-07 17:54:04.718624+00:00,1791395644718.0,hvac_state,True,0.968,rear_center,26.67,OK,MONITORING,True,26.71,0.0,True,22.0,False,0.0,False,True,False,False,True,False,False,False,False,True,False,False,True,True,WARNING
2026-10-07 17:54:05.718624+00:00,1791395645718.0,temperature,True,0.968,rear_center,26.83,OK,MONITORING,True,26.71,0.0,True,22.0,False,0.0,False,True,False,False,True,False,False,False,False,True,False,False,True,True,WARNING
2026-10-07 17:54:06.718624+00:00,1791395646718.0,guardian_state,True,0.968,rear_center,26.83,OK,MONITORING,True,26.87,0.0,True,22.0,False,0.0,False,True,False,False,True,False,False,False,False,True,False,False,True,True,WARNING
2026-10-07 17:54:07.718624+00:00,1791395647718.0,child_presence,True,0.968,rear_center,26.83,OK,MONITORING,True,26.87,0.0,True,22.0,False,0.0,False,True,False,False,True,False,False,False,False,True,False,False,True,True,WARNING
2026-10-07 17:54:08.718624+00:00,1791395648718.0,guardian_state,True,0.968,rear_center,26.83,OK,MONITORING,True,26.95,0.0,True,22.0,False,0.0,False,True,False,False,True,False,False,False,False,True,False,False,True,True,WARNING
2026-10-07 17:54:09.718624+00:00,1791395649718.0,window_state,True,0.968,rear_center,26.83,OK,MONITORING,True,26.95,0.0,True,22.0,False,0.0,False,True,False,False,True,False,False,False,False,True,False,False,True,True,WARNING
2026-10-07 17:54:10.718624+00:00,1791395650718.0,hvac_state,True,0.968,rear_center,26.83,OK,MONITORING,True,26.95,0.0,True,22.0,False,0.0,False,True,False,False,True,False,False,False,False,True,False,False,True,True,WARNING
2026-10-07 17:54:11.718624+00:00,1791395651718.0,temperature,True,0.968,rear_center,27.07,OK,MONITORING,True,26.95,0.0,True,22.0,False,0.0,False,True,False,False,True,False,False,False,False,True,False,False,True,True,WARNING
2026-10-07 17:54:12.718624+00:00,1791395652718.0,guardian_state,True,0.968,rear_center,27.07,OK,MONITORING,True,27.11,0.0,True,22.0,False,0.0,False,True,False,False,True,False,False,False,False,True,False,False,True,True,WARNING
2026-10-07 17:54:13.718624+00:00,1791395653718.0,window_state,True,0.968,rear_center,27.07,OK,MONITORING,True,27.11,0.0,True,22.0,False,0.0,False,True,False,False,True,False,False,False,False,True,False,False,True,True,WARNING
2026-10-07 17:54:14.718624+00:00,1791395654718.0,hvac_state,True,0.968,rear_center,27.07,OK,MONITORING,True,27.11,0.0,True,22.0,False,0.0,False,True,False,False,True,False,False,False,False,True,False,False,True,True,WARNING
2026-10-07 17:54:15.718624+00:00,1791395655718.0,temperature,True,0.968,rear_center,27.23,OK,MONITORING,True,27.11,0.0,True,22.0,False,0.0,False,True,False,False,True,False,False,False,False,True,False,False,True,True,WARNING
2026-10-07 17:54:16.718624+00:00,1791395656718.0,guardian_state,True,0.968,rear_center,27.23,OK,MONITORING,True,27.27,0.0,True,22.0,False,0.0,False,True,False,False,True,False,False,False,False,True,False,False,True,True,WARNING
2026-10-07 17:54:17.718624+00:00,1791395657718.0,child_presence,True,0.975,rear_center,27.23,OK,MONITORING,True,27.27,0.0,True,22.0,False,0.0,False,True,False,False,True,False,False,False,False,True,False,False,True,True,WARNING
2026-10-07 17:54:18.718624+00:00,1791395658718.0,guardian_state,True,0.975,rear_center,27.23,OK,MONITORING,True,27.35,0.0,True,22.0,False,0.0,False,True,False,False,True,False,False,False,False,True,False,False,True,True,WARNING
2026-10-07 17:54:19.718624+00:00,1791395659718.0,window_state,True,0.975,rear_center,27.23,OK,MONITORING,True,27.35,0.0,True,22.0,False,0.0,False,True,False,False,True,False,False,False,False,True,False,False,True,True,WARNING
2026-10-07 17:54:20.718624+00:00,1791395660718.0,hvac_state,True,0.975,rear_center,27.23,OK,MONITORING,True,27.35,0.0,True,22.0,False,0.0,False,True,False,False,True,False,False,False,False,True,False,False,True,True,WARNING
2026-10-07 17:54:21.718624+00:00,1791395661718.0,temperature,True,0.975,rear_center,27.47,OK,MONITORING,True,27.35,0.0,True,22.0,False,0.0,False,True,False,False,True,False,False,False,False,True,False,False,True,True,WARNING
2026-10-07 17:54:22.718624+00:00,1791395662718.0,guardian_state,True,0.975,rear_center,27.47,OK,MONITORING,True,27.52,0.0,True,22.0,False,0.0,False,True,False,False,True,False,False,False,False,True,False,False,True,True,WARNING
2026-10-07 17:54:23.718624+00:00,1791395663718.0,window_state,True,0.975,rear_center,27.47,OK,MONITORING,True,27.52,0.0,True,22.0,False,0.0,False,True,False,False,True,False,False,False,False,True,False,False,True,True,WARNING
2026-10-07 17:54:24.718624+00:00,1791395664718.0,hvac_state,True,0.975,rear_center,27.47,OK,MONITORING,True,27.52,0.0,True,22.0,False,0.0,False,True,False,False,True,False,False,False,False,True,False,False,True,True,WARNING
2026-10-07 17:54:25.718624+00:00,1791395665718.0,temperature,True,0.975,rear_center,27.64,OK,MONITORING,True,27.52,0.0,True,22.0,False,0.0,False,True,False,False,True,False,False,False,False,True,False,False,True,True,WARNING
2026-10-07 17:54:26.718624+00:00,1791395666718.0,guardian_state,True,0.975,rear_center,27.64,OK,MONITORING,True,27.68,0.0,True,22.0,False,0.0,False,True,False,False,True,False,False,False,False,True,False,False,True,True,WARNING
2026-10-07 17:54:27.718624+00:00,1791395667718.0,child_presence,True,0.973,rear_center,27.64,OK,MONITORING,True,27.68,0.0,True,22.0,False,0.0,False,True,False,False,True,False,False,False,False,True,False,False,True,True,WARNING
2026-10-07 17:54:28.718624+00:00,1791395668718.0,guardian_state,True,0.973,rear_center,27.64,OK,MONITORING,True,27.76,0.0,True,22.0,False,0.0,False,True,False,False,True,False,False,False,False,True,False,False,True,True,WARNING
2026-10-07 17:54:29.718624+00:00,1791395669718.0,window_state,True,0.973,rear_center,27.64,OK,MONITORING,True,27.76,0.0,True,22.0,False,0.0,False,True,False,False,True,False,False,False,False,True,False,False,True,True,WARNING
2026-10-07 17:54:30.718624+00:00,1791395670718.0,hvac_state,True,0.973,rear_center,27.64,OK,MONITORING,True,27.76,0.0,True,22.0,False,0.0,False,True,False,False,True,False,False,False,False,True,False,False,True,True,WARNING
2026-10-07 17:54:31.718624+00:00,1791395671718.0,temperature,True,0.973,rear_center,27.88,OK,MONITORING,True,27.76,0.0,True,22.0,False,0.0,False,True,False,False,True,False,False,False,False,True,False,False,True,True,WARNING
2026-10-07 17:54:32.718624+00:00,1791395672718.0,guardian_state,True,0.973,rear_center,27.88,OK,MONITORING,True,27.92,0.0,True,22.0,False,0.0,False,True,False,False,True,False,False,False,False,True,False,False,True,True,WARNING
2026-10-07 17:54:33.718624+00:00,1791395673718.0,window_state,True,0.973,rear_center,27.88,OK,MONITORING,True,27.92,0.0,True,22.0,False,0.0,False,True,False,False,True,False,False,False,False,True,False,False,True,True,WARNING
2026-10-07 17:54:34.718624+00:00,1791395674718.0,hvac_state,True,0.973,rear_center,27.88,OK,MONITORING,True,27.92,0.0,True,22.0,False,0.0,False,True,False,False,True,False,False,False,False,True,False,False,True,True,WARNING
2026-10-07 17:54:35.718624+00:00,1791395675718.0,temperature,True,0.973,rear_center,27.0,OK,MONITORING,True,27.92,0.0,True,22.0,False,0.0,False,True,False,False,True,False,False,False,False,True,False,False,True,True,WARNING
2026-10-07 17:54:36.718624+00:00,1791395676718.0,guardian_state,True,0.973,rear_center,27.0,OK,MONITORING,True,27.04,0.0,True,22.0,False,0.0,False,True,False,False,True,False,False,False,False,True,False,False,True,True,WARNING
2026-10-07 17:54:37.718624+00:00,1791395677718.0,child_presence,True,0.977,rear_center,27.0,OK,MONITORING,True,27.04,0.0,True,22.0,False,0.0,False,True,False,False,True,False,False,False,False,True,False,False,True,True,WARNING
2026-10-07 17:54:38.718624+00:00,1791395678718.0,guardian_state,True,0.977,rear_center,27.0,OK,MONITORING,True,27.12,0.0,True,22.0,False,0.0,False,True,False,False,True,False,False,False,False,True,False,False,True,True,WARNING
2026-10-07 17:54:39.718624+00:00,1791395679718.0,window_state,True,0.977,rear_center,27.0,OK,MONITORING,True,27.12,0.0,True,22.0,False,0.0,False,True,False,False,True,False,False,False,False,True,False,False,True,True,WARNING
2026-10-07 17:54:40.718624+00:00,1791395680718.0,hvac_state,True,0.977,rear_center,27.0,OK,MONITORING,True,27.12,0.0,True,22.0,False,0.0,False,True,False,False,True,False,False,False,False,True,False,False,True,True,WARNING
2026-10-07 17:54:41.718624+00:00,1791395681718.0,temperature,True,0.977,rear_center,27.24,OK,MONITORING,True,27.12,0.0,True,22.0,False,0.0,False,True,False,False,True,False,False,False,False,True,False,False,True,True,WARNING
2026-10-07 17:54:42.718624+00:00,1791395682718.0,guardian_state,True,0.977,rear_center,27.24,OK,MONITORING,True,27.28,0.0,True,22.0,False,0.0,False,True,False,False,True,False,False,False,False,True,False,False,True,True,WARNING
2026-10-07 17:54:43.718624+00:00,1791395683718.0,window_state,True,0.977,rear_center,27.24,OK,MONITORING,True,27.28,0.0,True,22.0,False,0.0,False,True,False,False,True,False,False,False,False,True,False,False,True,True,WARNING
2026-10-07 17:54:44.718624+00:00,1791395684718.0,hvac_state,True,0.977,rear_center,27.24,OK,MONITORING,True,27.28,0.0,True,22.0,False,0.0,False,True,False,False,True,False,False,False,False,True,False,False,True,True,WARNING
2026-10-07 17:54:45.718624+00:00,1791395685718.0,temperature,True,0.977,rear_center,27.4,OK,MONITORING,True,27.28,0.0,True,22.0,False,0.0,False,True,False,False,True,False,False,False,False,True,False,False,True,True,WARNING
2026-10-07 17:54:46.718624+00:00,1791395686718.0,guardian_state,True,0.977,rear_center,27.4,OK,MONITORING,True,27.44,0.0,True,22.0,False,0.0,False,True,False,False,True,False,False,False,False,True,False,False,True,True,WARNING
2026-10-07 17:54:47.718624+00:00,1791395687718.0,child_presence,True,0.969,rear_center,27.4,OK,MONITORING,True,27.44,0.0,True,22.0,False,0.0,False,True,False,False,True,False,False,False,False,True,False,False,True,True,WARNING
2026-10-07 17:54:48.718624+00:00,1791395688718.0,guardian_state,True,0.969,rear_center,27.4,OK,MONITORING,True,27.53,0.0,True,22.0,False,0.0,False,True,False,False,True,False,False,False,False,True,False,False,True,True,WARNING
2026-10-07 17:54:49.718624+00:00,1791395689718.0,window_state,True,0.969,rear_center,27.4,OK,MONITORING,True,27.53,0.0,True,22.0,False,0.0,False,True,False,False,True,False,False,False,False,True,False,False,True,True,WARNING
2026-10-07 17:54:50.718624+00:00,1791395690718.0,hvac_state,True,0.969,rear_center,27.4,OK,MONITORING,True,27.53,0.0,True,22.0,False,0.0,False,True,False,False,True,False,False,False,False,True,False,False,True,True,WARNING
2026-10-07 17:54:51.718624+00:00,1791395691718.0,temperature,True,0.969,rear_center,27.65,OK,MONITORING,True,27.53,0.0,True,22.0,False,0.0,False,True,False,False,True,False,False,False,False,True,False,False,True,True,WARNING
2026-10-07 17:54:52.718624+00:00,1791395692718.0,guardian_state,True,0.969,rear_center,27.65,OK,MONITORING,True,27.69,0.0,True,22.0,False,0.0,False,True,False,False,True,False,False,False,False,True,False,False,True,True,WARNING
2026-10-07 17:54:53.718624+00:00,1791395693718.0,window_state,True,0.969,rear_center,27.65,OK,MONITORING,True,27.69,0.0,True,22.0,False,0.0,False,True,False,False,True,False,False,False,False,True,False,False,True,True,WARNING
2026-10-07 17:54:54.718624+00:00,1791395694718.0,hvac_state,True,0.969,rear_center,27.65,OK,MONITORING,True,27.69,0.0,True,22.0,False,0.0,False,True,False,False,True,False,False,False,False,True,False,False,True,True,WARNING
2026-10-07 17:54:55.718624+00:00,1791395695718.0,temperature,True,0.969,rear_center,27.81,OK,MONITORING,True,27.69,0.0,True,22.0,False,0.0,False,True,False,False,True,False,False,False,False,True,False,False,True,True,WARNING
2026-10-07 17:54:56.718624+00:00,1791395696718.0,guardian_state,True,0.969,rear_center,27.81,OK,MONITORING,True,27.85,0.0,True,22.0,False,0.0,False,True,False,False,True,False,False,False,False,True,False,False,True,True,WARNING
2026-10-07 17:54:57.718624+00:00,1791395697718.0,child_presence,True,0.967,rear_center,27.81,OK,MONITORING,True,27.85,0.0,True,22.0,False,0.0,False,True,False,False,True,False,False,False,False,True,False,False,True,True,WARNING
2026-10-07 17:54:58.718624+00:00,1791395698718.0,guardian_state,True,0.967,rear_center,27.81,OK,MONITORING,True,27.93,0.0,True,22.0,False,0.0,False,True,False,False,True,False,False,False,False,True,False,False,True,True,WARNING
2026-10-07 17:54:59.718624+00:00,1791395699718.0,window_state,True,0.967,rear_center,27.81,OK,MONITORING,True,27.93,0.0,True,22.0,False,0.0,False,True,False,False,True,False,False,False,False,True,False,False,True,True,WARNING
2026-10-07 17:55:00.718624+00:00,1791395700718.0,hvac_state,True,0.967,rear_center,27.81,OK,MONITORING,True,27.93,0.0,True,22.0,False,0.0,False,True,False,False,True,False,False,False,False,True,False,False,True,True,WARNING
2026-10-07 17:55:01.718624+00:00,1791395701718.0,temperature,True,0.967,rear_center,28.05,OK,MONITORING,True,27.93,0.0,True,22.0,False,0.0,False,True,False,False,True,False,False,False,False,True,True,False,True,True,HIGH
2026-10-07 17:55:02.718624+00:00,1791395702718.0,guardian_state,True,0.967,rear_center,28.05,OK,MONITORING,True,28.09,0.0,True,22.0,False,0.0,False,True,False,False,True,False,False,False,False,True,True,False,True,True,HIGH
2026-10-07 17:55:03.718624+00:00,1791395703718.0,window_state,True,0.967,rear_center,28.05,OK,MONITORING,True,28.09,0.0,True,22.0,False,0.0,False,True,False,False,True,False,False,False,False,True,True,False,True,True,HIGH
2026-10-07 17:55:04.718624+00:00,1791395704718.0,hvac_state,True,0.967,rear_center,28.05,OK,MONITORING,True,28.09,0.0,True,22.0,False,0.0,False,True,False,False,True,False,False,False,False,True,True,False,True,True,HIGH
2026-10-07 17:55:05.718624+00:00,1791395705718.0,temperature,True,0.967,rear_center,28.21,OK,MONITORING,True,28.09,0.0,True,22.0,False,0.0,False,True,False,False,True,False,False,False,False,True,True,False,True,True,HIGH
2026-10-07 17:55:06.718624+00:00,1791395706718.0,guardian_state,True,0.967,rear_center,28.21,OK,MONITORING,True,28.25,0.0,True,22.0,False,0.0,False,True,False,False,True,False,False,False,False,True,True,False,True,True,HIGH
2026-10-07 17:55:07.718624+00:00,1791395707718.0,child_presence,True,0.969,rear_center,28.21,OK,MONITORING,True,28.25,0.0,True,22.0,False,0.0,False,True,False,False,True,False,False,False,False,True,True,False,True,True,HIGH
2026-10-07 17:55:08.718624+00:00,1791395708718.0,guardian_state,True,0.969,rear_center,28.21,OK,MONITORING,True,28.33,0.0,True,22.0,False,0.0,False,True,False,False,True,False,False,False,False,True,True,False,True,True,HIGH
2026-10-07 17:55:09.718624+00:00,1791395709718.0,window_state,True,0.969,rear_center,28.21,OK,MONITORING,True,28.33,0.0,True,22.0,False,0.0,False,True,False,False,True,False,False,False,False,True,True,False,True,True,HIGH
2026-10-07 17:55:10.718624+00:00,1791395710718.0,hvac_state,True,0.969,rear_center,28.21,OK,MONITORING,True,28.33,0.0,True,22.0,False,0.0,False,True,False,False,True,False,False,False,False,True,True,False,True,True,HIGH
2026-10-07 17:55:11.718624+00:00,1791395711718.0,temperature,True,0.969,rear_center,28.45,OK,MONITORING,True,28.33,0.0,True,22.0,False,0.0,False,True,False,False,True,False,False,False,False,True,True,False,True,True,HIGH
2026-10-07 17:55:12.718624+00:00,1791395712718.0,guardian_state,True,0.969,rear_center,28.45,OK,MONITORING,True,28.49,0.0,True,22.0,False,0.0,False,True,False,False,True,False,False,False,False,True,True,False,True,True,HIGH
2026-10-07 17:55:13.718624+00:00,1791395713718.0,window_state,True,0.969,rear_center,28.45,OK,MONITORING,True,28.49,0.0,True,22.0,False,0.0,False,True,False,False,True,False,False,False,False,True,True,False,True,True,HIGH
2026-10-07 17:55:14.718624+00:00,1791395714718.0,hvac_state,True,0.969,rear_center,28.45,OK,MONITORING,True,28.49,0.0,True,22.0,False,0.0,False,True,False,False,True,False,False,False,False,True,True,False,True,True,HIGH
2026-10-07 17:55:15.718624+00:00,1791395715718.0,temperature,True,0.969,rear_center,28.62,OK,MONITORING,True,28.49,0.0,True,22.0,False,0.0,False,True,False,False,True,False,False,False,False,True,True,False,True,True,HIGH
2026-10-07 17:55:16.718624+00:00,1791395716718.0,guardian_state,True,0.969,rear_center,28.62,OK,MONITORING,True,28.66,0.0,True,22.0,False,0.0,False,True,False,False,True,False,False,False,False,True,True,False,True,True,HIGH
2026-10-07 17:55:17.718624+00:00,1791395717718.0,child_presence,True,0.971,rear_center,28.62,OK,MONITORING,True,28.66,0.0,True,22.0,False,0.0,False,True,False,False,True,False,False,False,False,True,True,False,True,True,HIGH
2026-10-07 17:55:18.718624+00:00,1791395718718.0,guardian_state,True,0.971,rear_center,28.62,OK,MONITORING,True,28.74,0.0,True,22.0,False,0.0,False,True,False,False,True,False,False,False,False,True,True,False,True,True,HIGH
2026-10-07 17:55:19.718624+00:00,1791395719718.0,window_state,True,0.971,rear_center,28.62,OK,MONITORING,True,28.74,0.0,True,22.0,False,0.0,False,True,False,False,True,False,False,False,False,True,True,False,True,True,HIGH
2026-10-07 17:55:20.718624+00:00,1791395720718.0,hvac_state,True,0.971,rear_center,28.62,OK,MONITORING,True,28.74,0.0,True,22.0,False,0.0,False,True,False,False,True,False,False,False,False,True,True,False,True,True,HIGH
2026-10-07 17:55:21.718624+00:00,1791395721718.0,temperature,True,0.971,rear_center,28.86,OK,MONITORING,True,28.74,0.0,True,22.0,False,0.0,False,True,False,False,True,False,False,False,False,True,True,False,True,True,HIGH
2026-10-07 17:55:22.718624+00:00,1791395722718.0,guardian_state,True,0.971,rear_center,28.86,OK,MONITORING,True,28.9,0.0,True,22.0,False,0.0,False,True,False,False,True,False,False,False,False,True,True,False,True,True,HIGH
2026-10-07 17:55:23.718624+00:00,1791395723718.0,window_state,True,0.971,rear_center,28.86,OK,MONITORING,True,28.9,0.0,True,22.0,False,0.0,False,True,False,False,True,False,False,False,False,True,True,False,True,True,HIGH
2026-10-07 17:55:24.718624+00:00,1791395724718.0,hvac_state,True,0.971,rear_center,28.86,OK,MONITORING,True,28.9,0.0,True,22.0,False,0.0,False,True,False,False,True,False,False,False,False,True,True,False,True,True,HIGH
2026-10-07 17:55:25.718624+00:00,1791395725718.0,temperature,True,0.971,rear_center,29.02,OK,MONITORING,True,28.9,0.0,True,22.0,False,0.0,False,True,False,False,True,False,False,False,False,True,True,False,True,True,HIGH
2026-10-07 17:55:26.718624+00:00,1791395726718.0,guardian_state,True,0.971,rear_center,29.02,OK,MONITORING,True,29.06,0.0,True,22.0,False,0.0,False,True,False,False,True,False,False,False,False,True,True,False,True,True,HIGH
2026-10-07 17:55:27.718624+00:00,1791395727718.0,child_presence,True,0.971,rear_center,29.02,OK,MONITORING,True,29.06,0.0,True,22.0,False,0.0,False,True,False,False,True,False,False,False,False,True,True,False,True,True,HIGH
2026-10-07 17:55:28.718624+00:00,1791395728718.0,guardian_state,True,0.971,rear_center,29.02,OK,MONITORING,True,29.14,0.0,True,22.0,False,0.0,False,True,False,False,True,False,False,False,False,True,True,False,True,True,HIGH
2026-10-07 17:55:29.718624+00:00,1791395729718.0,window_state,True,0.971,rear_center,29.02,OK,MONITORING,True,29.14,0.0,True,22.0,False,0.0,False,True,False,False,True,False,False,False,False,True,True,False,True,True,HIGH
2026-10-07 17:55:30.718624+00:00,1791395730718.0,hvac_state,True,0.971,rear_center,29.02,OK,MONITORING,True,29.14,0.0,True,22.0,False,0.0,False,True,False,False,True,False,False,False,False,True,True,False,True,True,HIGH
2026-10-07 17:55:31.718624+00:00,1791395731718.0,temperature,True,0.971,rear_center,29.26,OK,MONITORING,True,29.14,0.0,True,22.0,False,0.0,False,True,False,False,True,False,False,False,False,True,True,False,True,True,HIGH
2026-10-07 17:55:32.718624+00:00,1791395732718.0,guardian_state,True,0.971,rear_center,29.26,OK,MONITORING,True,29.3,0.0,True,22.0,False,0.0,False,True,False,False,True,False,False,False,False,True,True,False,True,True,HIGH
2026-10-07 17:55:33.718624+00:00,1791395733718.0,window_state,True,0.971,rear_center,29.26,OK,MONITORING,True,29.3,0.0,True,22.0,False,0.0,False,True,False,False,True,False,False,False,False,True,True,False,True,True,HIGH
2026-10-07 17:55:34.718624+00:00,1791395734718.0,hvac_state,True,0.971,rear_center,29.26,OK,MONITORING,True,29.3,0.0,True,22.0,False,0.0,False,True,False,False,True,False,False,False,False,True,True,False,True,True,HIGH
2026-10-07 17:55:35.718624+00:00,1791395735718.0,temperature,True,0.971,rear_center,29.42,OK,MONITORING,True,29.3,0.0,True,22.0,False,0.0,False,True,False,False,True,False,False,False,False,True,True,False,True,True,HIGH
2026-10-07 17:55:36.718624+00:00,1791395736718.0,guardian_state,True,0.971,rear_center,29.42,OK,MONITORING,True,29.46,0.0,True,22.0,False,0.0,False,True,False,False,True,False,False,False,False,True,True,False,True,True,HIGH
2026-10-07 17:55:37.718624+00:00,1791395737718.0,child_presence,True,0.965,rear_center,29.42,OK,MONITORING,True,29.46,0.0,True,22.0,False,0.0,False,True,False,False,True,False,False,False,False,True,True,False,True,True,HIGH
2026-10-07 17:55:38.718624+00:00,1791395738718.0,guardian_state,True,0.965,rear_center,29.42,OK,MONITORING,True,29.55,0.0,True,22.0,False,0.0,False,True,False,False,True,False,False,False,False,True,True,False,True,True,HIGH
2026-10-07 17:55:39.718624+00:00,1791395739718.0,window_state,True,0.965,rear_center,29.42,OK,MONITORING,True,29.55,0.0,True,22.0,False,0.0,False,True,False,False,True,False,False,False,False,True,True,False,True,True,HIGH
2026-10-07 17:55:40.718624+00:00,1791395740718.0,hvac_state,True,0.965,rear_center,29.42,OK,MONITORING,True,29.55,0.0,True,22.0,False,0.0,False,True,False,False,True,False,False,False,False,True,True,False,True,True,HIGH
2026-10-07 17:55:41.718624+00:00,1791395741718.0,temperature,True,0.965,rear_center,29.67,OK,MONITORING,True,29.55,0.0,True,22.0,False,0.0,False,True,False,False,True,False,False,False,False,True,True,False,True,True,HIGH
2026-10-07 17:55:42.718624+00:00,1791395742718.0,guardian_state,True,0.965,rear_center,29.67,OK,MONITORING,True,29.71,0.0,True,22.0,False,0.0,False,True,False,False,True,False,False,False,False,True,True,False,True,True,HIGH
2026-10-07 17:55:43.718624+00:00,1791395743718.0,window_state,True,0.965,rear_center,29.67,OK,MONITORING,True,29.71,0.0,True,22.0,False,0.0,False,True,False,False,True,False,False,False,False,True,True,False,True,True,HIGH
2026-10-07 17:55:44.718624+00:00,1791395744718.0,hvac_state,True,0.965,rear_center,29.67,OK,MONITORING,True,29.71,0.0,True,22.0,False,0.0,False,True,False,False,True,False,False,False,False,True,True,False,True,True,HIGH
2026-10-07 17:55:45.718624+00:00,1791395745718.0,temperature,True,0.965,rear_center,29.83,OK,MONITORING,True,29.71,0.0,True,22.0,False,0.0,False,True,False,False,True,False,False,False,False,True,True,False,True,True,HIGH
2026-10-07 17:55:46.718624+00:00,1791395746718.0,guardian_state,True,0.965,rear_center,29.83,OK,MONITORING,True,29.87,0.0,True,22.0,False,0.0,False,True,False,False,True,False,False,False,False,True,True,False,True,True,HIGH
2026-10-07 17:55:47.718624+00:00,1791395747718.0,child_presence,True,0.97,rear_center,29.83,OK,MONITORING,True,29.87,0.0,True,22.0,False,0.0,False,True,False,False,True,False,False,False,False,True,True,False,True,True,HIGH
2026-10-07 17:55:48.718624+00:00,1791395748718.0,guardian_state,True,0.97,rear_center,29.83,OK,MONITORING,True,29.95,0.0,True,22.0,False,0.0,False,True,False,False,True,False,False,False,False,True,True,False,True,True,HIGH
2026-10-07 17:55:49.718624+00:00,1791395749718.0,window_state,True,0.97,rear_center,29.83,OK,MONITORING,True,29.95,0.0,True,22.0,False,0.0,False,True,False,False,True,False,False,False,False,True,True,False,True,True,HIGH
2026-10-07 17:55:50.718624+00:00,1791395750718.0,hvac_state,True,0.97,rear_center,29.83,OK,MONITORING,True,29.95,0.0,True,22.0,False,0.0,False,True,False,False,True,False,False,False,False,True,True,False,True,True,HIGH
2026-10-07 17:55:51.718624+00:00,1791395751718.0,temperature,True,0.97,rear_center,30.07,OK,MONITORING,True,29.95,0.0,True,22.0,False,0.0,False,True,False,False,True,False,False,False,False,True,True,True,True,True,CRITICAL
2026-10-07 17:55:52.718624+00:00,1791395752718.0,guardian_state,True,0.97,rear_center,30.07,OK,MONITORING,True,30.11,0.0,True,22.0,False,0.0,False,True,False,False,True,False,False,False,False,True,True,True,True,True,CRITICAL
2026-10-07 17:55:53.718624+00:00,1791395753718.0,window_state,True,0.97,rear_center,30.07,OK,MONITORING,True,30.11,0.0,True,22.0,False,0.0,False,True,False,False,True,False,False,False,False,True,True,True,True,True,CRITICAL
2026-10-07 17:55:54.718624+00:00,1791395754718.0,hvac_state,True,0.97,rear_center,30.07,OK,MONITORING,True,30.11,0.0,True,22.0,False,0.0,False,True,False,False,True,False,False,False,False,True,True,True,True,True,CRITICAL
2026-10-07 17:55:55.718624+00:00,1791395755718.0,temperature,True,0.97,rear_center,30.23,OK,MONITORING,True,30.11,0.0,True,22.0,False,0.0,False,True,False,False,True,False,False,False,False,True,True,True,True,True,CRITICAL
2026-10-07 17:55:56.718624+00:00,1791395756718.0,guardian_state,True,0.97,rear_center,30.23,OK,MONITORING,True,30.27,0.0,True,22.0,False,0.0,False,True,False,False,True,False,False,False,False,True,True,True,True,True,CRITICAL
2026-10-07 17:55:57.718624+00:00,1791395757718.0,child_presence,True,0.971,rear_center,30.23,OK,MONITORING,True,30.27,0.0,True,22.0,False,0.0,False,True,False,False,True,False,False,False,False,True,True,True,True,True,CRITICAL
2026-10-07 17:55:58.718624+00:00,1791395758718.0,guardian_state,True,0.971,rear_center,30.23,OK,MONITORING,True,30.35,0.0,True,22.0,False,0.0,False,True,False,False,True,False,False,False,False,True,True,True,True,True,CRITICAL
2026-10-07 17:55:59.718624+00:00,1791395759718.0,window_state,True,0.971,rear_center,30.23,OK,MONITORING,True,30.35,0.0,True,22.0,False,0.0,False,True,False,False,True,False,False,False,False,True,True,True,True,True,CRITICAL
2026-10-07 17:56:00.718624+00:00,1791395760718.0,hvac_state,True,0.971,rear_center,30.23,OK,MONITORING,True,30.35,0.0,True,22.0,False,0.0,False,True,False,False,True,False,False,False,False,True,True,True,True,True,CRITICAL
2026-10-07 17:56:01.718624+00:00,1791395761718.0,temperature,True,0.971,rear_center,30.47,OK,MONITORING,True,30.35,0.0,True,22.0,False,0.0,False,True,False,False,True,False,False,False,False,True,True,True,True,True,CRITICAL
2026-10-07 17:56:02.718624+00:00,1791395762718.0,guardian_state,True,0.971,rear_center,30.47,OK,MONITORING,True,30.52,0.0,True,22.0,False,0.0,False,True,False,False,True,False,False,False,False,True,True,True,True,True,CRITICAL
2026-10-07 17:56:03.718624+00:00,1791395763718.0,window_state,True,0.971,rear_center,30.47,OK,MONITORING,True,30.52,0.0,True,22.0,False,0.0,False,True,False,False,True,False,False,False,False,True,True,True,True,True,CRITICAL
2026-10-07 17:56:04.718624+00:00,1791395764718.0,hvac_state,True,0.971,rear_center,30.47,OK,MONITORING,True,30.52,0.0,True,22.0,False,0.0,False,True,False,False,True,False,False,False,False,True,True,True,True,True,CRITICAL
2026-10-07 17:56:05.718624+00:00,1791395765718.0,temperature,True,0.971,rear_center,30.64,OK,MONITORING,True,30.52,0.0,True,22.0,False,0.0,False,True,False,False,True,False,False,False,False,True,True,True,True,True,CRITICAL
2026-10-07 17:56:06.718624+00:00,1791395766718.0,guardian_state,True,0.971,rear_center,30.64,OK,MONITORING,True,30.68,0.0,True,22.0,False,0.0,False,True,False,False,True,False,False,False,False,True,True,True,True,True,CRITICAL
2026-10-07 17:56:07.718624+00:00,1791395767718.0,child_presence,True,0.983,rear_center,30.64,OK,MONITORING,True,30.68,0.0,True,22.0,False,0.0,False,True,False,False,True,False,False,False,False,True,True,True,True,True,CRITICAL
2026-10-07 17:56:08.718624+00:00,1791395768718.0,guardian_state,True,0.983,rear_center,30.64,OK,MONITORING,True,30.76,0.0,True,22.0,False,0.0,False,True,False,False,True,False,False,False,False,True,True,True,True,True,CRITICAL
2026-10-07 17:56:09.718624+00:00,1791395769718.0,window_state,True,0.983,rear_center,30.64,OK,MONITORING,True,30.76,0.0,True,22.0,False,0.0,False,True,False,False,True,False,False,False,False,True,True,True,True,True,CRITICAL
2026-10-07 17:56:10.718624+00:00,1791395770718.0,hvac_state,True,0.983,rear_center,30.64,OK,MONITORING,True,30.76,0.0,True,22.0,False,0.0,False,True,False,False,True,False,False,False,False,True,True,True,True,True,CRITICAL
2026-10-07 17:56:11.718624+00:00,1791395771718.0,temperature,True,0.983,rear_center,30.88,OK,MONITORING,True,30.76,0.0,True,22.0,False,0.0,False,True,False,False,True,False,False,False,False,True,True,True,True,True,CRITICAL
2026-10-07 17:56:12.718624+00:00,1791395772718.0,guardian_state,True,0.983,rear_center,30.88,OK,MONITORING,True,30.92,0.0,True,22.0,False,0.0,False,True,False,False,True,False,False,False,False,True,True,True,True,True,CRITICAL
2026-10-07 17:56:13.718624+00:00,1791395773718.0,window_state,True,0.983,rear_center,30.88,OK,MONITORING,True,30.92,0.0,True,22.0,False,0.0,False,True,False,False,True,False,False,False,False,True,True,True,True,True,CRITICAL
2026-10-07 17:56:14.718624+00:00,1791395774718.0,hvac_state,True,0.983,rear_center,30.88,OK,MONITORING,True,30.92,0.0,True,22.0,False,0.0,False,True,False,False,True,False,True,False,True,True,True,True,True,True,CRITICAL
2026-10-07 17:56:15.718624+00:00,1791395775718.0,temperature,True,0.983,rear_center,24.0,OK,MONITORING,True,30.92,0.0,True,22.0,False,0.0,False,False,False,False,False,False,False,False,False,False,False,False,False,False,NORMAL
2026-10-07 17:56:16.718624+00:00,1791395776718.0,guardian_state,True,0.983,rear_center,24.0,OK,MONITORING,True,24.04,0.0,True,22.0,False,0.0,False,False,False,False,False,False,False,False,False,False,False,False,False,False,NORMAL
2026-10-07 17:56:17.718624+00:00,1791395777718.0,child_presence,True,0.979,rear_center,24.0,OK,MONITORING,True,24.04,0.0,True,22.0,False,0.0,False,False,False,False,False,False,False,False,False,False,False,False,False,False,NORMAL
2026-10-07 17:56:18.718624+00:00,1791395778718.0,guardian_state,True,0.979,rear_center,24.0,OK,MONITORING,True,24.12,0.0,True,22.0,False,0.0,False,False,False,False,False,False,False,False,False,False,False,False,False,False,NORMAL
2026-10-07 17:56:19.718624+00:00,1791395779718.0,window_state,True,0.979,rear_center,24.0,OK,MONITORING,True,24.12,0.0,True,22.0,False,0.0,False,False,False,False,False,False,False,False,False,False,False,False,False,False,NORMAL
2026-10-07 17:56:20.718624+00:00,1791395780718.0,hvac_state,True,0.979,rear_center,24.0,OK,MONITORING,True,24.12,0.0,True,22.0,True,80.0,False,False,False,False,False,False,False,False,False,False,False,False,False,False,NORMAL
2026-10-07 17:56:21.718624+00:00,1791395781718.0,temperature,True,0.979,rear_center,24.24,OK,MONITORING,True,24.12,0.0,True,22.0,True,80.0,False,False,True,False,True,False,False,False,False,False,False,False,False,False,NORMAL
2026-10-07 17:56:22.718624+00:00,1791395782718.0,guardian_state,True,0.979,rear_center,24.24,OK,MONITORING,True,24.28,0.0,True,22.0,True,80.0,False,False,False,False,False,False,False,False,False,False,False,False,False,False,NORMAL
2026-10-07 17:56:23.718624+00:00,1791395783718.0,window_state,True,0.979,rear_center,24.24,OK,MONITORING,True,24.28,0.0,True,22.0,True,80.0,False,False,False,False,False,False,False,False,False,False,False,False,False,False,NORMAL
2026-10-07 17:56:24.718624+00:00,1791395784718.0,hvac_state,True,0.979,rear_center,24.24,OK,MONITORING,True,24.28,0.0,True,22.0,True,80.0,False,False,False,False,False,False,False,False,False,False,False,False,False,False,NORMAL
2026-10-07 17:56:25.718624+00:00,1791395785718.0,temperature,True,0.979,rear_center,24.39,OK,MONITORING,True,24.28,0.0,True,22.0,True,80.0,False,False,True,False,True,False,False,False,False,False,False,False,False,False,NORMAL
2026-10-07 17:56:26.718624+00:00,1791395786718.0,guardian_state,True,0.979,rear_center,24.39,OK,MONITORING,True,24.43,0.0,True,22.0,True,80.0,False,False,False,False,False,False,False,False,False,False,False,False,False,False,NORMAL
2026-10-07 17:56:27.718624+00:00,1791395787718.0,child_presence,True,0.966,rear_center,24.39,OK,MONITORING,True,24.43,0.0,True,22.0,True,80.0,False,False,False,False,False,False,False,False,False,False,False,False,False,False,NORMAL
2026-10-07 17:56:28.718624+00:00,1791395788718.0,guardian_state,True,0.966,rear_center,24.39,OK,MONITORING,True,24.51,0.0,True,22.0,True,80.0,False,False,False,False,False,False,False,False,False,False,False,False,False,False,NORMAL
2026-10-07 17:56:29.718624+00:00,1791395789718.0,window_state,True,0.966,rear_center,24.39,OK,MONITORING,True,24.51,0.0,True,22.0,True,80.0,False,False,False,False,False,False,False,False,False,False,False,False,False,False,NORMAL
2026-10-07 17:56:30.718624+00:00,1791395790718.0,hvac_state,True,0.966,rear_center,24.39,OK,MONITORING,True,24.51,0.0,True,22.0,True,80.0,False,False,False,False,False,False,False,False,False,False,False,False,False,False,NORMAL
2026-10-07 17:56:31.718624+00:00,1791395791718.0,temperature,True,0.966,rear_center,24.63,OK,MONITORING,True,24.51,0.0,True,22.0,True,80.0,False,False,True,False,True,False,False,False,False,False,False,False,False,False,NORMAL
2026-10-07 17:56:32.718624+00:00,1791395792718.0,guardian_state,True,0.966,rear_center,24.63,OK,MONITORING,True,24.67,0.0,True,22.0,True,80.0,False,False,False,False,False,False,False,False,False,False,False,False,False,False,NORMAL
2026-10-07 17:56:33.718624+00:00,1791395793718.0,window_state,True,0.966,rear_center,24.63,OK,MONITORING,True,24.67,0.0,True,22.0,True,80.0,False,False,False,False,False,False,False,False,False,False,False,False,False,False,NORMAL
2026-10-07 17:56:34.718624+00:00,1791395794718.0,hvac_state,True,0.966,rear_center,24.63,OK,MONITORING,True,24.67,0.0,True,22.0,True,80.0,False,False,False,False,False,False,False,False,False,False,False,False,False,False,NORMAL
2026-10-07 17:56:35.718624+00:00,1791395795718.0,temperature,True,0.966,rear_center,24.79,OK,MONITORING,True,24.67,0.0,True,22.0,True,80.0,False,False,True,False,True,False,False,False,False,False,False,False,False,False,NORMAL
2026-10-07 17:56:36.718624+00:00,1791395796718.0,guardian_state,True,0.966,rear_center,24.79,OK,MONITORING,True,24.83,0.0,True,22.0,True,80.0,False,False,False,False,False,False,False,False,False,False,False,False,False,False,NORMAL
2026-10-07 17:56:37.718624+00:00,1791395797718.0,child_presence,True,0.969,rear_center,24.79,OK,MONITORING,True,24.83,0.0,True,22.0,True,80.0,False,False,False,False,False,False,False,False,False,False,False,False,False,False,NORMAL
2026-10-07 17:56:38.718624+00:00,1791395798718.0,guardian_state,True,0.969,rear_center,24.79,OK,MONITORING,True,24.9,0.0,True,22.0,True,80.0,False,False,False,False,False,False,False,False,False,False,False,False,False,False,NORMAL
2026-10-07 17:56:39.718624+00:00,1791395799718.0,window_state,True,0.969,rear_center,24.79,OK,MONITORING,True,24.9,0.0,True,22.0,True,80.0,False,False,False,False,False,False,False,False,False,False,False,False,False,False,NORMAL
2026-10-07 17:56:40.718624+00:00,1791395800718.0,hvac_state,True,0.969,rear_center,24.79,OK,MONITORING,True,24.9,0.0,True,22.0,True,80.0,False,False,False,False,False,False,False,False,False,False,False,False,False,False,NORMAL
2026-10-07 17:56:41.718624+00:00,1791395801718.0,temperature,True,0.969,rear_center,25.02,OK,MONITORING,True,24.9,0.0,True,22.0,True,80.0,False,False,True,False,True,False,False,False,False,False,False,False,False,False,NORMAL
2026-10-07 17:56:42.718624+00:00,1791395802718.0,guardian_state,True,0.969,rear_center,25.02,OK,MONITORING,True,25.06,0.0,True,22.0,True,80.0,False,False,False,False,False,False,False,False,False,False,False,False,False,False,NORMAL
2026-10-07 17:56:43.718624+00:00,1791395803718.0,window_state,True,0.969,rear_center,25.02,OK,MONITORING,True,25.06,0.0,True,22.0,True,80.0,False,False,False,False,False,False,False,False,False,False,False,False,False,False,NORMAL
2026-10-07 17:56:44.718624+00:00,1791395804718.0,hvac_state,True,0.969,rear_center,25.02,OK,MONITORING,True,25.06,0.0,True,22.0,True,80.0,False,False,False,False,False,False,False,False,False,False,False,False,False,False,NORMAL
2026-10-07 17:56:45.718624+00:00,1791395805718.0,temperature,True,0.969,rear_center,25.18,OK,MONITORING,True,25.06,0.0,True,22.0,True,80.0,False,False,True,False,True,False,False,False,False,False,False,False,False,False,NORMAL
2026-10-07 17:56:46.718624+00:00,1791395806718.0,guardian_state,True,0.969,rear_center,25.18,OK,MONITORING,True,25.22,0.0,True,22.0,True,80.0,False,False,False,False,False,False,False,False,False,False,False,False,False,False,NORMAL
2026-10-07 17:56:47.718624+00:00,1791395807718.0,child_presence,True,0.963,rear_center,25.18,OK,MONITORING,True,25.22,0.0,True,22.0,True,80.0,False,False,False,False,False,False,False,False,False,False,False,False,False,False,NORMAL
2026-10-07 17:56:48.718624+00:00,1791395808718.0,guardian_state,True,0.963,rear_center,25.18,OK,MONITORING,True,25.3,0.0,True,22.0,True,80.0,False,False,False,False,False,False,False,False,False,False,False,False,False,False,NORMAL
2026-10-07 17:56:49.718624+00:00,1791395809718.0,window_state,True,0.963,rear_center,25.18,OK,MONITORING,True,25.3,0.0,True,22.0,True,80.0,False,False,False,False,False,False,False,False,False,False,False,False,False,False,NORMAL
2026-10-07 17:56:50.718624+00:00,1791395810718.0,hvac_state,True,0.963,rear_center,25.18,OK,MONITORING,True,25.3,0.0,True,22.0,True,80.0,False,False,False,False,False,False,False,False,False,False,False,False,False,False,NORMAL
2026-10-07 17:56:51.718624+00:00,1791395811718.0,temperature,True,0.963,rear_center,25.42,OK,MONITORING,True,25.3,0.0,True,22.0,True,80.0,False,False,True,False,True,False,False,False,False,False,False,False,False,False,NORMAL
2026-10-07 17:56:52.718624+00:00,1791395812718.0,guardian_state,True,0.963,rear_center,25.42,OK,MONITORING,True,25.46,0.0,True,22.0,True,80.0,False,False,False,False,False,False,False,False,False,False,False,False,False,False,NORMAL
2026-10-07 17:56:53.718624+00:00,1791395813718.0,window_state,True,0.963,rear_center,25.42,OK,MONITORING,True,25.46,0.0,True,22.0,True,80.0,False,False,False,False,False,False,False,False,False,False,False,False,False,False,NORMAL
2026-10-07 17:56:54.718624+00:00,1791395814718.0,hvac_state,True,0.963,rear_center,25.42,OK,MONITORING,True,25.46,0.0,True,22.0,True,80.0,False,False,False,False,False,False,False,False,False,False,False,False,False,False,NORMAL
2026-10-07 17:56:55.718624+00:00,1791395815718.0,temperature,True,0.963,rear_center,25.57,OK,MONITORING,True,25.46,0.0,True,22.0,True,80.0,False,False,True,False,True,False,False,False,False,False,False,False,False,False,NORMAL
2026-10-07 17:56:56.718624+00:00,1791395816718.0,guardian_state,True,0.963,rear_center,25.57,OK,MONITORING,True,25.61,0.0,True,22.0,True,80.0,False,False,False,False,False,False,False,False,False,False,False,False,False,False,NORMAL
2026-10-07 17:56:57.718624+00:00,1791395817718.0,child_presence,True,0.967,rear_center,25.57,OK,MONITORING,True,25.61,0.0,True,22.0,True,80.0,False,False,False,False,False,False,False,False,False,False,False,False,False,False,NORMAL
2026-10-07 17:56:58.718624+00:00,1791395818718.0,guardian_state,True,0.967,rear_center,25.57,OK,MONITORING,True,25.69,0.0,True,22.0,True,80.0,False,False,False,False,False,False,False,False,False,False,False,False,False,False,NORMAL
2026-10-07 17:56:59.718624+00:00,1791395819718.0,window_state,True,0.967,rear_center,25.57,OK,MONITORING,True,25.69,0.0,True,22.0,True,80.0,False,False,False,False,False,False,False,False,False,False,False,False,False,False,NORMAL
2026-10-07 17:57:00.718624+00:00,1791395820718.0,hvac_state,True,0.967,rear_center,25.57,OK,MONITORING,True,25.69,0.0,True,22.0,True,80.0,False,False,False,False,False,False,False,False,False,False,False,False,False,False,NORMAL
2026-10-07 17:57:01.718624+00:00,1791395821718.0,temperature,True,0.967,rear_center,25.81,OK,MONITORING,True,25.69,0.0,True,22.0,True,80.0,False,False,True,False,True,False,False,False,False,False,False,False,False,False,NORMAL
2026-10-07 17:57:02.718624+00:00,1791395822718.0,guardian_state,True,0.967,rear_center,25.81,OK,MONITORING,True,25.85,0.0,True,22.0,True,80.0,False,False,False,False,False,False,False,False,False,False,False,False,False,False,NORMAL
2026-10-07 17:57:03.718624+00:00,1791395823718.0,window_state,True,0.967,rear_center,25.81,OK,MONITORING,True,25.85,0.0,True,22.0,True,80.0,False,False,False,False,False,False,False,False,False,False,False,False,False,False,NORMAL
2026-10-07 17:57:04.718624+00:00,1791395824718.0,hvac_state,True,0.967,rear_center,25.81,OK,MONITORING,True,25.85,0.0,True,22.0,True,80.0,False,False,False,False,False,False,False,False,False,False,False,False,False,False,NORMAL
2026-10-07 17:57:05.718624+00:00,1791395825718.0,temperature,True,0.967,rear_center,25.97,OK,MONITORING,True,25.85,0.0,True,22.0,True,80.0,False,False,True,False,True,False,False,False,False,False,False,False,False,False,NORMAL
2026-10-07 17:57:06.718624+00:00,1791395826718.0,guardian_state,True,0.967,rear_center,25.97,OK,MONITORING,True,26.01,0.0,True,22.0,True,80.0,False,False,False,False,False,False,False,False,False,False,False,False,False,False,NORMAL
2026-10-07 17:57:07.718624+00:00,1791395827718.0,child_presence,True,0.972,rear_center,25.97,OK,MONITORING,True,26.01,0.0,True,22.0,True,80.0,False,False,False,False,False,False,False,False,False,False,False,False,False,False,NORMAL
2026-10-07 17:57:08.718624+00:00,1791395828718.0,guardian_state,True,0.972,rear_center,25.97,OK,MONITORING,True,26.08,0.0,True,22.0,True,80.0,False,False,False,False,False,False,False,False,False,False,False,False,False,False,NORMAL
2026-10-07 17:57:09.718624+00:00,1791395829718.0,window_state,True,0.972,rear_center,25.97,OK,MONITORING,True,26.08,0.0,True,22.0,True,80.0,False,False,False,False,False,False,False,False,False,False,False,False,False,False,NORMAL
2026-10-07 17:57:10.718624+00:00,1791395830718.0,hvac_state,True,0.972,rear_center,25.97,OK,MONITORING,True,26.08,0.0,True,22.0,True,80.0,False,False,False,False,False,False,False,False,False,False,False,False,False,False,NORMAL
2026-10-07 17:57:11.718624+00:00,1791395831718.0,temperature,True,0.972,rear_center,26.2,OK,MONITORING,True,26.08,0.0,True,22.0,True,80.0,False,False,True,False,True,False,False,False,False,True,False,False,False,True,WARNING
2026-10-07 17:57:12.718624+00:00,1791395832718.0,guardian_state,True,0.972,rear_center,26.2,OK,MONITORING,True,26.24,0.0,True,22.0,True,80.0,False,False,False,False,False,False,False,False,False,True,False,False,False,True,WARNING
2026-10-07 17:57:13.718624+00:00,1791395833718.0,window_state,True,0.972,rear_center,26.2,OK,MONITORING,True,26.24,0.0,True,22.0,True,80.0,False,False,False,False,False,False,False,False,False,True,False,False,False,True,WARNING
2026-10-07 17:57:14.718624+00:00,1791395834718.0,hvac_state,True,0.972,rear_center,26.2,OK,MONITORING,True,26.24,0.0,True,22.0,True,80.0,False,False,False,False,False,False,False,False,False,True,False,False,False,True,WARNING
2026-10-07 17:57:15.718624+00:00,1791395835718.0,temperature,True,0.972,rear_center,26.36,OK,MONITORING,True,26.24,0.0,True,22.0,True,80.0,False,False,True,False,True,False,False,False,False,True,False,False,False,True,WARNING
2026-10-07 17:57:16.718624+00:00,1791395836718.0,guardian_state,True,0.972,rear_center,26.36,OK,MONITORING,True,26.4,0.0,True,22.0,True,80.0,False,False,False,False,False,False,False,False,False,True,False,False,False,True,WARNING
2026-10-07 17:57:17.718624+00:00,1791395837718.0,child_presence,True,0.976,rear_center,26.36,OK,MONITORING,True,26.4,0.0,True,22.0,True,80.0,False,False,False,False,False,False,False,False,False,True,False,False,False,True,WARNING
2026-10-07 17:57:18.718624+00:00,1791395838718.0,guardian_state,True,0.976,rear_center,26.36,OK,MONITORING,True,26.48,0.0,True,22.0,True,80.0,False,False,False,False,False,False,False,False,False,True,False,False,False,True,WARNING
2026-10-07 17:57:19.718624+00:00,1791395839718.0,window_state,True,0.976,rear_center,26.36,OK,MONITORING,True,26.48,0.0,True,22.0,True,80.0,False,False,False,False,False,False,False,False,False,True,False,False,False,True,WARNING
2026-10-07 17:57:20.718624+00:00,1791395840718.0,hvac_state,True,0.976,rear_center,26.36,OK,MONITORING,True,26.48,0.0,True,22.0,True,80.0,False,False,False,False,False,False,False,False,False,True,False,False,False,True,WARNING
2026-10-07 17:57:21.718624+00:00,1791395841718.0,temperature,True,0.976,rear_center,26.6,OK,MONITORING,True,26.48,0.0,True,22.0,True,80.0,False,False,True,False,True,False,False,False,False,True,False,False,False,True,WARNING
2026-10-07 17:57:22.718624+00:00,1791395842718.0,guardian_state,True,0.976,rear_center,26.6,OK,MONITORING,True,26.63,0.0,True,22.0,True,80.0,False,False,False,False,False,False,False,False,False,True,False,False,False,True,WARNING
2026-10-07 17:57:23.718624+00:00,1791395843718.0,window_state,True,0.976,rear_center,26.6,OK,MONITORING,True,26.63,0.0,True,22.0,True,80.0,False,False,False,False,False,False,False,False,False,True,False,False,False,True,WARNING
2026-10-07 17:57:24.718624+00:00,1791395844718.0,hvac_state,True,0.976,rear_center,26.6,OK,MONITORING,True,26.63,0.0,True,22.0,True,80.0,False,False,False,False,False,False,False,False,False,True,False,False,False,True,WARNING
2026-10-07 17:57:25.718624+00:00,1791395845718.0,temperature,True,0.976,rear_center,26.75,OK,MONITORING,True,26.63,0.0,True,22.0,True,80.0,False,False,True,False,True,False,False,False,False,True,False,False,False,True,WARNING
2026-10-07 17:57:26.718624+00:00,1791395846718.0,guardian_state,True,0.976,rear_center,26.75,OK,MONITORING,True,26.79,0.0,True,22.0,True,80.0,False,False,False,False,False,False,False,False,False,True,False,False,False,True,WARNING
2026-10-07 17:57:27.718624+00:00,1791395847718.0,child_presence,True,0.966,rear_center,26.75,OK,MONITORING,True,26.79,0.0,True,22.0,True,80.0,False,False,False,False,False,False,False,False,False,True,False,False,False,True,WARNING
2026-10-07 17:57:28.718624+00:00,1791395848718.0,guardian_state,True,0.966,rear_center,26.75,OK,MONITORING,True,26.87,0.0,True,22.0,True,80.0,False,False,False,False,False,False,False,False,False,True,False,False,False,True,WARNING
2026-10-07 17:57:29.718624+00:00,1791395849718.0,window_state,True,0.966,rear_center,26.75,OK,MONITORING,True,26.87,0.0,True,22.0,True,80.0,False,False,False,False,False,False,False,False,False,True,False,False,False,True,WARNING
2026-10-07 17:57:30.718624+00:00,1791395850718.0,hvac_state,True,0.966,rear_center,26.75,OK,MONITORING,True,26.87,0.0,True,22.0,True,80.0,False,False,False,False,False,False,False,False,False,True,False,False,False,True,WARNING
2026-10-07 17:57:31.718624+00:00,1791395851718.0,temperature,True,0.966,rear_center,26.99,OK,MONITORING,True,26.87,0.0,True,22.0,True,80.0,False,False,True,False,True,False,False,False,False,True,False,False,False,True,WARNING
2026-10-07 17:57:32.718624+00:00,1791395852718.0,guardian_state,True,0.966,rear_center,26.99,OK,MONITORING,True,27.03,0.0,True,22.0,True,80.0,False,False,False,False,False,False,False,False,False,True,False,False,False,True,WARNING
2026-10-07 17:57:33.718624+00:00,1791395853718.0,window_state,True,0.966,rear_center,26.99,OK,MONITORING,True,27.03,0.0,True,22.0,True,80.0,False,False,False,False,False,False,False,False,False,True,False,False,False,True,WARNING
2026-10-07 17:57:34.718624+00:00,1791395854718.0,hvac_state,True,0.966,rear_center,26.99,OK,MONITORING,True,27.03,0.0,True,22.0,True,80.0,False,False,False,False,False,False,False,False,False,True,False,False,False,True,WARNING
2026-10-07 17:57:35.718624+00:00,1791395855718.0,temperature,True,0.966,rear_center,27.15,OK,MONITORING,True,27.03,0.0,True,22.0,True,80.0,False,False,True,False,True,False,False,False,False,True,False,False,False,True,WARNING
2026-10-07 17:57:36.718624+00:00,1791395856718.0,guardian_state,True,0.966,rear_center,27.15,OK,MONITORING,True,27.19,0.0,True,22.0,True,80.0,False,False,False,False,False,False,False,False,False,True,False,False,False,True,WARNING
2026-10-07 17:57:37.718624+00:00,1791395857718.0,child_presence,True,0.967,rear_center,27.15,OK,MONITORING,True,27.19,0.0,True,22.0,True,80.0,False,False,False,False,False,False,False,False,False,True,False,False,False,True,WARNING
2026-10-07 17:57:38.718624+00:00,1791395858718.0,guardian_state,True,0.967,rear_center,27.15,OK,MONITORING,True,27.26,0.0,True,22.0,True,80.0,False,False,False,False,False,False,False,False,False,True,False,False,False,True,WARNING
2026-10-07 17:57:39.718624+00:00,1791395859718.0,window_state,True,0.967,rear_center,27.15,OK,MONITORING,True,27.26,0.0,True,22.0,True,80.0,False,False,False,False,False,False,False,False,False,True,False,False,False,True,WARNING
2026-10-07 17:57:40.718624+00:00,1791395860718.0,hvac_state,True,0.967,rear_center,27.15,OK,MONITORING,True,27.26,0.0,True,22.0,True,80.0,False,False,False,False,False,False,False,False,False,True,False,False,False,True,WARNING
2026-10-07 17:57:41.718624+00:00,1791395861718.0,temperature,True,0.967,rear_center,27.38,OK,MONITORING,True,27.26,0.0,True,22.0,True,80.0,False,False,True,False,True,False,False,False,False,True,False,False,False,True,WARNING
2026-10-07 17:57:42.718624+00:00,1791395862718.0,guardian_state,True,0.967,rear_center,27.38,OK,MONITORING,True,27.42,0.0,True,22.0,True,80.0,False,False,False,False,False,False,False,False,False,True,False,False,False,True,WARNING
2026-10-07 17:57:43.718624+00:00,1791395863718.0,window_state,True,0.967,rear_center,27.38,OK,MONITORING,True,27.42,0.0,True,22.0,True,80.0,False,False,False,False,False,False,False,False,False,True,False,False,False,True,WARNING
2026-10-07 17:57:44.718624+00:00,1791395864718.0,hvac_state,True,0.967,rear_center,27.38,OK,MONITORING,True,27.42,0.0,True,22.0,True,80.0,False,False,False,False,False,True,False,False,True,True,False,False,False,True,WARNING
2026-10-07 17:57:45.718624+00:00,1791395865718.0,temperature,True,0.967,rear_center,30.0,OK,MONITORING,True,27.42,0.0,True,22.0,True,80.0,False,False,True,False,True,False,False,False,False,True,True,True,False,True,CRITICAL
2026-10-07 17:57:46.718624+00:00,1791395866718.0,guardian_state,True,0.967,rear_center,30.0,OK,MONITORING,True,29.91,0.0,True,22.0,True,80.0,False,False,False,False,False,False,False,False,False,True,True,True,False,True,CRITICAL
2026-10-07 17:57:47.718624+00:00,1791395867718.0,child_presence,True,0.959,rear_center,30.0,OK,MONITORING,True,29.91,0.0,True,22.0,True,80.0,False,False,False,False,False,False,False,False,False,True,True,True,False,True,CRITICAL
2026-10-07 17:57:48.718624+00:00,1791395868718.0,guardian_state,True,0.959,rear_center,30.0,OK,MONITORING,True,29.73,0.0,True,22.0,True,80.0,False,False,False,False,False,False,False,False,False,True,True,True,False,True,CRITICAL
2026-10-07 17:57:49.718624+00:00,1791395869718.0,window_state,True,0.959,rear_center,30.0,OK,MONITORING,True,29.73,0.0,True,22.0,True,80.0,False,False,False,False,False,False,False,False,False,True,True,True,False,True,CRITICAL
2026-10-07 17:57:50.718624+00:00,1791395870718.0,hvac_state,True,0.959,rear_center,30.0,OK,MONITORING,True,29.73,0.0,True,22.0,True,80.0,False,False,False,False,False,False,False,False,False,True,True,True,False,True,CRITICAL
2026-10-07 17:57:51.718624+00:00,1791395871718.0,temperature,True,0.959,rear_center,29.47,OK,MONITORING,True,29.73,0.0,True,22.0,True,80.0,False,False,False,False,False,False,False,False,False,True,True,False,False,True,HIGH
2026-10-07 17:57:52.718624+00:00,1791395872718.0,guardian_state,True,0.959,rear_center,29.47,OK,MONITORING,True,29.38,0.0,True,22.0,True,80.0,False,False,False,False,False,False,False,False,False,True,True,False,False,True,HIGH
2026-10-07 17:57:53.718624+00:00,1791395873718.0,window_state,True,0.959,rear_center,29.47,OK,MONITORING,True,29.38,0.0,True,22.0,True,80.0,False,False,False,False,False,False,False,False,False,True,True,False,False,True,HIGH
2026-10-07 17:57:54.718624+00:00,1791395874718.0,hvac_state,True,0.959,rear_center,29.47,OK,MONITORING,True,29.38,0.0,True,22.0,True,80.0,False,False,False,False,False,False,False,False,False,True,True,False,False,True,HIGH
2026-10-07 17:57:55.718624+00:00,1791395875718.0,temperature,True,0.959,rear_center,29.11,OK,MONITORING,True,29.38,0.0,True,22.0,True,80.0,False,False,False,False,False,False,False,False,False,True,True,False,False,True,HIGH
2026-10-07 17:57:56.718624+00:00,1791395876718.0,guardian_state,True,0.959,rear_center,29.11,OK,MONITORING,True,29.03,0.0,True,22.0,True,80.0,False,False,False,False,False,False,False,False,False,True,True,False,False,True,HIGH
2026-10-07 17:57:57.718624+00:00,1791395877718.0,child_presence,True,0.969,rear_center,29.11,OK,MONITORING,True,29.03,0.0,True,22.0,True,80.0,False,False,False,False,False,False,False,False,False,True,True,False,False,True,HIGH
2026-10-07 17:57:58.718624+00:00,1791395878718.0,guardian_state,True,0.969,rear_center,29.11,OK,MONITORING,True,28.85,0.0,True,22.0,True,80.0,False,False,False,False,False,False,False,False,False,True,True,False,False,True,HIGH
2026-10-07 17:57:59.718624+00:00,1791395879718.0,window_state,True,0.969,rear_center,29.11,OK,MONITORING,True,28.85,0.0,True,22.0,True,80.0,False,False,False,False,False,False,False,False,False,True,True,False,False,True,HIGH
2026-10-07 17:58:00.718624+00:00,1791395880718.0,hvac_state,True,0.969,rear_center,29.11,OK,MONITORING,True,28.85,0.0,True,22.0,True,80.0,False,False,False,False,False,False,False,False,False,True,True,False,False,True,HIGH
2026-10-07 17:58:01.718624+00:00,1791395881718.0,temperature,True,0.969,rear_center,28.58,OK,MONITORING,True,28.85,0.0,True,22.0,True,80.0,False,False,False,False,False,False,False,False,False,True,True,False,False,True,HIGH
2026-10-07 17:58:02.718624+00:00,1791395882718.0,guardian_state,True,0.969,rear_center,28.58,OK,MONITORING,True,28.49,0.0,True,22.0,True,80.0,False,False,False,False,False,False,False,False,False,True,True,False,False,True,HIGH
2026-10-07 17:58:03.718624+00:00,1791395883718.0,window_state,True,0.969,rear_center,28.58,OK,MONITORING,True,28.49,0.0,True,22.0,True,80.0,False,False,False,False,False,False,False,False,False,True,True,False,False,True,HIGH
2026-10-07 17:58:04.718624+00:00,1791395884718.0,hvac_state,True,0.969,rear_center,28.58,OK,MONITORING,True,28.49,0.0,True,22.0,True,80.0,False,False,False,False,False,False,False,False,False,True,True,False,False,True,HIGH
2026-10-07 17:58:05.718624+00:00,1791395885718.0,temperature,True,0.969,rear_center,28.23,OK,MONITORING,True,28.49,0.0,True,22.0,True,80.0,False,False,False,False,False,False,False,False,False,True,True,False,False,True,HIGH
2026-10-07 17:58:06.718624+00:00,1791395886718.0,guardian_state,True,0.969,rear_center,28.23,OK,MONITORING,True,28.14,0.0,True,22.0,True,80.0,False,False,False,False,False,False,False,False,False,True,True,False,False,True,HIGH
2026-10-07 17:58:07.718624+00:00,1791395887718.0,child_presence,True,0.965,rear_center,28.23,OK,MONITORING,True,28.14,0.0,True,22.0,True,80.0,False,False,False,False,False,False,False,False,False,True,True,False,False,True,HIGH
2026-10-07 17:58:08.718624+00:00,1791395888718.0,guardian_state,True,0.965,rear_center,28.23,OK,MONITORING,True,27.96,0.0,True,22.0,True,80.0,False,False,False,False,False,False,False,False,False,True,True,False,False,True,HIGH
2026-10-07 17:58:09.718624+00:00,1791395889718.0,window_state,True,0.965,rear_center,28.23,OK,MONITORING,True,27.96,0.0,True,22.0,True,80.0,False,False,False,False,False,False,False,False,False,True,True,False,False,True,HIGH
2026-10-07 17:58:10.718624+00:00,1791395890718.0,hvac_state,True,0.965,rear_center,28.23,OK,MONITORING,True,27.96,0.0,True,22.0,True,80.0,False,False,False,False,False,False,False,False,False,True,True,False,False,True,HIGH
2026-10-07 17:58:11.718624+00:00,1791395891718.0,temperature,True,0.965,rear_center,27.7,OK,MONITORING,True,27.96,0.0,True,22.0,True,80.0,False,False,False,False,False,False,False,False,False,True,False,False,False,True,WARNING
2026-10-07 17:58:12.718624+00:00,1791395892718.0,guardian_state,True,0.965,rear_center,27.7,OK,MONITORING,True,27.61,0.0,True,22.0,True,80.0,False,False,False,False,False,False,False,False,False,True,False,False,False,True,WARNING
2026-10-07 17:58:13.718624+00:00,1791395893718.0,window_state,True,0.965,rear_center,27.7,OK,MONITORING,True,27.61,0.0,True,22.0,True,80.0,False,False,False,False,False,False,False,False,False,True,False,False,False,True,WARNING
2026-10-07 17:58:14.718624+00:00,1791395894718.0,hvac_state,True,0.965,rear_center,27.7,OK,MONITORING,True,27.61,0.0,True,22.0,True,80.0,False,False,False,False,False,False,False,False,False,True,False,False,False,True,WARNING
2026-10-07 17:58:15.718624+00:00,1791395895718.0,temperature,True,0.965,rear_center,27.34,OK,MONITORING,True,27.61,0.0,True,22.0,True,80.0,False,False,False,False,False,False,False,False,False,True,False,False,False,True,WARNING
2026-10-07 17:58:16.718624+00:00,1791395896718.0,guardian_state,True,0.965,rear_center,27.34,OK,MONITORING,True,27.25,0.0,True,22.0,True,80.0,False,False,False,False,False,False,False,False,False,True,False,False,False,True,WARNING
2026-10-07 17:58:17.718624+00:00,1791395897718.0,child_presence,True,0.967,rear_center,27.34,OK,MONITORING,True,27.25,0.0,True,22.0,True,80.0,False,False,False,False,False,False,False,False,False,True,False,False,False,True,WARNING
2026-10-07 17:58:18.718624+00:00,1791395898718.0,guardian_state,True,0.967,rear_center,27.34,OK,MONITORING,True,27.08,0.0,True,22.0,True,80.0,False,False,False,False,False,False,False,False,False,True,False,False,False,True,WARNING
2026-10-07 17:58:19.718624+00:00,1791395899718.0,window_state,True,0.967,rear_center,27.34,OK,MONITORING,True,27.08,0.0,True,22.0,True,80.0,False,False,False,False,False,False,False,False,False,True,False,False,False,True,WARNING
2026-10-07 17:58:20.718624+00:00,1791395900718.0,hvac_state,True,0.967,rear_center,27.34,OK,MONITORING,True,27.08,0.0,True,22.0,True,80.0,False,False,False,False,False,False,False,False,False,True,False,False,False,True,WARNING
2026-10-07 17:58:21.718624+00:00,1791395901718.0,temperature,True,0.967,rear_center,26.81,OK,MONITORING,True,27.08,0.0,True,22.0,True,80.0,False,False,False,False,False,False,False,False,False,True,False,False,False,True,WARNING
2026-10-07 17:58:22.718624+00:00,1791395902718.0,guardian_state,True,0.967,rear_center,26.81,OK,MONITORING,True,26.72,0.0,True,22.0,True,80.0,False,False,False,False,False,False,False,False,False,True,False,False,False,True,WARNING
2026-10-07 17:58:23.718624+00:00,1791395903718.0,window_state,True,0.967,rear_center,26.81,OK,MONITORING,True,26.72,0.0,True,22.0,True,80.0,False,False,False,False,False,False,False,False,False,True,False,False,False,True,WARNING
2026-10-07 17:58:24.718624+00:00,1791395904718.0,hvac_state,True,0.967,rear_center,26.81,OK,MONITORING,True,26.72,0.0,True,22.0,True,80.0,False,False,False,False,False,False,False,False,False,True,False,False,False,True,WARNING
2026-10-07 17:58:25.718624+00:00,1791395905718.0,temperature,True,0.967,rear_center,26.46,OK,MONITORING,True,26.72,0.0,True,22.0,True,80.0,False,False,False,False,False,False,False,False,False,True,False,False,False,True,WARNING
2026-10-07 17:58:26.718624+00:00,1791395906718.0,guardian_state,True,0.967,rear_center,26.46,OK,MONITORING,True,26.37,0.0,True,22.0,True,80.0,False,False,False,False,False,False,False,False,False,True,False,False,False,True,WARNING
2026-10-07 17:58:27.718624+00:00,1791395907718.0,child_presence,True,0.966,rear_center,26.46,OK,MONITORING,True,26.37,0.0,True,22.0,True,80.0,False,False,False,False,False,False,False,False,False,True,False,False,False,True,WARNING
2026-10-07 17:58:28.718624+00:00,1791395908718.0,guardian_state,True,0.966,rear_center,26.46,OK,MONITORING,True,26.19,0.0,True,22.0,True,80.0,False,False,False,False,False,False,False,False,False,True,False,False,False,True,WARNING
2026-10-07 17:58:29.718624+00:00,1791395909718.0,window_state,True,0.966,rear_center,26.46,OK,MONITORING,True,26.19,0.0,True,22.0,True,80.0,False,False,False,False,False,False,False,False,False,True,False,False,False,True,WARNING
2026-10-07 17:58:30.718624+00:00,1791395910718.0,hvac_state,True,0.966,rear_center,26.46,OK,MONITORING,True,26.19,0.0,True,22.0,True,80.0,False,False,False,False,False,False,False,False,False,True,False,False,False,True,WARNING
2026-10-07 17:58:31.718624+00:00,1791395911718.0,temperature,True,0.966,rear_center,25.92,OK,MONITORING,True,26.19,0.0,True,22.0,True,80.0,False,False,False,False,False,False,False,False,False,False,False,False,False,False,NORMAL
2026-10-07 17:58:32.718624+00:00,1791395912718.0,guardian_state,True,0.966,rear_center,25.92,OK,MONITORING,True,25.84,0.0,True,22.0,True,80.0,False,False,False,False,False,False,False,False,False,False,False,False,False,False,NORMAL
2026-10-07 17:58:33.718624+00:00,1791395913718.0,window_state,True,0.966,rear_center,25.92,OK,MONITORING,True,25.84,0.0,True,22.0,True,80.0,False,False,False,False,False,False,False,False,False,False,False,False,False,False,NORMAL
2026-10-07 17:58:34.718624+00:00,1791395914718.0,hvac_state,True,0.966,rear_center,25.92,OK,MONITORING,True,25.84,0.0,True,22.0,True,80.0,False,False,False,False,False,False,False,False,False,False,False,False,False,False,NORMAL
2026-10-07 17:58:35.718624+00:00,1791395915718.0,temperature,True,0.966,rear_center,25.57,OK,MONITORING,True,25.84,0.0,True,22.0,True,80.0,False,False,False,False,False,False,False,False,False,False,False,False,False,False,NORMAL
2026-10-07 17:58:36.718624+00:00,1791395916718.0,guardian_state,True,0.966,rear_center,25.57,OK,MONITORING,True,25.48,0.0,True,22.0,True,80.0,False,False,False,False,False,False,False,False,False,False,False,False,False,False,NORMAL
2026-10-07 17:58:37.718624+00:00,1791395917718.0,child_presence,True,0.97,rear_center,25.57,OK,MONITORING,True,25.48,0.0,True,22.0,True,80.0,False,False,False,False,False,False,False,False,False,False,False,False,False,False,NORMAL
2026-10-07 17:58:38.718624+00:00,1791395918718.0,guardian_state,True,0.97,rear_center,25.57,OK,MONITORING,True,25.3,0.0,True,22.0,True,80.0,False,False,False,False,False,False,False,False,False,False,False,False,False,False,NORMAL
2026-10-07 17:58:39.718624+00:00,1791395919718.0,window_state,True,0.97,rear_center,25.57,OK,MONITORING,True,25.3,0.0,True,22.0,True,80.0,False,False,False,False,False,False,False,False,False,False,False,False,False,False,NORMAL
2026-10-07 17:58:40.718624+00:00,1791395920718.0,hvac_state,True,0.97,rear_center,25.57,OK,MONITORING,True,25.3,0.0,True,22.0,True,80.0,False,False,False,False,False,False,False,False,False,False,False,False,False,False,NORMAL
2026-10-07 17:58:41.718624+00:00,1791395921718.0,temperature,True,0.97,rear_center,25.04,OK,MONITORING,True,25.3,0.0,True,22.0,True,80.0,False,False,False,False,False,False,False,False,False,False,False,False,False,False,NORMAL
2026-10-07 17:58:42.718624+00:00,1791395922718.0,guardian_state,True,0.97,rear_center,25.04,OK,MONITORING,True,24.95,0.0,True,22.0,True,80.0,False,False,False,False,False,False,False,False,False,False,False,False,False,False,NORMAL
2026-10-07 17:58:43.718624+00:00,1791395923718.0,window_state,True,0.97,rear_center,25.04,OK,MONITORING,True,24.95,0.0,True,22.0,True,80.0,False,False,False,False,False,False,False,False,False,False,False,False,False,False,NORMAL
2026-10-07 17:58:44.718624+00:00,1791395924718.0,hvac_state,True,0.97,rear_center,25.04,OK,MONITORING,True,24.95,0.0,True,22.0,True,80.0,False,False,False,False,False,False,False,False,False,False,False,False,False,False,NORMAL
2026-10-07 17:58:45.718624+00:00,1791395925718.0,temperature,True,0.97,rear_center,24.68,OK,MONITORING,True,24.95,0.0,True,22.0,True,80.0,False,False,False,False,False,False,False,False,False,False,False,False,False,False,NORMAL
2026-10-07 17:58:46.718624+00:00,1791395926718.0,guardian_state,True,0.97,rear_center,24.68,OK,MONITORING,True,24.59,0.0,True,22.0,True,80.0,False,False,False,False,False,False,False,False,False,False,False,False,False,False,NORMAL
2026-10-07 17:58:47.718624+00:00,1791395927718.0,child_presence,True,0.961,rear_center,24.68,OK,MONITORING,True,24.59,0.0,True,22.0,True,80.0,False,False,False,False,False,False,False,False,False,False,False,False,False,False,NORMAL
2026-10-07 17:58:48.718624+00:00,1791395928718.0,guardian_state,True,0.961,rear_center,24.68,OK,MONITORING,True,24.42,0.0,True,22.0,True,80.0,False,False,False,False,False,False,False,False,False,False,False,False,False,False,NORMAL
2026-10-07 17:58:49.718624+00:00,1791395929718.0,window_state,True,0.961,rear_center,24.68,OK,MONITORING,True,24.42,0.0,True,22.0,True,80.0,False,False,False,False,False,False,False,False,False,False,False,False,False,False,NORMAL
2026-10-07 17:58:50.718624+00:00,1791395930718.0,hvac_state,True,0.961,rear_center,24.68,OK,MONITORING,True,24.42,0.0,True,22.0,True,80.0,False,False,False,False,False,False,False,False,False,False,False,False,False,False,NORMAL
2026-10-07 17:58:51.718624+00:00,1791395931718.0,temperature,True,0.961,rear_center,24.15,OK,MONITORING,True,24.42,0.0,True,22.0,True,80.0,False,False,False,False,False,False,False,False,False,False,False,False,False,False,NORMAL
2026-10-07 17:58:52.718624+00:00,1791395932718.0,guardian_state,True,0.961,rear_center,24.15,OK,MONITORING,True,24.06,0.0,True,22.0,True,80.0,False,False,False,False,False,False,False,False,False,False,False,False,False,False,NORMAL
2026-10-07 17:58:53.718624+00:00,1791395933718.0,window_state,True,0.961,rear_center,24.15,OK,MONITORING,True,24.06,0.0,True,22.0,True,80.0,False,False,False,False,False,False,False,False,False,False,False,False,False,False,NORMAL
2026-10-07 17:58:54.718624+00:00,1791395934718.0,hvac_state,True,0.961,rear_center,24.15,OK,MONITORING,True,24.06,0.0,True,22.0,True,80.0,False,False,False,False,False,False,False,False,False,False,False,False,False,False,NORMAL
2026-10-07 17:58:55.718624+00:00,1791395935718.0,temperature,True,0.961,rear_center,23.8,OK,MONITORING,True,24.06,0.0,True,22.0,True,80.0,False,False,False,False,False,False,False,False,False,False,False,False,False,False,NORMAL
2026-10-07 17:58:56.718624+00:00,1791395936718.0,guardian_state,True,0.961,rear_center,23.8,OK,MONITORING,True,23.71,0.0,True,22.0,True,80.0,False,False,False,False,False,False,False,False,False,False,False,False,False,False,NORMAL
2026-10-07 17:58:57.718624+00:00,1791395937718.0,child_presence,True,0.963,rear_center,23.8,OK,MONITORING,True,23.71,0.0,True,22.0,True,80.0,False,False,False,False,False,False,False,False,False,False,False,False,False,False,NORMAL
2026-10-07 17:58:58.718624+00:00,1791395938718.0,guardian_state,True,0.963,rear_center,23.8,OK,MONITORING,True,23.53,0.0,True,22.0,True,80.0,False,False,False,False,False,False,False,False,False,False,False,False,False,False,NORMAL
2026-10-07 17:58:59.718624+00:00,1791395939718.0,window_state,True,0.963,rear_center,23.8,OK,MONITORING,True,23.53,0.0,True,22.0,True,80.0,False,False,False,False,False,False,False,False,False,False,False,False,False,False,NORMAL
2026-10-07 17:59:00.718624+00:00,1791395940718.0,hvac_state,True,0.963,rear_center,23.8,OK,MONITORING,True,23.53,0.0,True,22.0,True,80.0,False,False,False,False,False,False,False,False,False,False,False,False,False,False,NORMAL
2026-10-07 17:59:01.718624+00:00,1791395941718.0,temperature,True,0.963,rear_center,23.27,OK,MONITORING,True,23.53,0.0,True,22.0,True,80.0,False,False,False,False,False,False,False,False,False,False,False,False,False,False,NORMAL
2026-10-07 17:59:02.718624+00:00,1791395942718.0,guardian_state,True,0.963,rear_center,23.27,OK,MONITORING,True,23.18,0.0,True,22.0,True,80.0,False,False,False,False,False,False,False,False,False,False,False,False,False,False,NORMAL
2026-10-07 17:59:03.718624+00:00,1791395943718.0,window_state,True,0.963,rear_center,23.27,OK,MONITORING,True,23.18,0.0,True,22.0,True,80.0,False,False,False,False,False,False,False,False,False,False,False,False,False,False,NORMAL
2026-10-07 17:59:04.718624+00:00,1791395944718.0,hvac_state,True,0.963,rear_center,23.27,OK,MONITORING,True,23.18,0.0,True,22.0,True,80.0,False,False,False,False,False,False,False,False,False,False,False,False,False,False,NORMAL
2026-10-07 17:59:05.718624+00:00,1791395945718.0,temperature,True,0.963,rear_center,24.1,OK,MONITORING,True,23.18,0.0,True,22.0,True,80.0,False,False,True,False,True,False,False,False,False,False,False,False,False,False,NORMAL
2026-10-07 17:59:06.718624+00:00,1791395946718.0,guardian_state,True,0.963,rear_center,24.1,OK,MONITORING,True,24.1,0.0,True,22.0,True,80.0,False,False,False,False,False,False,False,False,False,False,False,False,False,False,NORMAL
2026-10-07 17:59:07.718624+00:00,1791395947718.0,child_presence,True,0.981,rear_center,24.1,OK,MONITORING,True,24.1,0.0,True,22.0,True,80.0,False,False,False,False,False,False,False,False,False,False,False,False,False,False,NORMAL
2026-10-07 17:59:08.718624+00:00,1791395948718.0,guardian_state,True,0.981,rear_center,24.1,OK,MONITORING,True,24.1,0.0,True,22.0,True,80.0,False,False,False,False,False,False,False,False,False,False,False,False,False,False,NORMAL
2026-10-07 17:59:09.718624+00:00,1791395949718.0,window_state,True,0.981,rear_center,24.1,OK,MONITORING,True,24.1,0.0,True,22.0,True,80.0,False,False,False,False,False,False,False,False,False,False,False,False,False,False,NORMAL
2026-10-07 17:59:10.718624+00:00,1791395950718.0,hvac_state,True,0.981,rear_center,24.1,OK,MONITORING,True,24.1,0.0,True,22.0,True,50.0,False,False,False,False,False,False,False,False,False,False,False,False,False,False,NORMAL
2026-10-07 17:59:11.718624+00:00,1791395951718.0,temperature,True,0.981,rear_center,24.1,OK,MONITORING,True,24.1,0.0,True,22.0,True,50.0,False,False,False,False,False,False,False,False,False,False,False,False,False,False,NORMAL
2026-10-07 17:59:12.718624+00:00,1791395952718.0,guardian_state,True,0.981,rear_center,24.1,OK,MONITORING,True,24.1,0.0,True,22.0,True,50.0,False,False,False,False,False,False,False,False,False,False,False,False,False,False,NORMAL
2026-10-07 17:59:13.718624+00:00,1791395953718.0,window_state,True,0.981,rear_center,24.1,OK,MONITORING,True,24.1,0.0,True,22.0,True,50.0,False,False,False,False,False,False,False,False,False,False,False,False,False,False,NORMAL
2026-10-07 17:59:14.718624+00:00,1791395954718.0,hvac_state,True,0.981,rear_center,24.1,OK,MONITORING,True,24.1,0.0,True,22.0,True,50.0,False,False,False,False,False,False,False,False,False,False,False,False,False,False,NORMAL
2026-10-07 17:59:15.718624+00:00,1791395955718.0,temperature,True,0.981,rear_center,24.1,OK,MONITORING,True,24.1,0.0,True,22.0,True,50.0,False,False,False,False,False,False,False,False,False,False,False,False,False,False,NORMAL
2026-10-07 17:59:16.718624+00:00,1791395956718.0,guardian_state,True,0.981,rear_center,24.1,OK,MONITORING,True,24.1,0.0,True,22.0,True,50.0,False,False,False,False,False,False,False,False,False,False,False,False,False,False,NORMAL
2026-10-07 17:59:17.718624+00:00,1791395957718.0,child_presence,True,0.964,rear_center,24.1,OK,MONITORING,True,24.1,0.0,True,22.0,True,50.0,False,False,False,False,False,False,False,False,False,False,False,False,False,False,NORMAL
2026-10-07 17:59:18.718624+00:00,1791395958718.0,guardian_state,True,0.964,rear_center,24.1,OK,MONITORING,True,24.1,0.0,True,22.0,True,50.0,False,False,False,False,False,False,False,False,False,False,False,False,False,False,NORMAL
2026-10-07 17:59:19.718624+00:00,1791395959718.0,window_state,True,0.964,rear_center,24.1,OK,MONITORING,True,24.1,0.0,True,22.0,True,50.0,False,False,False,False,False,False,False,False,False,False,False,False,False,False,NORMAL
2026-10-07 17:59:20.718624+00:00,1791395960718.0,hvac_state,True,0.964,rear_center,24.1,OK,MONITORING,True,24.1,0.0,True,22.0,True,50.0,False,False,False,False,False,False,False,False,False,False,False,False,False,False,NORMAL
2026-10-07 17:59:21.718624+00:00,1791395961718.0,temperature,True,0.964,rear_center,24.1,OK,MONITORING,True,24.1,0.0,True,22.0,True,50.0,False,False,False,False,False,False,False,False,False,False,False,False,False,False,NORMAL
2026-10-07 17:59:22.718624+00:00,1791395962718.0,guardian_state,True,0.964,rear_center,24.1,OK,MONITORING,True,24.1,0.0,True,22.0,True,50.0,False,False,False,False,False,False,False,False,False,False,False,False,False,False,NORMAL
2026-10-07 17:59:23.718624+00:00,1791395963718.0,window_state,True,0.964,rear_center,24.1,OK,MONITORING,True,24.1,0.0,True,22.0,True,50.0,False,False,False,False,False,False,False,False,False,False,False,False,False,False,NORMAL
2026-10-07 17:59:24.718624+00:00,1791395964718.0,hvac_state,True,0.964,rear_center,24.1,OK,MONITORING,True,24.1,0.0,True,22.0,True,50.0,False,False,False,False,False,False,False,False,False,False,False,False,False,False,NORMAL
2026-10-07 17:59:25.718624+00:00,1791395965718.0,temperature,True,0.964,rear_center,24.1,OK,MONITORING,True,24.1,0.0,True,22.0,True,50.0,False,False,False,False,False,False,False,False,False,False,False,False,False,False,NORMAL
2026-10-07 17:59:26.718624+00:00,1791395966718.0,guardian_state,True,0.964,rear_center,24.1,OK,MONITORING,True,31.5,0.0,True,22.0,True,50.0,False,False,False,False,False,False,False,False,False,False,False,False,False,False,NORMAL
2026-10-07 17:59:27.718624+00:00,1791395967718.0,child_presence,True,0.965,rear_center,24.1,OK,MONITORING,True,31.5,0.0,True,22.0,True,50.0,False,False,False,False,False,False,False,False,False,False,False,False,False,False,NORMAL
2026-10-07 17:59:28.718624+00:00,1791395968718.0,guardian_state,True,0.965,rear_center,24.1,OK,MONITORING,True,31.5,0.0,True,22.0,True,50.0,False,False,False,False,False,False,False,False,False,False,False,False,False,False,NORMAL
2026-10-07 17:59:29.718624+00:00,1791395969718.0,window_state,True,0.965,rear_center,24.1,OK,MONITORING,True,31.5,0.0,True,22.0,True,50.0,False,False,False,False,False,False,False,False,False,False,False,False,False,False,NORMAL
2026-10-07 17:59:30.718624+00:00,1791395970718.0,hvac_state,True,0.965,rear_center,24.1,OK,MONITORING,True,31.5,0.0,True,22.0,True,50.0,False,False,False,False,False,True,False,False,True,False,False,False,False,False,NORMAL
2026-10-07 17:59:31.718624+00:00,1791395971718.0,temperature,True,0.965,rear_center,31.5,DEGRADED,MONITORING,True,31.5,0.0,True,22.0,True,50.0,False,False,True,False,True,False,False,True,True,True,True,True,False,True,CRITICAL
2026-10-07 17:59:32.718624+00:00,1791395972718.0,guardian_state,True,0.965,rear_center,31.5,DEGRADED,MONITORING,True,31.5,0.0,True,22.0,True,50.0,False,False,False,False,False,False,False,True,True,True,True,True,False,True,CRITICAL
2026-10-07 17:59:33.718624+00:00,1791395973718.0,window_state,True,0.965,rear_center,31.5,DEGRADED,MONITORING,True,31.5,0.0,True,22.0,True,50.0,False,False,False,False,False,False,False,True,True,True,True,True,False,True,CRITICAL
2026-10-07 17:59:34.718624+00:00,1791395974718.0,hvac_state,True,0.965,rear_center,31.5,DEGRADED,MONITORING,True,31.5,0.0,True,22.0,True,50.0,False,False,False,False,False,False,False,True,True,True,True,True,False,True,CRITICAL
2026-10-07 17:59:35.718624+00:00,1791395975718.0,temperature,True,0.965,rear_center,31.5,DEGRADED,MONITORING,True,31.5,0.0,True,22.0,True,50.0,False,False,False,False,False,False,False,True,True,True,True,True,False,True,CRITICAL
2026-10-07 17:59:36.718624+00:00,1791395976718.0,guardian_state,True,0.965,rear_center,31.5,DEGRADED,MONITORING,True,31.5,0.0,True,22.0,True,50.0,False,False,False,False,False,False,False,True,True,True,True,True,False,True,CRITICAL
2026-10-07 17:59:37.718624+00:00,1791395977718.0,child_presence,True,0.979,rear_center,31.5,DEGRADED,MONITORING,True,31.5,0.0,True,22.0,True,50.0,False,False,False,False,False,False,False,True,True,True,True,True,False,True,CRITICAL
2026-10-07 17:59:38.718624+00:00,1791395978718.0,guardian_state,True,0.979,rear_center,31.5,DEGRADED,MONITORING,True,31.5,0.0,True,22.0,True,50.0,False,False,False,False,False,False,False,True,True,True,True,True,False,True,CRITICAL
2026-10-07 17:59:39.718624+00:00,1791395979718.0,window_state,True,0.979,rear_center,31.5,DEGRADED,MONITORING,True,31.5,0.0,True,22.0,True,50.0,False,False,False,False,False,False,False,True,True,True,True,True,False,True,CRITICAL
2026-10-07 17:59:40.718624+00:00,1791395980718.0,hvac_state,True,0.979,rear_center,31.5,DEGRADED,MONITORING,True,31.5,0.0,True,22.0,True,50.0,False,False,False,False,False,False,False,True,True,True,True,True,False,True,CRITICAL
2026-10-07 17:59:41.718624+00:00,1791395981718.0,temperature,True,0.979,rear_center,31.5,DEGRADED,MONITORING,True,31.5,0.0,True,22.0,True,50.0,False,False,False,False,False,False,False,True,True,True,True,True,False,True,CRITICAL
2026-10-07 17:59:42.718624+00:00,1791395982718.0,guardian_state,True,0.979,rear_center,31.5,DEGRADED,MONITORING,True,31.5,0.0,True,22.0,True,50.0,False,False,False,False,False,False,False,True,True,True,True,True,False,True,CRITICAL
2026-10-07 17:59:43.718624+00:00,1791395983718.0,window_state,True,0.979,rear_center,31.5,DEGRADED,MONITORING,True,31.5,0.0,True,22.0,True,50.0,False,False,False,False,False,False,False,True,True,True,True,True,False,True,CRITICAL
2026-10-07 17:59:44.718624+00:00,1791395984718.0,hvac_state,True,0.979,rear_center,31.5,DEGRADED,MONITORING,True,31.5,0.0,True,22.0,True,50.0,False,False,False,False,False,False,True,True,True,True,True,True,False,True,CRITICAL
2026-10-07 17:59:45.718624+00:00,1791395985718.0,temperature,True,0.979,rear_center,24.1,OK,MONITORING,True,31.5,0.0,True,22.0,True,50.0,False,False,False,False,False,False,False,False,False,False,False,False,False,False,NORMAL
2026-10-07 17:59:46.718624+00:00,1791395986718.0,guardian_state,True,0.979,rear_center,24.1,OK,MONITORING,True,24.1,0.0,True,22.0,True,50.0,False,False,False,False,False,False,False,False,False,False,False,False,False,False,NORMAL
2026-10-07 17:59:47.718624+00:00,1791395987718.0,child_presence,True,0.985,rear_center,24.1,OK,MONITORING,True,24.1,0.0,True,22.0,True,50.0,False,False,False,False,False,False,False,False,False,False,False,False,False,False,NORMAL
2026-10-07 17:59:48.718624+00:00,1791395988718.0,guardian_state,True,0.985,rear_center,24.1,OK,MONITORING,True,24.1,0.0,True,22.0,True,50.0,False,False,False,False,False,False,False,False,False,False,False,False,False,False,NORMAL
2026-10-07 17:59:49.718624+00:00,1791395989718.0,window_state,True,0.985,rear_center,24.1,OK,MONITORING,True,24.1,0.0,True,22.0,True,50.0,False,False,False,False,False,False,False,False,False,False,False,False,False,False,NORMAL
2026-10-07 17:59:50.718624+00:00,1791395990718.0,hvac_state,True,0.985,rear_center,24.1,OK,MONITORING,True,24.1,0.0,True,22.0,True,50.0,False,False,False,False,False,False,False,False,False,False,False,False,False,False,NORMAL
2026-10-07 17:59:51.718624+00:00,1791395991718.0,temperature,True,0.985,rear_center,24.1,OK,MONITORING,True,24.1,0.0,True,22.0,True,50.0,False,False,False,False,False,False,False,False,False,False,False,False,False,False,NORMAL
2026-10-07 17:59:52.718624+00:00,1791395992718.0,guardian_state,True,0.985,rear_center,24.1,OK,MONITORING,True,24.1,0.0,True,22.0,True,50.0,False,False,False,False,False,False,False,False,False,False,False,False,False,False,NORMAL
2026-10-07 17:59:53.718624+00:00,1791395993718.0,window_state,True,0.985,rear_center,24.1,OK,MONITORING,True,24.1,0.0,True,22.0,True,50.0,False,False,False,False,False,False,False,False,False,False,False,False,False,False,NORMAL
2026-10-07 17:59:54.718624+00:00,1791395994718.0,hvac_state,True,0.985,rear_center,24.1,OK,MONITORING,True,24.1,0.0,True,22.0,True,50.0,False,False,False,False,False,False,False,False,False,False,False,False,False,False,NORMAL
2026-10-07 17:59:55.718624+00:00,1791395995718.0,temperature,True,0.985,rear_center,24.1,OK,MONITORING,True,24.1,0.0,True,22.0,True,50.0,False,False,False,False,False,False,False,False,False,False,False,False,False,False,NORMAL
2026-10-07 17:59:56.718624+00:00,1791395996718.0,guardian_state,True,0.985,rear_center,24.1,OK,MONITORING,True,24.1,0.0,True,22.0,True,50.0,False,False,False,False,False,False,False,False,False,False,False,False,False,False,NORMAL
2026-10-07 17:59:57.718624+00:00,1791395997718.0,child_presence,True,0.964,rear_center,24.1,OK,MONITORING,True,24.1,0.0,True,22.0,True,50.0,False,False,False,False,False,False,False,False,False,False,False,False,False,False,NORMAL
2026-10-07 17:59:58.718624+00:00,1791395998718.0,guardian_state,True,0.964,rear_center,24.1,OK,MONITORING,True,24.1,0.0,True,22.0,True,50.0,False,False,False,False,False,False,False,False,False,False,False,False,False,False,NORMAL
2026-10-07 17:59:59.718624+00:00,1791395999718.0,window_state,True,0.964,rear_center,24.1,OK,MONITORING,True,24.1,0.0,True,22.0,True,50.0,False,False,False,False,False,False,False,False,False,False,False,False,False,False,NORMAL
2026-10-07 18:00:00.718624+00:00,1791396000718.0,hvac_state,True,0.964,rear_center,24.1,OK,MONITORING,True,24.1,0.0,True,22.0,True,50.0,False,False,False,False,False,False,False,False,False,False,False,False,False,False,NORMAL
2026-10-07 18:00:01.718624+00:00,1791396001718.0,temperature,True,0.964,rear_center,24.1,OK,MONITORING,True,24.1,0.0,True,22.0,True,50.0,False,False,False,False,False,False,False,False,False,False,False,False,False,False,NORMAL
2026-10-07 18:00:02.718624+00:00,1791396002718.0,guardian_state,True,0.964,rear_center,24.1,OK,MONITORING,True,24.1,0.0,True,22.0,True,50.0,False,False,False,False,False,False,False,False,False,False,False,False,False,False,NORMAL
2026-10-07 18:00:03.718624+00:00,1791396003718.0,window_state,True,0.964,rear_center,24.1,OK,MONITORING,True,24.1,0.0,True,22.0,True,50.0,False,False,False,False,False,False,False,False,False,False,False,False,False,False,NORMAL
2026-10-07 18:00:04.718624+00:00,1791396004718.0,hvac_state,True,0.964,rear_center,24.1,OK,MONITORING,True,24.1,0.0,True,22.0,True,50.0,False,False,False,False,False,False,False,False,False,False,False,False,False,False,NORMAL
2026-10-07 18:00:05.718624+00:00,1791396005718.0,temperature,True,0.964,rear_center,24.0,OK,MONITORING,True,24.1,0.0,True,22.0,True,50.0,False,False,False,False,False,False,False,False,False,False,False,False,False,False,NORMAL
2026-10-07 18:00:06.718624+00:00,1791396006718.0,guardian_state,True,0.964,rear_center,24.0,OK,MONITORING,True,24.03,0.0,True,22.0,True,50.0,False,False,False,False,False,False,False,False,False,False,False,False,False,False,NORMAL
2026-10-07 18:00:07.718624+00:00,1791396007718.0,child_presence,True,0.968,rear_center,24.0,OK,MONITORING,True,24.03,0.0,True,22.0,True,50.0,False,False,False,False,False,False,False,False,False,False,False,False,False,False,NORMAL
2026-10-07 18:00:08.718624+00:00,1791396008718.0,guardian_state,True,0.968,rear_center,24.0,OK,MONITORING,True,24.08,0.0,True,22.0,True,50.0,False,False,False,False,False,False,False,False,False,False,False,False,False,False,NORMAL
2026-10-07 18:00:09.718624+00:00,1791396009718.0,window_state,True,0.968,rear_center,24.0,OK,MONITORING,True,24.08,5.0,True,22.0,True,50.0,False,False,False,False,False,False,False,False,False,False,False,False,False,False,NORMAL
2026-10-07 18:00:10.718624+00:00,1791396010718.0,hvac_state,True,0.968,rear_center,24.0,OK,MONITORING,True,24.08,5.0,True,22.0,True,80.0,False,False,False,False,False,False,False,False,False,False,False,False,False,False,NORMAL
2026-10-07 18:00:11.718624+00:00,1791396011718.0,temperature,True,0.968,rear_center,24.15,OK,MONITORING,True,24.08,5.0,True,22.0,True,80.0,False,False,True,False,True,False,False,False,False,False,False,False,False,False,NORMAL
2026-10-07 18:00:12.718624+00:00,1791396012718.0,guardian_state,True,0.968,rear_center,24.15,OK,MONITORING,True,24.18,5.0,True,22.0,True,80.0,False,False,False,False,False,False,False,False,False,False,False,False,False,False,NORMAL
2026-10-07 18:00:13.718624+00:00,1791396013718.0,window_state,True,0.968,rear_center,24.15,OK,MONITORING,True,24.18,10.0,True,22.0,True,80.0,False,False,False,False,False,False,False,False,False,False,False,False,False,False,NORMAL
2026-10-07 18:00:14.718624+00:00,1791396014718.0,hvac_state,True,0.968,rear_center,24.15,OK,MONITORING,True,24.18,10.0,True,22.0,True,80.0,False,False,False,False,False,False,False,False,False,False,False,False,False,False,NORMAL
2026-10-07 18:00:15.718624+00:00,1791396015718.0,temperature,True,0.968,rear_center,24.25,OK,MONITORING,True,24.18,10.0,True,22.0,True,80.0,False,False,True,False,True,False,False,False,False,False,False,False,False,False,NORMAL
2026-10-07 18:00:16.718624+00:00,1791396016718.0,guardian_state,True,0.968,rear_center,24.25,OK,MONITORING,True,24.28,10.0,True,22.0,True,80.0,False,False,False,False,False,False,False,False,False,False,False,False,False,False,NORMAL
2026-10-07 18:00:17.718624+00:00,1791396017718.0,child_presence,True,0.972,rear_center,24.25,OK,MONITORING,True,24.28,10.0,True,22.0,True,80.0,False,False,False,False,False,False,False,False,False,False,False,False,False,False,NORMAL
2026-10-07 18:00:18.718624+00:00,1791396018718.0,guardian_state,True,0.972,rear_center,24.25,OK,MONITORING,True,24.33,10.0,True,22.0,True,80.0,False,False,False,False,False,False,False,False,False,False,False,False,False,False,NORMAL
2026-10-07 18:00:19.718624+00:00,1791396019718.0,window_state,True,0.972,rear_center,24.25,OK,MONITORING,True,24.33,17.0,True,22.0,True,80.0,False,False,False,False,False,False,False,False,False,False,False,False,False,False,NORMAL
2026-10-07 18:00:20.718624+00:00,1791396020718.0,hvac_state,True,0.972,rear_center,24.25,OK,MONITORING,True,24.33,17.0,True,22.0,True,80.0,False,False,False,False,False,False,False,False,False,False,False,False,False,False,NORMAL
2026-10-07 18:00:21.718624+00:00,1791396021718.0,temperature,True,0.972,rear_center,24.41,OK,MONITORING,True,24.33,17.0,True,22.0,True,80.0,False,False,True,False,True,False,False,False,False,False,False,False,False,False,NORMAL
2026-10-07 18:00:22.718624+00:00,1791396022718.0,guardian_state,True,0.972,rear_center,24.41,OK,MONITORING,True,24.43,17.0,True,22.0,True,80.0,False,False,False,False,False,False,False,False,False,False,False,False,False,False,NORMAL
2026-10-07 18:00:23.718624+00:00,1791396023718.0,window_state,True,0.972,rear_center,24.41,OK,MONITORING,True,24.43,22.0,True,22.0,True,80.0,False,False,False,False,False,False,False,False,False,False,False,False,False,False,NORMAL
2026-10-07 18:00:24.718624+00:00,1791396024718.0,hvac_state,True,0.972,rear_center,24.41,OK,MONITORING,True,24.43,22.0,True,22.0,True,80.0,False,False,False,False,False,False,False,False,False,False,False,False,False,False,NORMAL
2026-10-07 18:00:25.718624+00:00,1791396025718.0,temperature,True,0.972,rear_center,24.51,OK,MONITORING,True,24.43,22.0,True,22.0,True,80.0,False,False,True,False,True,False,False,False,False,False,False,False,False,False,NORMAL
2026-10-07 18:00:26.718624+00:00,1791396026718.0,guardian_state,True,0.972,rear_center,24.51,OK,MONITORING,True,24.53,22.0,True,22.0,True,80.0,False,False,False,False,False,False,False,False,False,False,False,False,False,False,NORMAL
2026-10-07 18:00:27.718624+00:00,1791396027718.0,child_presence,True,0.979,rear_center,24.51,OK,MONITORING,True,24.53,22.0,True,22.0,True,80.0,False,False,False,False,False,False,False,False,False,False,False,False,False,False,NORMAL
2026-10-07 18:00:28.718624+00:00,1791396028718.0,guardian_state,True,0.979,rear_center,24.51,OK,MONITORING,True,24.58,22.0,True,22.0,True,80.0,False,False,False,False,False,False,False,False,False,False,False,False,False,False,NORMAL
2026-10-07 18:00:29.718624+00:00,1791396029718.0,window_state,True,0.979,rear_center,24.51,OK,MONITORING,True,24.58,30.0,True,22.0,True,80.0,False,False,False,False,False,False,False,False,False,False,False,False,False,False,NORMAL
2026-10-07 18:00:30.718624+00:00,1791396030718.0,hvac_state,True,0.979,rear_center,24.51,OK,MONITORING,True,24.58,30.0,True,22.0,True,80.0,False,False,False,False,False,False,False,False,False,False,False,False,False,False,NORMAL
2026-10-07 18:00:31.718624+00:00,1791396031718.0,temperature,True,0.979,rear_center,24.66,OK,MONITORING,True,24.58,30.0,True,22.0,True,80.0,False,False,True,False,True,False,False,False,False,False,False,False,False,False,NORMAL
2026-10-07 18:00:32.718624+00:00,1791396032718.0,guardian_state,True,0.979,rear_center,24.66,OK,MONITORING,True,24.68,30.0,True,22.0,True,80.0,False,False,False,False,False,False,False,False,False,False,False,False,False,False,NORMAL
2026-10-07 18:00:33.718624+00:00,1791396033718.0,window_state,True,0.979,rear_center,24.66,OK,MONITORING,True,24.68,35.0,True,22.0,True,80.0,False,False,False,False,False,False,False,False,False,False,False,False,False,False,NORMAL
2026-10-07 18:00:34.718624+00:00,1791396034718.0,hvac_state,True,0.979,rear_center,24.66,OK,MONITORING,True,24.68,35.0,True,22.0,True,80.0,False,False,False,False,False,False,False,False,False,False,False,False,False,False,NORMAL
2026-10-07 18:00:35.718624+00:00,1791396035718.0,temperature,True,0.979,rear_center,24.76,OK,MONITORING,True,24.68,35.0,True,22.0,True,80.0,False,False,True,False,True,False,False,False,False,False,False,False,False,False,NORMAL
2026-10-07 18:00:36.718624+00:00,1791396036718.0,guardian_state,True,0.979,rear_center,24.76,OK,MONITORING,True,24.78,35.0,True,22.0,True,80.0,False,False,False,False,False,False,False,False,False,False,False,False,False,False,NORMAL
2026-10-07 18:00:37.718624+00:00,1791396037718.0,child_presence,True,0.965,rear_center,24.76,OK,MONITORING,True,24.78,35.0,True,22.0,True,80.0,False,False,False,False,False,False,False,False,False,False,False,False,False,False,NORMAL
2026-10-07 18:00:38.718624+00:00,1791396038718.0,guardian_state,True,0.965,rear_center,24.76,OK,MONITORING,True,24.84,35.0,True,22.0,True,80.0,False,False,False,False,False,False,False,False,False,False,False,False,False,False,NORMAL
2026-10-07 18:00:39.718624+00:00,1791396039718.0,window_state,True,0.965,rear_center,24.76,OK,MONITORING,True,24.84,43.0,True,22.0,True,80.0,False,False,False,False,False,False,False,False,False,False,False,False,False,False,NORMAL
2026-10-07 18:00:40.718624+00:00,1791396040718.0,hvac_state,True,0.965,rear_center,24.76,OK,MONITORING,True,24.84,43.0,True,22.0,True,80.0,False,False,False,False,False,False,False,False,False,False,False,False,False,False,NORMAL
2026-10-07 18:00:41.718624+00:00,1791396041718.0,temperature,True,0.965,rear_center,24.91,OK,MONITORING,True,24.84,43.0,True,22.0,True,80.0,False,False,True,False,True,False,False,False,False,False,False,False,False,False,NORMAL
2026-10-07 18:00:42.718624+00:00,1791396042718.0,guardian_state,True,0.965,rear_center,24.91,OK,MONITORING,True,24.94,43.0,True,22.0,True,80.0,False,False,False,False,False,False,False,False,False,False,False,False,False,False,NORMAL
2026-10-07 18:00:43.718624+00:00,1791396043718.0,window_state,True,0.965,rear_center,24.91,OK,MONITORING,True,24.94,48.0,True,22.0,True,80.0,False,False,False,False,False,False,False,False,False,False,False,False,False,False,NORMAL
2026-10-07 18:00:44.718624+00:00,1791396044718.0,hvac_state,True,0.965,rear_center,24.91,OK,MONITORING,True,24.94,48.0,True,22.0,True,80.0,False,False,False,False,False,False,False,False,False,False,False,False,False,False,NORMAL
2026-10-07 18:00:45.718624+00:00,1791396045718.0,temperature,True,0.965,rear_center,25.01,OK,MONITORING,True,24.94,48.0,True,22.0,True,80.0,False,False,True,False,True,False,False,False,False,False,False,False,False,False,NORMAL
2026-10-07 18:00:46.718624+00:00,1791396046718.0,guardian_state,True,0.965,rear_center,25.01,OK,MONITORING,True,25.04,48.0,True,22.0,True,80.0,False,False,False,False,False,False,False,False,False,False,False,False,False,False,NORMAL
2026-10-07 18:00:47.718624+00:00,1791396047718.0,child_presence,True,0.969,rear_center,25.01,OK,MONITORING,True,25.04,48.0,True,22.0,True,80.0,False,False,False,False,False,False,False,False,False,False,False,False,False,False,NORMAL
2026-10-07 18:00:48.718624+00:00,1791396048718.0,guardian_state,True,0.969,rear_center,25.01,OK,MONITORING,True,25.09,48.0,True,22.0,True,80.0,False,False,False,False,False,False,False,False,False,False,False,False,False,False,NORMAL
2026-10-07 18:00:49.718624+00:00,1791396049718.0,window_state,True,0.969,rear_center,25.01,OK,MONITORING,True,25.09,55.0,True,22.0,True,80.0,False,False,False,False,False,False,False,False,False,False,False,False,False,False,NORMAL
2026-10-07 18:00:50.718624+00:00,1791396050718.0,hvac_state,True,0.969,rear_center,25.01,OK,MONITORING,True,25.09,55.0,True,22.0,True,80.0,False,False,False,False,False,False,False,False,False,False,False,False,False,False,NORMAL
2026-10-07 18:00:51.718624+00:00,1791396051718.0,temperature,True,0.969,rear_center,25.16,OK,MONITORING,True,25.09,55.0,True,22.0,True,80.0,False,False,True,False,True,False,False,False,False,False,False,False,False,False,NORMAL
2026-10-07 18:00:52.718624+00:00,1791396052718.0,guardian_state,True,0.969,rear_center,25.16,OK,MONITORING,True,25.19,55.0,True,22.0,True,80.0,False,False,False,False,False,False,False,False,False,False,False,False,False,False,NORMAL
2026-10-07 18:00:53.718624+00:00,1791396053718.0,window_state,True,0.969,rear_center,25.16,OK,MONITORING,True,25.19,60.0,True,22.0,True,80.0,False,False,False,False,False,False,False,False,False,False,False,False,False,False,NORMAL
2026-10-07 18:00:54.718624+00:00,1791396054718.0,hvac_state,True,0.969,rear_center,25.16,OK,MONITORING,True,25.19,60.0,True,22.0,True,80.0,False,False,False,False,False,False,False,False,False,False,False,False,False,False,NORMAL
2026-10-07 18:00:55.718624+00:00,1791396055718.0,temperature,True,0.969,rear_center,25.27,OK,MONITORING,True,25.19,60.0,True,22.0,True,80.0,False,False,True,False,True,False,False,False,False,False,False,False,False,False,NORMAL
2026-10-07 18:00:56.718624+00:00,1791396056718.0,guardian_state,True,0.969,rear_center,25.27,OK,MONITORING,True,25.29,60.0,True,22.0,True,80.0,False,False,False,False,False,False,False,False,False,False,False,False,False,False,NORMAL
2026-10-07 18:00:57.718624+00:00,1791396057718.0,child_presence,True,0.974,rear_center,25.27,OK,MONITORING,True,25.29,60.0,True,22.0,True,80.0,False,False,False,False,False,False,False,False,False,False,False,False,False,False,NORMAL
2026-10-07 18:00:58.718624+00:00,1791396058718.0,guardian_state,True,0.974,rear_center,25.27,OK,MONITORING,True,25.34,60.0,True,22.0,True,80.0,False,False,False,False,False,False,False,False,False,False,False,False,False,False,NORMAL
2026-10-07 18:00:59.718624+00:00,1791396059718.0,window_state,True,0.974,rear_center,25.27,OK,MONITORING,True,25.34,68.0,True,22.0,True,80.0,False,False,False,False,False,False,False,False,False,False,False,False,False,False,NORMAL
2026-10-07 18:01:00.718624+00:00,1791396060718.0,hvac_state,True,0.974,rear_center,25.27,OK,MONITORING,True,25.34,68.0,True,22.0,True,80.0,False,False,False,False,False,False,False,False,False,False,False,False,False,False,NORMAL
2026-10-07 18:01:01.718624+00:00,1791396061718.0,temperature,True,0.974,rear_center,25.42,OK,MONITORING,True,25.34,68.0,True,22.0,True,80.0,False,False,True,False,True,False,False,False,False,False,False,False,False,False,NORMAL
2026-10-07 18:01:02.718624+00:00,1791396062718.0,guardian_state,True,0.974,rear_center,25.42,OK,MONITORING,True,25.44,68.0,True,22.0,True,80.0,False,False,False,False,False,False,False,False,False,False,False,False,False,False,NORMAL
2026-10-07 18:01:03.718624+00:00,1791396063718.0,window_state,True,0.974,rear_center,25.42,OK,MONITORING,True,25.44,73.0,True,22.0,True,80.0,False,False,False,False,False,False,False,False,False,False,False,False,False,False,NORMAL
2026-10-07 18:01:04.718624+00:00,1791396064718.0,hvac_state,True,0.974,rear_center,25.42,OK,MONITORING,True,25.44,73.0,True,22.0,True,80.0,False,False,False,False,False,False,False,False,False,False,False,False,False,False,NORMAL
2026-10-07 18:01:05.718624+00:00,1791396065718.0,temperature,True,0.974,rear_center,25.52,OK,MONITORING,True,25.44,73.0,True,22.0,True,80.0,False,False,True,False,True,False,False,False,False,False,False,False,False,False,NORMAL
2026-10-07 18:01:06.718624+00:00,1791396066718.0,guardian_state,True,0.974,rear_center,25.52,OK,MONITORING,True,25.54,73.0,True,22.0,True,80.0,False,False,False,False,False,False,False,False,False,False,False,False,False,False,NORMAL
2026-10-07 18:01:07.718624+00:00,1791396067718.0,child_presence,True,0.972,rear_center,25.52,OK,MONITORING,True,25.54,73.0,True,22.0,True,80.0,False,False,False,False,False,False,False,False,False,False,False,False,False,False,NORMAL
2026-10-07 18:01:08.718624+00:00,1791396068718.0,guardian_state,True,0.972,rear_center,25.52,OK,MONITORING,True,25.59,73.0,True,22.0,True,80.0,False,False,False,False,False,False,False,False,False,False,False,False,False,False,NORMAL
2026-10-07 18:01:09.718624+00:00,1791396069718.0,window_state,True,0.972,rear_center,25.52,OK,MONITORING,True,25.59,81.0,True,22.0,True,80.0,False,False,False,False,False,False,False,False,False,False,False,False,False,False,NORMAL
2026-10-07 18:01:10.718624+00:00,1791396070718.0,hvac_state,True,0.972,rear_center,25.52,OK,MONITORING,True,25.59,81.0,True,22.0,True,80.0,False,False,False,False,False,False,False,False,False,False,False,False,False,False,NORMAL
2026-10-07 18:01:11.718624+00:00,1791396071718.0,temperature,True,0.972,rear_center,25.67,OK,MONITORING,True,25.59,81.0,True,22.0,True,80.0,False,False,True,False,True,False,False,False,False,False,False,False,False,False,NORMAL
2026-10-07 18:01:12.718624+00:00,1791396072718.0,guardian_state,True,0.972,rear_center,25.67,OK,MONITORING,True,25.7,81.0,True,22.0,True,80.0,False,False,False,False,False,False,False,False,False,False,False,False,False,False,NORMAL
2026-10-07 18:01:13.718624+00:00,1791396073718.0,window_state,True,0.972,rear_center,25.67,OK,MONITORING,True,25.7,86.0,True,22.0,True,80.0,False,False,False,False,False,False,False,False,False,False,False,False,False,False,NORMAL
2026-10-07 18:01:14.718624+00:00,1791396074718.0,hvac_state,True,0.972,rear_center,25.67,OK,MONITORING,True,25.7,86.0,True,22.0,True,80.0,False,False,False,False,False,False,False,False,False,False,False,False,False,False,NORMAL
2026-10-07 18:01:15.718624+00:00,1791396075718.0,temperature,True,0.972,rear_center,25.77,OK,MONITORING,True,25.7,86.0,True,22.0,True,80.0,False,False,True,False,True,False,False,False,False,False,False,False,False,False,NORMAL
2026-10-07 18:01:16.718624+00:00,1791396076718.0,guardian_state,True,0.972,rear_center,25.77,OK,MONITORING,True,25.8,86.0,True,22.0,True,80.0,False,False,False,False,False,False,False,False,False,False,False,False,False,False,NORMAL
2026-10-07 18:01:17.718624+00:00,1791396077718.0,child_presence,True,0.968,rear_center,25.77,OK,MONITORING,True,25.8,86.0,True,22.0,True,80.0,False,False,False,False,False,False,False,False,False,False,False,False,False,False,NORMAL
2026-10-07 18:01:18.718624+00:00,1791396078718.0,guardian_state,True,0.968,rear_center,25.77,OK,MONITORING,True,25.85,86.0,True,22.0,True,80.0,False,False,False,False,False,False,False,False,False,False,False,False,False,False,NORMAL
2026-10-07 18:01:19.718624+00:00,1791396079718.0,window_state,True,0.968,rear_center,25.77,OK,MONITORING,True,25.85,93.0,True,22.0,True,80.0,False,False,False,False,False,False,False,False,False,False,False,False,False,False,NORMAL
2026-10-07 18:01:20.718624+00:00,1791396080718.0,hvac_state,True,0.968,rear_center,25.77,OK,MONITORING,True,25.85,93.0,True,22.0,True,80.0,False,False,False,False,False,False,False,False,False,False,False,False,False,False,NORMAL
2026-10-07 18:01:21.718624+00:00,1791396081718.0,temperature,True,0.968,rear_center,25.92,OK,MONITORING,True,25.85,93.0,True,22.0,True,80.0,False,False,True,False,True,False,False,False,False,False,False,False,False,False,NORMAL
2026-10-07 18:01:22.718624+00:00,1791396082718.0,guardian_state,True,0.968,rear_center,25.92,OK,MONITORING,True,25.95,93.0,True,22.0,True,80.0,False,False,False,False,False,False,False,False,False,False,False,False,False,False,NORMAL
2026-10-07 18:01:23.718624+00:00,1791396083718.0,window_state,True,0.968,rear_center,25.92,OK,MONITORING,True,25.95,98.0,True,22.0,True,80.0,False,False,False,False,False,False,False,False,False,False,False,False,False,False,NORMAL
2026-10-07 18:01:24.718624+00:00,1791396084718.0,hvac_state,True,0.968,rear_center,25.92,OK,MONITORING,True,25.95,98.0,True,22.0,True,80.0,False,False,False,False,False,False,False,False,False,False,False,False,False,False,NORMAL
2026-10-07 18:01:25.718624+00:00,1791396085718.0,temperature,True,0.968,rear_center,24.0,OK,MONITORING,True,25.95,98.0,True,22.0,True,80.0,False,False,False,False,False,False,False,False,False,False,False,False,False,False,NORMAL
2026-10-07 18:01:26.718624+00:00,1791396086718.0,guardian_state,True,0.968,rear_center,24.0,OK,MONITORING,True,24.04,98.0,True,22.0,True,80.0,False,False,False,False,False,False,False,False,False,False,False,False,False,False,NORMAL
2026-10-07 18:01:27.718624+00:00,1791396087718.0,child_presence,True,0.969,rear_center,24.0,OK,MONITORING,True,24.04,98.0,True,22.0,True,80.0,False,False,False,False,False,False,False,False,False,False,False,False,False,False,NORMAL
2026-10-07 18:01:28.718624+00:00,1791396088718.0,guardian_state,True,0.969,rear_center,24.0,OK,MONITORING,True,24.13,98.0,True,22.0,True,80.0,False,False,False,False,False,False,False,False,False,False,False,False,False,False,NORMAL
2026-10-07 18:01:29.718624+00:00,1791396089718.0,window_state,True,0.969,rear_center,24.0,OK,MONITORING,True,24.13,0.0,True,22.0,True,80.0,False,False,False,False,False,False,False,False,False,False,False,False,False,False,NORMAL
2026-10-07 18:01:30.718624+00:00,1791396090718.0,hvac_state,True,0.969,rear_center,24.0,OK,MONITORING,True,24.13,0.0,True,22.0,True,80.0,False,False,False,False,False,False,False,False,False,False,False,False,False,False,NORMAL
2026-10-07 18:01:31.718624+00:00,1791396091718.0,temperature,True,0.969,rear_center,24.25,OK,MONITORING,True,24.13,0.0,True,22.0,True,80.0,False,False,True,False,True,False,False,False,False,False,False,False,False,False,NORMAL
2026-10-07 18:01:32.718624+00:00,1791396092718.0,guardian_state,True,0.969,rear_center,24.25,OK,MONITORING,True,24.3,0.0,True,22.0,True,80.0,False,False,False,False,False,False,False,False,False,False,False,False,False,False,NORMAL
2026-10-07 18:01:33.718624+00:00,1791396093718.0,window_state,True,0.969,rear_center,24.25,OK,MONITORING,True,24.3,0.0,True,22.0,True,80.0,False,False,False,False,False,False,False,False,False,False,False,False,False,False,NORMAL
2026-10-07 18:01:34.718624+00:00,1791396094718.0,hvac_state,True,0.969,rear_center,24.25,OK,MONITORING,True,24.3,0.0,True,22.0,True,80.0,False,False,False,False,False,False,False,False,False,False,False,False,False,False,NORMAL
2026-10-07 18:01:35.718624+00:00,1791396095718.0,temperature,True,0.969,rear_center,24.42,OK,MONITORING,True,24.3,0.0,True,22.0,True,80.0,False,False,True,False,True,False,False,False,False,False,False,False,False,False,NORMAL
2026-10-07 18:01:36.718624+00:00,1791396096718.0,guardian_state,True,0.969,rear_center,24.42,OK,MONITORING,True,24.47,0.0,True,22.0,True,80.0,False,False,False,False,False,False,False,False,False,False,False,False,False,False,NORMAL
2026-10-07 18:01:37.718624+00:00,1791396097718.0,child_presence,True,0.963,rear_center,24.42,OK,MONITORING,True,24.47,0.0,True,22.0,True,80.0,False,False,False,False,False,False,False,False,False,False,False,False,False,False,NORMAL
2026-10-07 18:01:38.718624+00:00,1791396098718.0,guardian_state,True,0.963,rear_center,24.42,OK,MONITORING,True,24.55,0.0,True,22.0,True,80.0,False,False,False,False,False,False,False,False,False,False,False,False,False,False,NORMAL
2026-10-07 18:01:39.718624+00:00,1791396099718.0,window_state,True,0.963,rear_center,24.42,OK,MONITORING,True,24.55,0.0,True,22.0,True,80.0,False,False,False,False,False,False,False,False,False,False,False,False,False,False,NORMAL
2026-10-07 18:01:40.718624+00:00,1791396100718.0,hvac_state,True,0.963,rear_center,24.42,OK,MONITORING,True,24.55,0.0,True,22.0,True,80.0,False,False,False,False,False,False,False,False,False,False,False,False,False,False,NORMAL
2026-10-07 18:01:41.718624+00:00,1791396101718.0,temperature,True,0.963,rear_center,24.68,OK,MONITORING,True,24.55,0.0,True,22.0,True,80.0,False,False,True,False,True,False,False,False,False,False,False,False,False,False,NORMAL
2026-10-07 18:01:42.718624+00:00,1791396102718.0,guardian_state,True,0.963,rear_center,24.68,OK,MONITORING,True,24.72,0.0,True,22.0,True,80.0,False,False,False,False,False,False,False,False,False,False,False,False,False,False,NORMAL
2026-10-07 18:01:43.718624+00:00,1791396103718.0,window_state,True,0.963,rear_center,24.68,OK,MONITORING,True,24.72,0.0,True,22.0,True,80.0,False,False,False,False,False,False,False,False,False,False,False,False,False,False,NORMAL
2026-10-07 18:01:44.718624+00:00,1791396104718.0,hvac_state,True,0.963,rear_center,24.68,OK,MONITORING,True,24.72,0.0,True,22.0,True,80.0,True,False,False,True,True,False,False,False,False,False,False,False,False,False,NORMAL
2026-10-07 18:01:45.718624+00:00,1791396105718.0,temperature,True,0.963,rear_center,24.85,OK,MONITORING,True,24.72,0.0,True,22.0,True,80.0,True,False,True,True,True,False,False,False,False,False,False,False,False,False,NORMAL
2026-10-07 18:01:46.718624+00:00,1791396106718.0,guardian_state,True,0.963,rear_center,24.85,OK,MONITORING,True,24.89,0.0,True,22.0,True,80.0,True,False,False,True,True,False,False,False,False,False,False,False,False,False,NORMAL
2026-10-07 18:01:47.718624+00:00,1791396107718.0,child_presence,True,0.969,rear_center,24.85,OK,MONITORING,True,24.89,0.0,True,22.0,True,80.0,True,False,False,True,True,False,False,False,False,False,False,False,False,False,NORMAL
2026-10-07 18:01:48.718624+00:00,1791396108718.0,guardian_state,True,0.969,rear_center,24.85,OK,MONITORING,True,24.97,0.0,True,22.0,True,80.0,True,False,False,True,True,False,False,False,False,False,False,False,False,False,NORMAL
2026-10-07 18:01:49.718624+00:00,1791396109718.0,window_state,True,0.969,rear_center,24.85,OK,MONITORING,True,24.97,0.0,True,22.0,True,80.0,True,False,False,True,True,False,False,False,False,False,False,False,False,False,NORMAL
2026-10-07 18:01:50.718624+00:00,1791396110718.0,hvac_state,True,0.969,rear_center,24.85,OK,MONITORING,True,24.97,0.0,True,22.0,True,80.0,True,False,False,True,True,False,False,False,False,False,False,False,False,False,NORMAL
2026-10-07 18:01:51.718624+00:00,1791396111718.0,temperature,True,0.969,rear_center,25.1,OK,MONITORING,True,24.97,0.0,True,22.0,True,80.0,True,False,True,True,True,False,False,False,False,False,False,False,False,False,NORMAL
2026-10-07 18:01:52.718624+00:00,1791396112718.0,guardian_state,True,0.969,rear_center,25.1,OK,MONITORING,True,25.14,0.0,True,22.0,True,80.0,True,False,False,True,True,False,False,False,False,False,False,False,False,False,NORMAL
2026-10-07 18:01:53.718624+00:00,1791396113718.0,window_state,True,0.969,rear_center,25.1,OK,MONITORING,True,25.14,0.0,True,22.0,True,80.0,True,False,False,True,True,False,False,False,False,False,False,False,False,False,NORMAL
2026-10-07 18:01:54.718624+00:00,1791396114718.0,hvac_state,True,0.969,rear_center,25.1,OK,MONITORING,True,25.14,0.0,True,22.0,True,80.0,True,False,False,True,True,False,False,False,False,False,False,False,False,False,NORMAL
2026-10-07 18:01:55.718624+00:00,1791396115718.0,temperature,True,0.969,rear_center,25.27,OK,MONITORING,True,25.14,0.0,True,22.0,True,80.0,True,False,True,True,True,False,False,False,False,False,False,False,False,False,NORMAL
2026-10-07 18:01:56.718624+00:00,1791396116718.0,guardian_state,True,0.969,rear_center,25.27,OK,MONITORING,True,25.31,0.0,True,22.0,True,80.0,True,False,False,True,True,False,False,False,False,False,False,False,False,False,NORMAL
2026-10-07 18:01:57.718624+00:00,1791396117718.0,child_presence,True,0.969,rear_center,25.27,OK,MONITORING,True,25.31,0.0,True,22.0,True,80.0,True,False,False,True,True,False,False,False,False,False,False,False,False,False,NORMAL
2026-10-07 18:01:58.718624+00:00,1791396118718.0,guardian_state,True,0.969,rear_center,25.27,OK,MONITORING,True,25.4,0.0,True,22.0,True,80.0,True,False,False,True,True,False,False,False,False,False,False,False,False,False,NORMAL
2026-10-07 18:01:59.718624+00:00,1791396119718.0,window_state,True,0.969,rear_center,25.27,OK,MONITORING,True,25.4,0.0,True,22.0,True,80.0,True,False,False,True,True,False,False,False,False,False,False,False,False,False,NORMAL
2026-10-07 18:02:00.718624+00:00,1791396120718.0,hvac_state,True,0.969,rear_center,25.27,OK,MONITORING,True,25.4,0.0,True,22.0,True,80.0,True,False,False,True,True,False,False,False,False,False,False,False,False,False,NORMAL
2026-10-07 18:02:01.718624+00:00,1791396121718.0,temperature,True,0.969,rear_center,25.53,OK,MONITORING,True,25.4,0.0,True,22.0,True,80.0,True,False,True,True,True,False,False,False,False,False,False,False,False,False,NORMAL
2026-10-07 18:02:02.718624+00:00,1791396122718.0,guardian_state,True,0.969,rear_center,25.53,OK,MONITORING,True,25.57,0.0,True,22.0,True,80.0,True,False,False,True,True,False,False,False,False,False,False,False,False,False,NORMAL
2026-10-07 18:02:03.718624+00:00,1791396123718.0,window_state,True,0.969,rear_center,25.53,OK,MONITORING,True,25.57,0.0,True,22.0,True,80.0,True,False,False,True,True,False,False,False,False,False,False,False,False,False,NORMAL
2026-10-07 18:02:04.718624+00:00,1791396124718.0,hvac_state,True,0.969,rear_center,25.53,OK,MONITORING,True,25.57,0.0,True,22.0,True,80.0,True,False,False,True,True,False,False,False,False,False,False,False,False,False,NORMAL
2026-10-07 18:02:05.718624+00:00,1791396125718.0,temperature,True,0.969,rear_center,25.69,OK,MONITORING,True,25.57,0.0,True,22.0,True,80.0,True,False,True,True,True,False,False,False,False,False,False,False,False,False,NORMAL
2026-10-07 18:02:06.718624+00:00,1791396126718.0,guardian_state,True,0.969,rear_center,25.69,OK,MONITORING,True,25.74,0.0,True,22.0,True,80.0,True,False,False,True,True,False,False,False,False,False,False,False,False,False,NORMAL
2026-10-07 18:02:07.718624+00:00,1791396127718.0,child_presence,True,0.971,rear_center,25.69,OK,MONITORING,True,25.74,0.0,True,22.0,True,80.0,True,False,False,True,True,False,False,False,False,False,False,False,False,False,NORMAL
2026-10-07 18:02:08.718624+00:00,1791396128718.0,guardian_state,True,0.971,rear_center,25.69,OK,MONITORING,True,25.82,0.0,True,22.0,True,80.0,True,False,False,True,True,False,False,False,False,False,False,False,False,False,NORMAL
2026-10-07 18:02:09.718624+00:00,1791396129718.0,window_state,True,0.971,rear_center,25.69,OK,MONITORING,True,25.82,0.0,True,22.0,True,80.0,True,False,False,True,True,False,False,False,False,False,False,False,False,False,NORMAL
2026-10-07 18:02:10.718624+00:00,1791396130718.0,hvac_state,True,0.971,rear_center,25.69,OK,MONITORING,True,25.82,0.0,True,22.0,True,80.0,True,False,False,True,True,False,False,False,False,False,False,False,False,False,NORMAL
2026-10-07 18:02:11.718624+00:00,1791396131718.0,temperature,True,0.971,rear_center,25.95,OK,MONITORING,True,25.82,0.0,True,22.0,True,80.0,True,False,True,True,True,False,False,False,False,False,False,False,False,False,NORMAL
2026-10-07 18:02:12.718624+00:00,1791396132718.0,guardian_state,True,0.971,rear_center,25.95,OK,MONITORING,True,25.99,0.0,True,22.0,True,80.0,True,False,False,True,True,False,False,False,False,False,False,False,False,False,NORMAL
2026-10-07 18:02:13.718624+00:00,1791396133718.0,window_state,True,0.971,rear_center,25.95,OK,MONITORING,True,25.99,0.0,True,22.0,True,80.0,True,False,False,True,True,False,False,False,False,False,False,False,False,False,NORMAL
2026-10-07 18:02:14.718624+00:00,1791396134718.0,hvac_state,True,0.971,rear_center,25.95,OK,MONITORING,True,25.99,0.0,True,22.0,True,80.0,True,False,False,True,True,False,False,False,False,False,False,False,False,False,NORMAL
2026-10-07 18:02:15.718624+00:00,1791396135718.0,temperature,True,0.971,rear_center,26.12,OK,MONITORING,True,25.99,0.0,True,22.0,True,80.0,True,False,True,True,True,False,False,False,False,True,False,False,False,True,WARNING
2026-10-07 18:02:16.718624+00:00,1791396136718.0,guardian_state,True,0.971,rear_center,26.12,OK,MONITORING,True,26.16,0.0,True,22.0,True,80.0,True,False,False,True,True,False,False,False,False,True,False,False,False,True,WARNING
2026-10-07 18:02:17.718624+00:00,1791396137718.0,child_presence,True,0.967,rear_center,26.12,OK,MONITORING,True,26.16,0.0,True,22.0,True,80.0,True,False,False,True,True,False,False,False,False,True,False,False,False,True,WARNING
2026-10-07 18:02:18.718624+00:00,1791396138718.0,guardian_state,True,0.967,rear_center,26.12,OK,MONITORING,True,26.25,0.0,True,22.0,True,80.0,True,False,False,True,True,False,False,False,False,True,False,False,False,True,WARNING
2026-10-07 18:02:19.718624+00:00,1791396139718.0,window_state,True,0.967,rear_center,26.12,OK,MONITORING,True,26.25,0.0,True,22.0,True,80.0,True,False,False,True,True,False,False,False,False,True,False,False,False,True,WARNING
2026-10-07 18:02:20.718624+00:00,1791396140718.0,hvac_state,True,0.967,rear_center,26.12,OK,MONITORING,True,26.25,0.0,True,22.0,True,80.0,True,False,False,True,True,False,False,False,False,True,False,False,False,True,WARNING
2026-10-07 18:02:21.718624+00:00,1791396141718.0,temperature,True,0.967,rear_center,26.37,OK,MONITORING,True,26.25,0.0,True,22.0,True,80.0,True,False,True,True,True,False,False,False,False,True,False,False,False,True,WARNING
2026-10-07 18:02:22.718624+00:00,1791396142718.0,guardian_state,True,0.967,rear_center,26.37,OK,MONITORING,True,26.42,0.0,True,22.0,True,80.0,True,False,False,True,True,False,False,False,False,True,False,False,False,True,WARNING
2026-10-07 18:02:23.718624+00:00,1791396143718.0,window_state,True,0.967,rear_center,26.37,OK,MONITORING,True,26.42,0.0,True,22.0,True,80.0,True,False,False,True,True,False,False,False,False,True,False,False,False,True,WARNING
2026-10-07 18:02:24.718624+00:00,1791396144718.0,hvac_state,True,0.967,rear_center,26.37,OK,MONITORING,True,26.42,0.0,True,22.0,True,80.0,True,False,False,True,True,False,True,False,True,True,False,False,False,True,WARNING
2026-10-07 18:02:25.718624+00:00,1791396145718.0,temperature,True,0.967,rear_center,24.0,OK,MONITORING,True,26.42,0.0,True,22.0,True,80.0,True,False,False,True,True,False,False,False,False,False,False,False,False,False,NORMAL
2026-10-07 18:02:26.718624+00:00,1791396146718.0,guardian_state,True,0.967,rear_center,24.0,OK,MONITORING,True,24.07,0.0,True,22.0,True,80.0,True,False,False,True,True,False,False,False,False,False,False,False,False,False,NORMAL
2026-10-07 18:02:27.718624+00:00,1791396147718.0,child_presence,True,0.972,rear_center,24.0,OK,MONITORING,True,24.07,0.0,True,22.0,True,80.0,True,False,False,True,True,False,False,False,False,False,False,False,False,False,NORMAL
2026-10-07 18:02:28.718624+00:00,1791396148718.0,guardian_state,True,0.972,rear_center,24.0,OK,MONITORING,True,24.2,0.0,True,22.0,True,80.0,True,False,False,True,True,False,False,False,False,False,False,False,False,False,NORMAL
2026-10-07 18:02:29.718624+00:00,1791396149718.0,window_state,True,0.972,rear_center,24.0,OK,MONITORING,True,24.2,0.0,True,22.0,True,80.0,True,False,False,True,True,False,False,False,False,False,False,False,False,False,NORMAL
2026-10-07 18:02:30.718624+00:00,1791396150718.0,hvac_state,True,0.972,rear_center,24.0,OK,MONITORING,True,24.2,0.0,True,22.0,False,0.0,False,False,False,False,False,False,False,False,False,False,False,False,False,False,NORMAL
2026-10-07 18:02:31.718624+00:00,1791396151718.0,temperature,True,0.972,rear_center,24.4,OK,MONITORING,True,24.2,0.0,True,22.0,False,0.0,False,True,False,False,True,False,False,False,False,False,False,False,False,False,NORMAL
2026-10-07 18:02:32.718624+00:00,1791396152718.0,guardian_state,True,0.972,rear_center,24.4,OK,MONITORING,True,24.47,0.0,True,22.0,False,0.0,False,True,False,False,True,False,False,False,False,False,False,False,False,False,NORMAL
2026-10-07 18:02:33.718624+00:00,1791396153718.0,window_state,True,0.972,rear_center,24.4,OK,MONITORING,True,24.47,0.0,True,22.0,False,0.0,False,True,False,False,True,False,False,False,False,False,False,False,False,False,NORMAL
2026-10-07 18:02:34.718624+00:00,1791396154718.0,hvac_state,True,0.972,rear_center,24.4,OK,MONITORING,True,24.47,0.0,True,22.0,False,0.0,False,True,False,False,True,False,False,False,False,False,False,False,False,False,NORMAL
2026-10-07 18:02:35.718624+00:00,1791396155718.0,temperature,True,0.972,rear_center,24.67,OK,MONITORING,True,24.47,0.0,True,22.0,False,0.0,False,True,False,False,True,False,False,False,False,False,False,False,False,False,NORMAL
2026-10-07 18:02:36.718624+00:00,1791396156718.0,guardian_state,True,0.972,rear_center,24.67,OK,MONITORING,True,24.73,0.0,True,22.0,False,0.0,False,True,False,False,True,False,False,False,False,False,False,False,False,False,NORMAL
2026-10-07 18:02:37.718624+00:00,1791396157718.0,child_presence,True,0.975,rear_center,24.67,OK,MONITORING,True,24.73,0.0,True,22.0,False,0.0,False,True,False,False,True,False,False,False,False,False,False,False,False,False,NORMAL
2026-10-07 18:02:38.718624+00:00,1791396158718.0,guardian_state,True,0.975,rear_center,24.67,OK,MONITORING,True,24.87,0.0,True,22.0,False,0.0,False,True,False,False,True,False,False,False,False,False,False,False,False,False,NORMAL
2026-10-07 18:02:39.718624+00:00,1791396159718.0,window_state,True,0.975,rear_center,24.67,OK,MONITORING,True,24.87,0.0,True,22.0,False,0.0,False,True,False,False,True,False,False,False,False,False,False,False,False,False,NORMAL
2026-10-07 18:02:40.718624+00:00,1791396160718.0,hvac_state,True,0.975,rear_center,24.67,OK,MONITORING,True,24.87,0.0,True,22.0,False,0.0,False,True,False,False,True,False,False,False,False,False,False,False,False,False,NORMAL
2026-10-07 18:02:41.718624+00:00,1791396161718.0,temperature,True,0.975,rear_center,25.07,OK,MONITORING,True,24.87,0.0,True,22.0,False,0.0,False,True,False,False,True,False,False,False,False,False,False,False,False,False,NORMAL
2026-10-07 18:02:42.718624+00:00,1791396162718.0,guardian_state,True,0.975,rear_center,25.07,OK,MONITORING,True,25.13,0.0,True,22.0,False,0.0,False,True,False,False,True,False,False,False,False,False,False,False,False,False,NORMAL
2026-10-07 18:02:43.718624+00:00,1791396163718.0,window_state,True,0.975,rear_center,25.07,OK,MONITORING,True,25.13,0.0,True,22.0,False,0.0,False,True,False,False,True,False,False,False,False,False,False,False,False,False,NORMAL
2026-10-07 18:02:44.718624+00:00,1791396164718.0,hvac_state,True,0.975,rear_center,25.07,OK,MONITORING,True,25.13,0.0,True,22.0,False,0.0,False,True,False,False,True,False,False,False,False,False,False,False,False,False,NORMAL
2026-10-07 18:02:45.718624+00:00,1791396165718.0,temperature,True,0.975,rear_center,25.33,OK,MONITORING,True,25.13,0.0,True,22.0,False,0.0,False,True,False,False,True,False,False,False,False,False,False,False,False,False,NORMAL
2026-10-07 18:02:46.718624+00:00,1791396166718.0,guardian_state,True,0.975,rear_center,25.33,OK,MONITORING,True,25.4,0.0,True,22.0,False,0.0,False,True,False,False,True,False,False,False,False,False,False,False,False,False,NORMAL
2026-10-07 18:02:47.718624+00:00,1791396167718.0,child_presence,True,0.971,rear_center,25.33,OK,MONITORING,True,25.4,0.0,True,22.0,False,0.0,False,True,False,False,True,False,False,False,False,False,False,False,False,False,NORMAL
2026-10-07 18:02:48.718624+00:00,1791396168718.0,guardian_state,True,0.971,rear_center,25.33,OK,MONITORING,True,25.53,0.0,True,22.0,False,0.0,False,True,False,False,True,False,False,False,False,False,False,False,False,False,NORMAL
2026-10-07 18:02:49.718624+00:00,1791396169718.0,window_state,True,0.971,rear_center,25.33,OK,MONITORING,True,25.53,0.0,True,22.0,False,0.0,False,True,False,False,True,False,False,False,False,False,False,False,False,False,NORMAL
2026-10-07 18:02:50.718624+00:00,1791396170718.0,hvac_state,True,0.971,rear_center,25.33,OK,MONITORING,True,25.53,0.0,True,22.0,False,0.0,False,True,False,False,True,False,False,False,False,False,False,False,False,False,NORMAL
2026-10-07 18:02:51.718624+00:00,1791396171718.0,temperature,True,0.971,rear_center,25.73,OK,MONITORING,True,25.53,0.0,True,22.0,False,0.0,False,True,False,False,True,False,False,False,False,False,False,False,False,False,NORMAL
2026-10-07 18:02:52.718624+00:00,1791396172718.0,guardian_state,True,0.971,rear_center,25.73,OK,MONITORING,True,25.8,0.0,True,22.0,False,0.0,False,True,False,False,True,False,False,False,False,False,False,False,False,False,NORMAL
2026-10-07 18:02:53.718624+00:00,1791396173718.0,window_state,True,0.971,rear_center,25.73,OK,MONITORING,True,25.8,0.0,True,22.0,False,0.0,False,True,False,False,True,False,False,False,False,False,False,False,False,False,NORMAL
2026-10-07 18:02:54.718624+00:00,1791396174718.0,hvac_state,True,0.971,rear_center,25.73,OK,MONITORING,True,25.8,0.0,True,22.0,False,0.0,False,True,False,False,True,False,False,False,False,False,False,False,False,False,NORMAL
2026-10-07 18:02:55.718624+00:00,1791396175718.0,temperature,True,0.971,rear_center,26.0,OK,MONITORING,True,25.8,0.0,True,22.0,False,0.0,False,True,False,False,True,False,False,False,False,True,False,False,True,True,WARNING
2026-10-07 18:02:56.718624+00:00,1791396176718.0,guardian_state,True,0.971,rear_center,26.0,OK,MONITORING,True,26.07,0.0,True,22.0,False,0.0,False,True,False,False,True,False,False,False,False,True,False,False,True,True,WARNING
2026-10-07 18:02:57.718624+00:00,1791396177718.0,child_presence,True,0.972,rear_center,26.0,OK,MONITORING,True,26.07,0.0,True,22.0,False,0.0,False,True,False,False,True,False,False,False,False,True,False,False,True,True,WARNING
2026-10-07 18:02:58.718624+00:00,1791396178718.0,guardian_state,True,0.972,rear_center,26.0,OK,MONITORING,True,26.2,0.0,True,22.0,False,0.0,False,True,False,False,True,False,False,False,False,True,False,False,True,True,WARNING
2026-10-07 18:02:59.718624+00:00,1791396179718.0,window_state,True,0.972,rear_center,26.0,OK,MONITORING,True,26.2,0.0,True,22.0,False,0.0,False,True,False,False,True,False,False,False,False,True,False,False,True,True,WARNING
2026-10-07 18:03:00.718624+00:00,1791396180718.0,hvac_state,True,0.972,rear_center,26.0,OK,MONITORING,True,26.2,0.0,True,22.0,False,0.0,False,True,False,False,True,False,False,False,False,True,False,False,True,True,WARNING
2026-10-07 18:03:01.718624+00:00,1791396181718.0,temperature,True,0.972,rear_center,26.4,OK,MONITORING,True,26.2,0.0,True,22.0,False,0.0,False,True,False,False,True,False,False,False,False,True,False,False,True,True,WARNING
2026-10-07 18:03:02.718624+00:00,1791396182718.0,guardian_state,True,0.972,rear_center,26.4,OK,MONITORING,True,26.47,0.0,True,22.0,False,0.0,False,True,False,False,True,False,False,False,False,True,False,False,True,True,WARNING
2026-10-07 18:03:03.718624+00:00,1791396183718.0,window_state,True,0.972,rear_center,26.4,OK,MONITORING,True,26.47,0.0,True,22.0,False,0.0,False,True,False,False,True,False,False,False,False,True,False,False,True,True,WARNING
2026-10-07 18:03:04.718624+00:00,1791396184718.0,hvac_state,True,0.972,rear_center,26.4,OK,MONITORING,True,26.47,0.0,True,22.0,False,0.0,False,True,False,False,True,False,False,False,False,True,False,False,True,True,WARNING
2026-10-07 18:03:05.718624+00:00,1791396185718.0,temperature,True,0.972,rear_center,26.67,OK,MONITORING,True,26.47,0.0,True,22.0,False,0.0,False,True,False,False,True,False,False,False,False,True,False,False,True,True,WARNING
2026-10-07 18:03:06.718624+00:00,1791396186718.0,guardian_state,True,0.972,rear_center,26.67,OK,MONITORING,True,26.73,0.0,True,22.0,False,0.0,False,True,False,False,True,False,False,False,False,True,False,False,True,True,WARNING
2026-10-07 18:03:07.718624+00:00,1791396187718.0,child_presence,True,0.97,rear_center,26.67,OK,MONITORING,True,26.73,0.0,True,22.0,False,0.0,False,True,False,False,True,False,False,False,False,True,False,False,True,True,WARNING
2026-10-07 18:03:08.718624+00:00,1791396188718.0,guardian_state,True,0.97,rear_center,26.67,OK,MONITORING,True,26.87,0.0,True,22.0,False,0.0,False,True,False,False,True,False,False,False,False,True,False,False,True,True,WARNING
2026-10-07 18:03:09.718624+00:00,1791396189718.0,window_state,True,0.97,rear_center,26.67,OK,MONITORING,True,26.87,0.0,True,22.0,False,0.0,False,True,False,False,True,False,False,False,False,True,False,False,True,True,WARNING
2026-10-07 18:03:10.718624+00:00,1791396190718.0,hvac_state,True,0.97,rear_center,26.67,OK,MONITORING,True,26.87,0.0,True,22.0,False,0.0,False,True,False,False,True,False,False,False,False,True,False,False,True,True,WARNING
2026-10-07 18:03:11.718624+00:00,1791396191718.0,temperature,True,0.97,rear_center,27.07,OK,MONITORING,True,26.87,0.0,True,22.0,False,0.0,False,True,False,False,True,False,False,False,False,True,False,False,True,True,WARNING
2026-10-07 18:03:12.718624+00:00,1791396192718.0,guardian_state,True,0.97,rear_center,27.07,OK,MONITORING,True,27.13,0.0,True,22.0,False,0.0,False,True,False,False,True,False,False,False,False,True,False,False,True,True,WARNING
2026-10-07 18:03:13.718624+00:00,1791396193718.0,window_state,True,0.97,rear_center,27.07,OK,MONITORING,True,27.13,0.0,True,22.0,False,0.0,False,True,False,False,True,False,False,False,False,True,False,False,True,True,WARNING
2026-10-07 18:03:14.718624+00:00,1791396194718.0,hvac_state,True,0.97,rear_center,27.07,OK,MONITORING,True,27.13,0.0,True,22.0,False,0.0,False,True,False,False,True,False,False,False,False,True,False,False,True,True,WARNING
2026-10-07 18:03:15.718624+00:00,1791396195718.0,temperature,True,0.97,rear_center,27.33,OK,MONITORING,True,27.13,0.0,True,22.0,False,0.0,False,True,False,False,True,False,False,False,False,True,False,False,True,True,WARNING
2026-10-07 18:03:16.718624+00:00,1791396196718.0,guardian_state,True,0.97,rear_center,27.33,OK,MONITORING,True,27.4,0.0,True,22.0,False,0.0,False,True,False,False,True,False,False,False,False,True,False,False,True,True,WARNING
2026-10-07 18:03:17.718624+00:00,1791396197718.0,child_presence,True,0.97,rear_center,27.33,OK,MONITORING,True,27.4,0.0,True,22.0,False,0.0,False,True,False,False,True,False,False,False,False,True,False,False,True,True,WARNING
2026-10-07 18:03:18.718624+00:00,1791396198718.0,guardian_state,True,0.97,rear_center,27.33,OK,MONITORING,True,27.53,0.0,True,22.0,False,0.0,False,True,False,False,True,False,False,False,False,True,False,False,True,True,WARNING
2026-10-07 18:03:19.718624+00:00,1791396199718.0,window_state,True,0.97,rear_center,27.33,OK,MONITORING,True,27.53,0.0,True,22.0,False,0.0,False,True,False,False,True,False,False,False,False,True,False,False,True,True,WARNING
2026-10-07 18:03:20.718624+00:00,1791396200718.0,hvac_state,True,0.97,rear_center,27.33,OK,MONITORING,True,27.53,0.0,True,22.0,False,0.0,False,True,False,False,True,False,False,False,False,True,False,False,True,True,WARNING
2026-10-07 18:03:21.718624+00:00,1791396201718.0,temperature,True,0.97,rear_center,27.73,OK,MONITORING,True,27.53,0.0,True,22.0,False,0.0,False,True,False,False,True,False,False,False,False,True,False,False,True,True,WARNING
2026-10-07 18:03:22.718624+00:00,1791396202718.0,guardian_state,True,0.97,rear_center,27.73,OK,MONITORING,True,27.8,0.0,True,22.0,False,0.0,False,True,False,False,True,False,False,False,False,True,False,False,True,True,WARNING
2026-10-07 18:03:23.718624+00:00,1791396203718.0,window_state,True,0.97,rear_center,27.73,OK,MONITORING,True,27.8,0.0,True,22.0,False,0.0,False,True,False,False,True,False,False,False,False,True,False,False,True,True,WARNING
2026-10-07 18:03:24.718624+00:00,1791396204718.0,hvac_state,True,0.97,rear_center,27.73,OK,MONITORING,True,27.8,0.0,True,22.0,False,0.0,False,True,False,False,True,False,False,False,False,True,False,False,True,True,WARNING
2026-10-07 18:03:25.718624+00:00,1791396205718.0,temperature,True,0.97,rear_center,28.0,OK,MONITORING,True,27.8,0.0,True,22.0,False,0.0,False,True,False,False,True,False,False,False,False,True,True,False,True,True,HIGH
2026-10-07 18:03:26.718624+00:00,1791396206718.0,guardian_state,True,0.97,rear_center,28.0,OK,MONITORING,True,28.07,0.0,True,22.0,False,0.0,False,True,False,False,True,False,False,False,False,True,True,False,True,True,HIGH
2026-10-07 18:03:27.718624+00:00,1791396207718.0,child_presence,True,0.966,rear_center,28.0,OK,MONITORING,True,28.07,0.0,True,22.0,False,0.0,False,True,False,False,True,False,False,False,False,True,True,False,True,True,HIGH
2026-10-07 18:03:28.718624+00:00,1791396208718.0,guardian_state,True,0.966,rear_center,28.0,OK,MONITORING,True,28.2,0.0,True,22.0,False,0.0,False,True,False,False,True,False,False,False,False,True,True,False,True,True,HIGH
2026-10-07 18:03:29.718624+00:00,1791396209718.0,window_state,True,0.966,rear_center,28.0,OK,MONITORING,True,28.2,0.0,True,22.0,False,0.0,False,True,False,False,True,False,False,False,False,True,True,False,True,True,HIGH
2026-10-07 18:03:30.718624+00:00,1791396210718.0,hvac_state,True,0.966,rear_center,28.0,OK,MONITORING,True,28.2,0.0,True,22.0,False,0.0,False,True,False,False,True,False,False,False,False,True,True,False,True,True,HIGH
2026-10-07 18:03:31.718624+00:00,1791396211718.0,temperature,True,0.966,rear_center,28.4,OK,MONITORING,True,28.2,0.0,True,22.0,False,0.0,False,True,False,False,True,False,False,False,False,True,True,False,True,True,HIGH
2026-10-07 18:03:32.718624+00:00,1791396212718.0,guardian_state,True,0.966,rear_center,28.4,OK,MONITORING,True,28.47,0.0,True,22.0,False,0.0,False,True,False,False,True,False,False,False,False,True,True,False,True,True,HIGH
2026-10-07 18:03:33.718624+00:00,1791396213718.0,window_state,True,0.966,rear_center,28.4,OK,MONITORING,True,28.47,0.0,True,22.0,False,0.0,False,True,False,False,True,False,False,False,False,True,True,False,True,True,HIGH
2026-10-07 18:03:34.718624+00:00,1791396214718.0,hvac_state,True,0.966,rear_center,28.4,OK,MONITORING,True,28.47,0.0,True,22.0,False,0.0,False,True,False,False,True,False,False,False,False,True,True,False,True,True,HIGH
2026-10-07 18:03:35.718624+00:00,1791396215718.0,temperature,True,0.966,rear_center,28.67,OK,MONITORING,True,28.47,0.0,True,22.0,False,0.0,False,True,False,False,True,False,False,False,False,True,True,False,True,True,HIGH
2026-10-07 18:03:36.718624+00:00,1791396216718.0,guardian_state,True,0.966,rear_center,28.67,OK,MONITORING,True,28.73,0.0,True,22.0,False,0.0,False,True,False,False,True,False,False,False,False,True,True,False,True,True,HIGH
2026-10-07 18:03:37.718624+00:00,1791396217718.0,child_presence,True,0.972,rear_center,28.67,OK,MONITORING,True,28.73,0.0,True,22.0,False,0.0,False,True,False,False,True,False,False,False,False,True,True,False,True,True,HIGH
2026-10-07 18:03:38.718624+00:00,1791396218718.0,guardian_state,True,0.972,rear_center,28.67,OK,MONITORING,True,28.87,0.0,True,22.0,False,0.0,False,True,False,False,True,False,False,False,False,True,True,False,True,True,HIGH
2026-10-07 18:03:39.718624+00:00,1791396219718.0,window_state,True,0.972,rear_center,28.67,OK,MONITORING,True,28.87,0.0,True,22.0,False,0.0,False,True,False,False,True,False,False,False,False,True,True,False,True,True,HIGH
2026-10-07 18:03:40.718624+00:00,1791396220718.0,hvac_state,True,0.972,rear_center,28.67,OK,MONITORING,True,28.87,0.0,True,22.0,False,0.0,False,True,False,False,True,False,False,False,False,True,True,False,True,True,HIGH
2026-10-07 18:03:41.718624+00:00,1791396221718.0,temperature,True,0.972,rear_center,29.07,OK,MONITORING,True,28.87,0.0,True,22.0,False,0.0,False,True,False,False,True,False,False,False,False,True,True,False,True,True,HIGH
2026-10-07 18:03:42.718624+00:00,1791396222718.0,guardian_state,True,0.972,rear_center,29.07,OK,MONITORING,True,29.13,0.0,True,22.0,False,0.0,False,True,False,False,True,False,False,False,False,True,True,False,True,True,HIGH
2026-10-07 18:03:43.718624+00:00,1791396223718.0,window_state,True,0.972,rear_center,29.07,OK,MONITORING,True,29.13,0.0,True,22.0,False,0.0,False,True,False,False,True,False,False,False,False,True,True,False,True,True,HIGH
2026-10-07 18:03:44.718624+00:00,1791396224718.0,hvac_state,True,0.972,rear_center,29.07,OK,MONITORING,True,29.13,0.0,True,22.0,False,0.0,False,True,False,False,True,False,False,False,False,True,True,False,True,True,HIGH
2026-10-07 18:03:45.718624+00:00,1791396225718.0,temperature,True,0.972,rear_center,29.33,OK,MONITORING,True,29.13,0.0,True,22.0,False,0.0,False,True,False,False,True,False,False,False,False,True,True,False,True,True,HIGH
2026-10-07 18:03:46.718624+00:00,1791396226718.0,guardian_state,True,0.972,rear_center,29.33,OK,MONITORING,True,29.4,0.0,True,22.0,False,0.0,False,True,False,False,True,False,False,False,False,True,True,False,True,True,HIGH
2026-10-07 18:03:47.718624+00:00,1791396227718.0,child_presence,True,0.97,rear_center,29.33,OK,MONITORING,True,29.4,0.0,True,22.0,False,0.0,False,True,False,False,True,False,False,False,False,True,True,False,True,True,HIGH
2026-10-07 18:03:48.718624+00:00,1791396228718.0,guardian_state,True,0.97,rear_center,29.33,OK,MONITORING,True,29.53,0.0,True,22.0,False,0.0,False,True,False,False,True,False,False,False,False,True,True,False,True,True,HIGH
2026-10-07 18:03:49.718624+00:00,1791396229718.0,window_state,True,0.97,rear_center,29.33,OK,MONITORING,True,29.53,0.0,True,22.0,False,0.0,False,True,False,False,True,False,False,False,False,True,True,False,True,True,HIGH
2026-10-07 18:03:50.718624+00:00,1791396230718.0,hvac_state,True,0.97,rear_center,29.33,OK,MONITORING,True,29.53,0.0,True,22.0,False,0.0,False,True,False,False,True,False,False,False,False,True,True,False,True,True,HIGH
2026-10-07 18:03:51.718624+00:00,1791396231718.0,temperature,True,0.97,rear_center,29.73,OK,MONITORING,True,29.53,0.0,True,22.0,False,0.0,False,True,False,False,True,False,False,False,False,True,True,False,True,True,HIGH
2026-10-07 18:03:52.718624+00:00,1791396232718.0,guardian_state,True,0.97,rear_center,29.73,OK,MONITORING,True,29.8,0.0,True,22.0,False,0.0,False,True,False,False,True,False,False,False,False,True,True,False,True,True,HIGH
2026-10-07 18:03:53.718624+00:00,1791396233718.0,window_state,True,0.97,rear_center,29.73,OK,MONITORING,True,29.8,0.0,True,22.0,False,0.0,False,True,False,False,True,False,False,False,False,True,True,False,True,True,HIGH
2026-10-07 18:03:54.718624+00:00,1791396234718.0,hvac_state,True,0.97,rear_center,29.73,OK,MONITORING,True,29.8,0.0,True,22.0,False,0.0,False,True,False,False,True,False,False,False,False,True,True,False,True,True,HIGH
2026-10-07 18:03:55.718624+00:00,1791396235718.0,temperature,True,0.97,rear_center,30.0,OK,MONITORING,True,29.8,0.0,True,22.0,False,0.0,False,True,False,False,True,False,False,False,False,True,True,True,True,True,CRITICAL
2026-10-07 18:03:56.718624+00:00,1791396236718.0,guardian_state,True,0.97,rear_center,30.0,OK,MONITORING,True,30.07,0.0,True,22.0,False,0.0,False,True,False,False,True,False,False,False,False,True,True,True,True,True,CRITICAL
2026-10-07 18:03:57.718624+00:00,1791396237718.0,child_presence,True,0.98,rear_center,30.0,OK,MONITORING,True,30.07,0.0,True,22.0,False,0.0,False,True,False,False,True,False,False,False,False,True,True,True,True,True,CRITICAL
2026-10-07 18:03:58.718624+00:00,1791396238718.0,guardian_state,True,0.98,rear_center,30.0,OK,MONITORING,True,30.2,0.0,True,22.0,False,0.0,False,True,False,False,True,False,False,False,False,True,True,True,True,True,CRITICAL
2026-10-07 18:03:59.718624+00:00,1791396239718.0,window_state,True,0.98,rear_center,30.0,OK,MONITORING,True,30.2,0.0,True,22.0,False,0.0,False,True,False,False,True,False,False,False,False,True,True,True,True,True,CRITICAL
2026-10-07 18:04:00.718624+00:00,1791396240718.0,hvac_state,True,0.98,rear_center,30.0,OK,MONITORING,True,30.2,0.0,True,22.0,False,0.0,False,True,False,False,True,False,False,False,False,True,True,True,True,True,CRITICAL
2026-10-07 18:04:01.718624+00:00,1791396241718.0,temperature,True,0.98,rear_center,30.4,OK,MONITORING,True,30.2,0.0,True,22.0,False,0.0,False,True,False,False,True,False,False,False,False,True,True,True,True,True,CRITICAL
2026-10-07 18:04:02.718624+00:00,1791396242718.0,guardian_state,True,0.98,rear_center,30.4,OK,MONITORING,True,30.47,0.0,True,22.0,False,0.0,False,True,False,False,True,False,False,False,False,True,True,True,True,True,CRITICAL
2026-10-07 18:04:03.718624+00:00,1791396243718.0,window_state,True,0.98,rear_center,30.4,OK,MONITORING,True,30.47,0.0,True,22.0,False,0.0,False,True,False,False,True,False,False,False,False,True,True,True,True,True,CRITICAL
2026-10-07 18:04:04.718624+00:00,1791396244718.0,hvac_state,True,0.98,rear_center,30.4,OK,MONITORING,True,30.47,0.0,True,22.0,False,0.0,False,True,False,False,True,False,False,False,False,True,True,True,True,True,CRITICAL
2026-10-07 18:04:05.718624+00:00,1791396245718.0,temperature,True,0.98,rear_center,30.67,OK,MONITORING,True,30.47,0.0,True,22.0,False,0.0,False,True,False,False,True,False,False,False,False,True,True,True,True,True,CRITICAL
2026-10-07 18:04:06.718624+00:00,1791396246718.0,guardian_state,True,0.98,rear_center,30.67,OK,MONITORING,True,30.73,0.0,True,22.0,False,0.0,False,True,False,False,True,False,False,False,False,True,True,True,True,True,CRITICAL
2026-10-07 18:04:07.718624+00:00,1791396247718.0,child_presence,True,0.978,rear_center,30.67,OK,MONITORING,True,30.73,0.0,True,22.0,False,0.0,False,True,False,False,True,False,False,False,False,True,True,True,True,True,CRITICAL
2026-10-07 18:04:08.718624+00:00,1791396248718.0,guardian_state,True,0.978,rear_center,30.67,OK,MONITORING,True,30.87,0.0,True,22.0,False,0.0,False,True,False,False,True,False,False,False,False,True,True,True,True,True,CRITICAL
2026-10-07 18:04:09.718624+00:00,1791396249718.0,window_state,True,0.978,rear_center,30.67,OK,MONITORING,True,30.87,0.0,True,22.0,False,0.0,False,True,False,False,True,False,False,False,False,True,True,True,True,True,CRITICAL
2026-10-07 18:04:10.718624+00:00,1791396250718.0,hvac_state,True,0.978,rear_center,30.67,OK,MONITORING,True,30.87,0.0,True,22.0,False,0.0,False,True,False,False,True,False,False,False,False,True,True,True,True,True,CRITICAL
