receive_timestamp,event_timestamp_ms,event_type,child_present,child_confidence,child_zone,temperature_celsius,temperature_sensor_status,guardian_state,guardian_child_present,guardian_temperature_celsius,window_percentage,window_alarm_enabled,hvac_target_temperature_celsius,hvac_active,hvac_fan_speed_percent,hvac_fault_active,timestamp,temperature_change,guardian_temperature_change,temperature_vs_target,temperature_rolling_mean,temperature_rolling_std,temperature_rate_per_minute,hvac_temperature_error,hvac_working_hard,window_open,window_fully_open,child_temperature_warning,child_temperature_high,child_temperature_critical,future_temperature,future_temperature_change,temperature_event_next_10min,anomaly_hvac_stuck_off,anomaly_hvac_ineffective,anomaly_hvac_fault,anomaly_window_hvac_conflict,anomaly_temperature_spike,anomaly_temperature_drop,anomaly_sensor_spike,anomaly_child_temperature_warning,anomaly_child_temperature_high,anomaly_child_temperature_critical,anomaly_child_hvac_off,anomaly_severity
2026-10-07 17:06:50.457428+00:00,1791392810454.0,temperature,,,,24.0,OK,,,,,,,,,,2026-10-07 17:06:50.454000+00:00,,,,,,,,False,False,False,False,False,False,24.0,0.0,,False,False,,False,False,False,False,False,False,False,False,NORMAL
2026-10-07 17:06:50.457978+00:00,,guardian_state,,,,24.0,OK,MONITORING,True,24.0,,,,,,,2026-10-07 17:06:50.457978+00:00,0.0,,,24.0,0.0,0.0,,False,False,False,False,False,False,24.0,0.0,,False,False,,False,False,False,False,False,False,False,False,NORMAL
2026-10-07 17:06:52.460045+00:00,1791392812457.0,temperature,,,,24.0,OK,MONITORING,True,24.0,,,,,,,2026-10-07 17:06:52.457000+00:00,0.0,0.0,,24.0,0.0,0.0,,False,False,False,False,False,False,24.0,0.0,,False,False,,False,False,False,False,False,False,False,False,NORMAL
2026-10-07 17:06:52.460852+00:00,,guardian_state,,,,24.0,OK,MONITORING,True,24.0,,,,,,,2026-10-07 17:06:52.460852+00:00,0.0,0.0,,24.0,0.0,0.0,,False,False,False,False,False,False,24.0,0.0,,False,False,,False,False,False,False,False,False,False,False,NORMAL
2026-10-07 17:06:54.460874+00:00,1791392814458.0,temperature,,,,24.0,OK,MONITORING,True,24.0,,,,,,,2026-10-07 17:06:54.458000+00:00,0.0,0.0,,24.0,0.0,0.0,,False,False,False,False,False,False,24.0,0.0,,False,False,,False,False,False,False,False,False,False,False,NORMAL
2026-10-07 17:06:54.461790+00:00,,guardian_state,,,,24.0,OK,MONITORING,True,24.0,,,,,,,2026-10-07 17:06:54.461790+00:00,0.0,0.0,,24.0,0.0,0.0,,False,False,False,False,False,False,24.0,0.0,,False,False,,False,False,False,False,False,False,False,False,NORMAL
2026-10-07 17:06:55.760623+00:00,1791392815757.0,child_presence,True,0.97,rear_center,24.0,OK,MONITORING,True,24.0,,,,,,,2026-10-07 17:06:55.757000+00:00,0.0,0.0,,24.0,0.0,0.0,,False,False,False,False,False,False,24.0,0.0,NORMAL,False,False,,False,False,False,False,False,False,False,False,NORMAL
2026-10-07 17:06:55.761275+00:00,,guardian_state,True,0.97,rear_center,24.0,OK,MONITORING,True,24.0,,,,,,,2026-10-07 17:06:55.761275+00:00,0.0,0.0,,24.0,0.0,0.0,,False,False,False,False,False,False,24.0,0.0,NORMAL,False,False,,False,False,False,False,False,False,False,False,NORMAL
2026-10-07 17:06:56.464482+00:00,1791392816461.0,temperature,True,0.97,rear_center,24.0,OK,MONITORING,True,24.0,,,,,,,2026-10-07 17:06:56.461000+00:00,0.0,0.0,,24.0,0.0,0.0,,False,False,False,False,False,False,24.0,0.0,NORMAL,False,False,,False,False,False,False,False,False,False,False,NORMAL
2026-10-07 17:06:56.465288+00:00,,guardian_state,True,0.97,rear_center,24.0,OK,MONITORING,True,24.0,,,,,,,2026-10-07 17:06:56.465288+00:00,0.0,0.0,,24.0,0.0,0.0,,False,False,False,False,False,False,24.0,0.0,NORMAL,False,False,,False,False,False,False,False,False,False,False,NORMAL
2026-10-07 17:06:58.470278+00:00,1791392818467.0,temperature,True,0.97,rear_center,24.0,OK,MONITORING,True,24.0,,,,,,,2026-10-07 17:06:58.467000+00:00,0.0,0.0,,24.0,0.0,0.0,,False,False,False,False,False,False,24.0,0.0,NORMAL,False,False,,False,False,False,False,False,False,False,False,NORMAL
2026-10-07 17:06:58.471190+00:00,,guardian_state,True,0.97,rear_center,24.0,OK,MONITORING,True,24.0,,,,,,,2026-10-07 17:06:58.471190+00:00,0.0,0.0,,24.0,0.0,0.0,,False,False,False,False,False,False,24.0,0.0,NORMAL,False,False,,False,False,False,False,False,False,False,False,NORMAL
2026-10-07 17:07:00.477829+00:00,1791392820474.0,temperature,True,0.97,rear_center,24.0,OK,MONITORING,True,24.0,,,,,,,2026-10-07 17:07:00.474000+00:00,0.0,0.0,,24.0,0.0,0.0,,False,False,False,False,False,False,24.0,0.0,NORMAL,False,False,,False,False,False,False,False,False,False,False,NORMAL
2026-10-07 17:07:00.478824+00:00,,guardian_state,True,0.97,rear_center,24.0,OK,MONITORING,True,24.0,,,,,,,2026-10-07 17:07:00.478824+00:00,0.0,0.0,,24.0,0.0,0.0,,False,False,False,False,False,False,24.0,0.0,NORMAL,False,False,,False,False,False,False,False,False,False,False,NORMAL
2026-10-07 17:07:02.478867+00:00,1791392822476.0,temperature,True,0.97,rear_center,24.0,OK,MONITORING,True,24.0,,,,,,,2026-10-07 17:07:02.476000+00:00,0.0,0.0,,24.0,0.0,0.0,,False,False,False,False,False,False,24.0,0.0,NORMAL,False,False,,False,False,False,False,False,False,False,False,NORMAL
2026-10-07 17:07:02.479707+00:00,,guardian_state,True,0.97,rear_center,24.0,OK,MONITORING,True,24.0,,,,,,,2026-10-07 17:07:02.479707+00:00,0.0,0.0,,24.0,0.0,0.0,,False,False,False,False,False,False,24.0,0.0,NORMAL,False,False,,False,False,False,False,False,False,False,False,NORMAL
2026-10-07 17:07:04.480610+00:00,1791392824477.0,temperature,True,0.97,rear_center,24.0,OK,MONITORING,True,24.0,,,,,,,2026-10-07 17:07:04.477000+00:00,0.0,0.0,,24.0,0.0,0.0,,False,False,False,False,False,False,24.0,0.0,NORMAL,False,False,,False,False,False,False,False,False,False,False,NORMAL
2026-10-07 17:07:04.481303+00:00,,guardian_state,True,0.97,rear_center,24.0,OK,MONITORING,True,24.0,,,,,,,2026-10-07 17:07:04.481303+00:00,0.0,0.0,,24.0,0.0,0.0,,False,False,False,False,False,False,24.0,0.0,NORMAL,False,False,,False,False,False,False,False,False,False,False,NORMAL
2026-10-07 17:07:06.483718+00:00,1791392826481.0,temperature,True,0.97,rear_center,24.0,OK,MONITORING,True,24.0,,,,,,,2026-10-07 17:07:06.481000+00:00,0.0,0.0,,24.0,0.0,0.0,,False,False,False,False,False,False,24.0,0.0,NORMAL,False,False,,False,False,False,False,False,False,False,False,NORMAL
2026-10-07 17:07:06.484553+00:00,,guardian_state,True,0.97,rear_center,24.0,OK,MONITORING,True,24.0,,,,,,,2026-10-07 17:07:06.484553+00:00,0.0,0.0,,24.0,0.0,0.0,,False,False,False,False,False,False,24.0,0.0,NORMAL,False,False,,False,False,False,False,False,False,False,False,NORMAL
2026-10-07 17:07:07.763901+00:00,1791392827760.0,child_presence,True,0.97,rear_center,24.0,OK,MONITORING,True,24.0,,,,,,,2026-10-07 17:07:07.760000+00:00,0.0,0.0,,24.0,0.0,0.0,,False,False,False,False,False,False,24.0,0.0,NORMAL,False,False,,False,False,False,False,False,False,False,False,NORMAL
2026-10-07 17:07:07.764584+00:00,,guardian_state,True,0.97,rear_center,24.0,OK,MONITORING,True,24.0,,,,,,,2026-10-07 17:07:07.764584+00:00,0.0,0.0,,24.0,0.0,0.0,,False,False,False,False,False,False,24.0,0.0,NORMAL,False,False,,False,False,False,False,False,False,False,False,NORMAL
2026-10-07 17:07:08.485376+00:00,1791392828482.0,temperature,True,0.97,rear_center,24.0,OK,MONITORING,True,24.0,,,,,,,2026-10-07 17:07:08.482000+00:00,0.0,0.0,,24.0,0.0,0.0,,False,False,False,False,False,False,24.0,0.0,NORMAL,False,False,,False,False,False,False,False,False,False,False,NORMAL
2026-10-07 17:07:08.486096+00:00,,guardian_state,True,0.97,rear_center,24.0,OK,MONITORING,True,24.0,,,,,,,2026-10-07 17:07:08.486096+00:00,0.0,0.0,,24.0,0.0,0.0,,False,False,False,False,False,False,24.0,0.0,NORMAL,False,False,,False,False,False,False,False,False,False,False,NORMAL
2026-10-07 17:07:10.486949+00:00,1791392830484.0,temperature,True,0.97,rear_center,24.0,OK,MONITORING,True,24.0,,,,,,,2026-10-07 17:07:10.484000+00:00,0.0,0.0,,24.0,0.0,0.0,,False,False,False,False,False,False,24.0,0.0,NORMAL,False,False,,False,False,False,False,False,False,False,False,NORMAL
2026-10-07 17:07:10.487770+00:00,,guardian_state,True,0.97,rear_center,24.0,OK,MONITORING,True,24.0,,,,,,,2026-10-07 17:07:10.487770+00:00,0.0,0.0,,24.0,0.0,0.0,,False,False,False,False,False,False,24.0,0.0,NORMAL,False,False,,False,False,False,False,False,False,False,False,NORMAL
2026-10-07 17:07:12.489273+00:00,1791392832485.0,temperature,True,0.97,rear_center,24.0,OK,MONITORING,True,24.0,,,,,,,2026-10-07 17:07:12.485000+00:00,0.0,0.0,,24.0,0.0,0.0,,False,False,False,False,False,False,24.0,0.0,NORMAL,False,False,,False,False,False,False,False,False,False,False,NORMAL
2026-10-07 17:07:12.491040+00:00,,guardian_state,True,0.97,rear_center,24.0,OK,MONITORING,True,24.0,,,,,,,2026-10-07 17:07:12.491040+00:00,0.0,0.0,,24.0,0.0,0.0,,False,False,False,False,False,False,24.0,0.0,NORMAL,False,False,,False,False,False,False,False,False,False,False,NORMAL
2026-10-07 17:07:14.494607+00:00,1791392834492.0,temperature,True,0.97,rear_center,24.0,OK,MONITORING,True,24.0,,,,,,,2026-10-07 17:07:14.492000+00:00,0.0,0.0,,24.0,0.0,0.0,,False,False,False,False,False,False,24.0,0.0,NORMAL,False,False,,False,False,False,False,False,False,False,False,NORMAL
2026-10-07 17:07:14.495360+00:00,,guardian_state,True,0.97,rear_center,24.0,OK,MONITORING,True,24.0,,,,,,,2026-10-07 17:07:14.495360+00:00,0.0,0.0,,24.0,0.0,0.0,,False,False,False,False,False,False,24.0,0.0,NORMAL,False,False,,False,False,False,False,False,False,False,False,NORMAL
2026-10-07 17:07:16.497880+00:00,1791392836495.0,temperature,True,0.97,rear_center,24.0,OK,MONITORING,True,24.0,,,,,,,2026-10-07 17:07:16.495000+00:00,0.0,0.0,,24.0,0.0,0.0,,False,False,False,False,False,False,24.0,0.0,NORMAL,False,False,,False,False,False,False,False,False,False,False,NORMAL
2026-10-07 17:07:16.498844+00:00,,guardian_state,True,0.97,rear_center,24.0,OK,MONITORING,True,24.0,,,,,,,2026-10-07 17:07:16.498844+00:00,0.0,0.0,,24.0,0.0,0.0,,False,False,False,False,False,False,24.0,0.0,NORMAL,False,False,,False,False,False,False,False,False,False,False,NORMAL
2026-10-07 17:07:18.500907+00:00,1791392838498.0,temperature,True,0.97,rear_center,24.0,OK,MONITORING,True,24.0,,,,,,,2026-10-07 17:07:18.498000+00:00,0.0,0.0,,24.0,0.0,0.0,,False,False,False,False,False,False,24.0,0.0,NORMAL,False,False,,False,False,False,False,False,False,False,False,NORMAL
2026-10-07 17:07:18.501530+00:00,,guardian_state,True,0.97,rear_center,24.0,OK,MONITORING,True,24.0,,,,,,,2026-10-07 17:07:18.501530+00:00,0.0,0.0,,24.0,0.0,0.0,,False,False,False,False,False,False,24.0,0.0,NORMAL,False,False,,False,False,False,False,False,False,False,False,NORMAL
2026-10-07 17:07:19.770126+00:00,1791392839767.0,child_presence,True,0.97,rear_center,24.0,OK,MONITORING,True,24.0,,,,,,,2026-10-07 17:07:19.767000+00:00,0.0,0.0,,24.0,0.0,0.0,,False,False,False,False,False,False,24.0,0.0,NORMAL,False,False,,False,False,False,False,False,False,False,False,NORMAL
2026-10-07 17:07:19.770826+00:00,,guardian_state,True,0.97,rear_center,24.0,OK,MONITORING,True,24.0,,,,,,,2026-10-07 17:07:19.770826+00:00,0.0,0.0,,24.0,0.0,0.0,,False,False,False,False,False,False,24.0,0.0,NORMAL,False,False,,False,False,False,False,False,False,False,False,NORMAL
2026-10-07 17:07:20.505172+00:00,1791392840502.0,temperature,True,0.97,rear_center,24.0,OK,MONITORING,True,24.0,,,,,,,2026-10-07 17:07:20.502000+00:00,0.0,0.0,,24.0,0.0,0.0,,False,False,False,False,False,False,24.0,0.0,NORMAL,False,False,,False,False,False,False,False,False,False,False,NORMAL
2026-10-07 17:07:20.505914+00:00,,guardian_state,True,0.97,rear_center,24.0,OK,MONITORING,True,24.0,,,,,,,2026-10-07 17:07:20.505914+00:00,0.0,0.0,,24.0,0.0,0.0,,False,False,False,False,False,False,24.0,0.0,NORMAL,False,False,,False,False,False,False,False,False,False,False,NORMAL
2026-10-07 17:07:22.510242+00:00,1791392842505.0,temperature,True,0.97,rear_center,24.0,OK,MONITORING,True,24.0,,,,,,,2026-10-07 17:07:22.505000+00:00,0.0,0.0,,24.0,0.0,0.0,,False,False,False,False,False,False,24.0,0.0,NORMAL,False,False,,False,False,False,False,False,False,False,False,NORMAL
2026-10-07 17:07:22.511051+00:00,,guardian_state,True,0.97,rear_center,24.0,OK,MONITORING,True,24.0,,,,,,,2026-10-07 17:07:22.511051+00:00,0.0,0.0,,24.0,0.0,0.0,,False,False,False,False,False,False,24.0,0.0,NORMAL,False,False,,False,False,False,False,False,False,False,False,NORMAL
2026-10-07 17:07:24.514934+00:00,1791392844512.0,temperature,True,0.97,rear_center,24.0,OK,MONITORING,True,24.0,,,,,,,2026-10-07 17:07:24.512000+00:00,0.0,0.0,,24.0,0.0,0.0,,False,False,False,False,False,False,24.0,0.0,NORMAL,False,False,,False,False,False,False,False,False,False,False,NORMAL
2026-10-07 17:07:24.516032+00:00,,guardian_state,True,0.97,rear_center,24.0,OK,MONITORING,True,24.0,,,,,,,2026-10-07 17:07:24.516032+00:00,0.0,0.0,,24.0,0.0,0.0,,False,False,False,False,False,False,24.0,0.0,NORMAL,False,False,,False,False,False,False,False,False,False,False,NORMAL
2026-10-07 17:07:26.520133+00:00,1791392846517.0,temperature,True,0.97,rear_center,24.0,OK,MONITORING,True,24.0,,,,,,,2026-10-07 17:07:26.517000+00:00,0.0,0.0,,24.0,0.0,0.0,,False,False,False,False,False,False,24.0,0.0,NORMAL,False,False,,False,False,False,False,False,False,False,False,NORMAL
2026-10-07 17:07:26.520928+00:00,,guardian_state,True,0.97,rear_center,24.0,OK,MONITORING,True,24.0,,,,,,,2026-10-07 17:07:26.520928+00:00,0.0,0.0,,24.0,0.0,0.0,,False,False,False,False,False,False,24.0,0.0,NORMAL,False,False,,False,False,False,False,False,False,False,False,NORMAL
2026-10-07 17:07:28.521866+00:00,1791392848518.0,temperature,True,0.97,rear_center,24.0,OK,MONITORING,True,24.0,,,,,,,2026-10-07 17:07:28.518000+00:00,0.0,0.0,,24.0,0.0,0.0,,False,False,False,False,False,False,24.0,0.0,NORMAL,False,False,,False,False,False,False,False,False,False,False,NORMAL
2026-10-07 17:07:28.522488+00:00,,guardian_state,True,0.97,rear_center,24.0,OK,MONITORING,True,24.0,,,,,,,2026-10-07 17:07:28.522488+00:00,0.0,0.0,,24.0,0.0,0.0,,False,False,False,False,False,False,24.0,0.0,NORMAL,False,False,,False,False,False,False,False,False,False,False,NORMAL
2026-10-07 17:07:30.528154+00:00,1791392850525.0,temperature,True,0.97,rear_center,24.0,OK,MONITORING,True,24.0,,,,,,,2026-10-07 17:07:30.525000+00:00,0.0,0.0,,24.0,0.0,0.0,,False,False,False,False,False,False,24.0,0.0,NORMAL,False,False,,False,False,False,False,False,False,False,False,NORMAL
2026-10-07 17:07:30.528895+00:00,,guardian_state,True,0.97,rear_center,24.0,OK,MONITORING,True,24.0,,,,,,,2026-10-07 17:07:30.528895+00:00,0.0,0.0,,24.0,0.0,0.0,,False,False,False,False,False,False,24.0,0.0,NORMAL,False,False,,False,False,False,False,False,False,False,False,NORMAL
2026-10-07 17:07:31.771720+00:00,1791392851769.0,child_presence,True,0.97,rear_center,24.0,OK,MONITORING,True,24.0,,,,,,,2026-10-07 17:07:31.769000+00:00,0.0,0.0,,24.0,0.0,0.0,,False,False,False,False,False,False,24.0,0.0,NORMAL,False,False,,False,False,False,False,False,False,False,False,NORMAL
2026-10-07 17:07:31.772151+00:00,,guardian_state,True,0.97,rear_center,24.0,OK,MONITORING,True,24.0,,,,,,,2026-10-07 17:07:31.772151+00:00,0.0,0.0,,24.0,0.0,0.0,,False,False,False,False,False,False,24.0,0.0,NORMAL,False,False,,False,False,False,False,False,False,False,False,NORMAL
2026-10-07 17:07:32.529180+00:00,1791392852526.0,temperature,True,0.97,rear_center,24.0,OK,MONITORING,True,24.0,,,,,,,2026-10-07 17:07:32.526000+00:00,0.0,0.0,,24.0,0.0,0.0,,False,False,False,False,False,False,24.0,0.0,NORMAL,False,False,,False,False,False,False,False,False,False,False,NORMAL
2026-10-07 17:07:32.529699+00:00,,guardian_state,True,0.97,rear_center,24.0,OK,MONITORING,True,24.0,,,,,,,2026-10-07 17:07:32.529699+00:00,0.0,0.0,,24.0,0.0,0.0,,False,False,False,False,False,False,24.0,0.0,NORMAL,False,False,,False,False,False,False,False,False,False,False,NORMAL
2026-10-07 17:07:34.535802+00:00,1791392854533.0,temperature,True,0.97,rear_center,24.0,OK,MONITORING,True,24.0,,,,,,,2026-10-07 17:07:34.533000+00:00,0.0,0.0,,24.0,0.0,0.0,,False,False,False,False,False,False,24.0,0.0,NORMAL,False,False,,False,False,False,False,False,False,False,False,NORMAL
2026-10-07 17:07:34.536555+00:00,,guardian_state,True,0.97,rear_center,24.0,OK,MONITORING,True,24.0,,,,,,,2026-10-07 17:07:34.536555+00:00,0.0,0.0,,24.0,0.0,0.0,,False,False,False,False,False,False,24.0,0.0,NORMAL,False,False,,False,False,False,False,False,False,False,False,NORMAL
2026-10-07 17:07:36.538549+00:00,1791392856535.0,temperature,True,0.97,rear_center,24.0,OK,MONITORING,True,24.0,,,,,,,2026-10-07 17:07:36.535000+00:00,0.0,0.0,,24.0,0.0,0.0,,False,False,False,False,False,False,24.0,0.0,NORMAL,False,False,,False,False,False,False,False,False,False,False,NORMAL
2026-10-07 17:07:36.539521+00:00,,guardian_state,True,0.97,rear_center,24.0,OK,MONITORING,True,24.0,,,,,,,2026-10-07 17:07:36.539521+00:00,0.0,0.0,,24.0,0.0,0.0,,False,False,False,False,False,False,24.0,0.0,NORMAL,False,False,,False,False,False,False,False,False,False,False,NORMAL
2026-10-07 17:07:38.540906+00:00,1791392858537.0,temperature,True,0.97,rear_center,24.0,OK,MONITORING,True,24.0,,,,,,,2026-10-07 17:07:38.537000+00:00,0.0,0.0,,24.0,0.0,0.0,,False,False,False,False,False,False,24.0,0.0,NORMAL,False,False,,False,False,False,False,False,False,False,False,NORMAL
2026-10-07 17:07:38.541777+00:00,,guardian_state,True,0.97,rear_center,24.0,OK,MONITORING,True,24.0,,,,,,,2026-10-07 17:07:38.541777+00:00,0.0,0.0,,24.0,0.0,0.0,,False,False,False,False,False,False,24.0,0.0,NORMAL,False,False,,False,False,False,False,False,False,False,False,NORMAL
2026-10-07 17:07:40.545023+00:00,1791392860542.0,temperature,True,0.97,rear_center,24.0,OK,MONITORING,True,24.0,,,,,,,2026-10-07 17:07:40.542000+00:00,0.0,0.0,,24.0,0.0,0.0,,False,False,False,False,False,False,24.0,0.0,NORMAL,False,False,,False,False,False,False,False,False,False,False,NORMAL
2026-10-07 17:07:40.545756+00:00,,guardian_state,True,0.97,rear_center,24.0,OK,MONITORING,True,24.0,,,,,,,2026-10-07 17:07:40.545756+00:00,0.0,0.0,,24.0,0.0,0.0,,False,False,False,False,False,False,24.0,0.0,NORMAL,False,False,,False,False,False,False,False,False,False,False,NORMAL
2026-10-07 17:07:42.546159+00:00,1791392862544.0,temperature,True,0.97,rear_center,24.0,OK,MONITORING,True,24.0,,,,,,,2026-10-07 17:07:42.544000+00:00,0.0,0.0,,24.0,0.0,0.0,,False,False,False,False,False,False,24.0,0.0,NORMAL,False,False,,False,False,False,False,False,False,False,False,NORMAL
2026-10-07 17:07:42.546600+00:00,,guardian_state,True,0.97,rear_center,24.0,OK,MONITORING,True,24.0,,,,,,,2026-10-07 17:07:42.546600+00:00,0.0,0.0,,24.0,0.0,0.0,,False,False,False,False,False,False,24.0,0.0,NORMAL,False,False,,False,False,False,False,False,False,False,False,NORMAL
2026-10-07 17:07:43.774263+00:00,1791392863771.0,child_presence,True,0.97,rear_center,24.0,OK,MONITORING,True,24.0,,,,,,,2026-10-07 17:07:43.771000+00:00,0.0,0.0,,24.0,0.0,0.0,,False,False,False,False,False,False,24.0,0.0,NORMAL,False,False,,False,False,False,False,False,False,False,False,NORMAL
2026-10-07 17:07:43.774682+00:00,,guardian_state,True,0.97,rear_center,24.0,OK,MONITORING,True,24.0,,,,,,,2026-10-07 17:07:43.774682+00:00,0.0,0.0,,24.0,0.0,0.0,,False,False,False,False,False,False,24.0,0.0,NORMAL,False,False,,False,False,False,False,False,False,False,False,NORMAL
2026-10-07 17:07:44.554610+00:00,1791392864551.0,temperature,True,0.97,rear_center,24.0,OK,MONITORING,True,24.0,,,,,,,2026-10-07 17:07:44.551000+00:00,0.0,0.0,,24.0,0.0,0.0,,False,False,False,False,False,False,24.0,0.0,NORMAL,False,False,,False,False,False,False,False,False,False,False,NORMAL
2026-10-07 17:07:44.555664+00:00,,guardian_state,True,0.97,rear_center,24.0,OK,MONITORING,True,24.0,,,,,,,2026-10-07 17:07:44.555664+00:00,0.0,0.0,,24.0,0.0,0.0,,False,False,False,False,False,False,24.0,0.0,NORMAL,False,False,,False,False,False,False,False,False,False,False,NORMAL
2026-10-07 17:07:46.559982+00:00,1791392866557.0,temperature,True,0.97,rear_center,24.0,OK,MONITORING,True,24.0,,,,,,,2026-10-07 17:07:46.557000+00:00,0.0,0.0,,24.0,0.0,0.0,,False,False,False,False,False,False,24.0,0.0,NORMAL,False,False,,False,False,False,False,False,False,False,False,NORMAL
2026-10-07 17:07:46.560680+00:00,,guardian_state,True,0.97,rear_center,24.0,OK,MONITORING,True,24.0,,,,,,,2026-10-07 17:07:46.560680+00:00,0.0,0.0,,24.0,0.0,0.0,,False,False,False,False,False,False,24.0,0.0,NORMAL,False,False,,False,False,False,False,False,False,False,False,NORMAL
2026-10-07 17:07:48.563419+00:00,1791392868561.0,temperature,True,0.97,rear_center,24.0,OK,MONITORING,True,24.0,,,,,,,2026-10-07 17:07:48.561000+00:00,0.0,0.0,,24.0,0.0,0.0,,False,False,False,False,False,False,24.0,0.0,NORMAL,False,False,,False,False,False,False,False,False,False,False,NORMAL
2026-10-07 17:07:48.563878+00:00,,guardian_state,True,0.97,rear_center,24.0,OK,MONITORING,True,24.0,,,,,,,2026-10-07 17:07:48.563878+00:00,0.0,0.0,,24.0,0.0,0.0,,False,False,False,False,False,False,24.0,0.0,NORMAL,False,False,,False,False,False,False,False,False,False,False,NORMAL
2026-10-07 17:07:50.567835+00:00,1791392870565.0,temperature,True,0.97,rear_center,24.0,OK,MONITORING,True,24.0,,,,,,,2026-10-07 17:07:50.565000+00:00,0.0,0.0,,24.0,0.0,0.0,,False,False,False,False,False,False,24.0,0.0,NORMAL,False,False,,False,False,False,False,False,False,False,False,NORMAL
2026-10-07 17:07:50.568319+00:00,,guardian_state,True,0.97,rear_center,24.0,OK,MONITORING,True,24.0,,,,,,,2026-10-07 17:07:50.568319+00:00,0.0,0.0,,24.0,0.0,0.0,,False,False,False,False,False,False,24.0,0.0,NORMAL,False,False,,False,False,False,False,False,False,False,False,NORMAL
2026-10-07 17:07:52.568729+00:00,1791392872566.0,temperature,True,0.97,rear_center,24.0,OK,MONITORING,True,24.0,,,,,,,2026-10-07 17:07:52.566000+00:00,0.0,0.0,,24.0,0.0,0.0,,False,False,False,False,False,False,24.0,0.0,NORMAL,False,False,,False,False,False,False,False,False,False,False,NORMAL
2026-10-07 17:07:52.569033+00:00,,guardian_state,True,0.97,rear_center,24.0,OK,MONITORING,True,24.0,,,,,,,2026-10-07 17:07:52.569033+00:00,0.0,0.0,,24.0,0.0,0.0,,False,False,False,False,False,False,24.0,0.0,NORMAL,False,False,,False,False,False,False,False,False,False,False,NORMAL
2026-10-07 17:07:54.571956+00:00,1791392874568.0,temperature,True,0.97,rear_center,24.0,OK,MONITORING,True,24.0,,,,,,,2026-10-07 17:07:54.568000+00:00,0.0,0.0,,24.0,0.0,0.0,,False,False,False,False,False,False,24.0,0.0,NORMAL,False,False,,False,False,False,False,False,False,False,False,NORMAL
2026-10-07 17:07:54.572703+00:00,,guardian_state,True,0.97,rear_center,24.0,OK,MONITORING,True,24.0,,,,,,,2026-10-07 17:07:54.572703+00:00,0.0,0.0,,24.0,0.0,0.0,,False,False,False,False,False,False,24.0,0.0,NORMAL,False,False,,False,False,False,False,False,False,False,False,NORMAL
2026-10-07 17:07:55.776139+00:00,1791392875773.0,child_presence,True,0.97,rear_center,24.0,OK,MONITORING,True,24.0,,,,,,,2026-10-07 17:07:55.773000+00:00,0.0,0.0,,24.0,0.0,0.0,,False,False,False,False,False,False,24.0,0.0,NORMAL,False,False,,False,False,False,False,False,False,False,False,NORMAL
2026-10-07 17:07:55.776507+00:00,,guardian_state,True,0.97,rear_center,24.0,OK,MONITORING,True,24.0,,,,,,,2026-10-07 17:07:55.776507+00:00,0.0,0.0,,24.0,0.0,0.0,,False,False,False,False,False,False,24.0,0.0,NORMAL,False,False,,False,False,False,False,False,False,False,False,NORMAL
2026-10-07 17:07:56.575729+00:00,1791392876573.0,temperature,True,0.97,rear_center,24.0,OK,MONITORING,True,24.0,,,,,,,2026-10-07 17:07:56.573000+00:00,0.0,0.0,,24.0,0.0,0.0,,False,False,False,False,False,False,24.0,0.0,NORMAL,False,False,,False,False,False,False,False,False,False,False,NORMAL
2026-10-07 17:07:56.576287+00:00,,guardian_state,True,0.97,rear_center,24.0,OK,MONITORING,True,24.0,,,,,,,2026-10-07 17:07:56.576287+00:00,0.0,0.0,,24.0,0.0,0.0,,False,False,False,False,False,False,24.0,0.0,NORMAL,False,False,,False,False,False,False,False,False,False,False,NORMAL
2026-10-07 17:07:58.578477+00:00,1791392878576.0,temperature,True,0.97,rear_center,24.0,OK,MONITORING,True,24.0,,,,,,,2026-10-07 17:07:58.576000+00:00,0.0,0.0,,24.0,0.0,0.0,,False,False,False,False,False,False,24.0,0.0,NORMAL,False,False,,False,False,False,False,False,False,False,False,NORMAL
2026-10-07 17:07:58.578981+00:00,,guardian_state,True,0.97,rear_center,24.0,OK,MONITORING,True,24.0,,,,,,,2026-10-07 17:07:58.578981+00:00,0.0,0.0,,24.0,0.0,0.0,,False,False,False,False,False,False,24.0,0.0,NORMAL,False,False,,False,False,False,False,False,False,False,False,NORMAL
2026-10-07 17:08:00.598426+00:00,1791392880581.0,temperature,True,0.97,rear_center,24.0,OK,MONITORING,True,24.0,,,,,,,2026-10-07 17:08:00.581000+00:00,0.0,0.0,,24.0,0.0,0.0,,False,False,False,False,False,False,24.0,0.0,NORMAL,False,False,,False,False,False,False,False,False,False,False,NORMAL
2026-10-07 17:08:00.605158+00:00,,guardian_state,True,0.97,rear_center,24.0,OK,MONITORING,True,24.0,,,,,,,2026-10-07 17:08:00.605158+00:00,0.0,0.0,,24.0,0.0,0.0,,False,False,False,False,False,False,24.0,0.0,NORMAL,False,False,,False,False,False,False,False,False,False,False,NORMAL
2026-10-07 17:08:02.585351+00:00,1791392882583.0,temperature,True,0.97,rear_center,24.0,OK,MONITORING,True,24.0,,,,,,,2026-10-07 17:08:02.583000+00:00,0.0,0.0,,24.0,0.0,0.0,,False,False,False,False,False,False,24.0,0.0,NORMAL,False,False,,False,False,False,False,False,False,False,False,NORMAL
2026-10-07 17:08:02.585758+00:00,,guardian_state,True,0.97,rear_center,24.0,OK,MONITORING,True,24.0,,,,,,,2026-10-07 17:08:02.585758+00:00,0.0,0.0,,24.0,0.0,0.0,,False,False,False,False,False,False,24.0,0.0,NORMAL,False,False,,False,False,False,False,False,False,False,False,NORMAL
2026-10-07 17:08:04.588310+00:00,1791392884585.0,temperature,True,0.97,rear_center,24.0,OK,MONITORING,True,24.0,,,,,,,2026-10-07 17:08:04.585000+00:00,0.0,0.0,,24.0,0.0,0.0,,False,False,False,False,False,False,24.0,0.0,NORMAL,False,False,,False,False,False,False,False,False,False,False,NORMAL
2026-10-07 17:08:04.588974+00:00,,guardian_state,True,0.97,rear_center,24.0,OK,MONITORING,True,24.0,,,,,,,2026-10-07 17:08:04.588974+00:00,0.0,0.0,,24.0,0.0,0.0,,False,False,False,False,False,False,24.0,0.0,NORMAL,False,False,,False,False,False,False,False,False,False,False,NORMAL
2026-10-07 17:08:06.594898+00:00,1791392886592.0,temperature,True,0.97,rear_center,24.0,OK,MONITORING,True,24.0,,,,,,,2026-10-07 17:08:06.592000+00:00,0.0,0.0,,24.0,0.0,0.0,,False,False,False,False,False,False,24.0,0.0,NORMAL,False,False,,False,False,False,False,False,False,False,False,NORMAL
2026-10-07 17:08:06.595754+00:00,,guardian_state,True,0.97,rear_center,24.0,OK,MONITORING,True,24.0,,,,,,,2026-10-07 17:08:06.595754+00:00,0.0,0.0,,24.0,0.0,0.0,,False,False,False,False,False,False,24.0,0.0,NORMAL,False,False,,False,False,False,False,False,False,False,False,NORMAL
2026-10-07 17:08:07.777739+00:00,1791392887775.0,child_presence,True,0.97,rear_center,24.0,OK,MONITORING,True,24.0,,,,,,,2026-10-07 17:08:07.775000+00:00,0.0,0.0,,24.0,0.0,0.0,,False,False,False,False,False,False,24.0,0.0,NORMAL,False,False,,False,False,False,False,False,False,False,False,NORMAL
2026-10-07 17:08:07.778140+00:00,,guardian_state,True,0.97,rear_center,24.0,OK,MONITORING,True,24.0,,,,,,,2026-10-07 17:08:07.778140+00:00,0.0,0.0,,24.0,0.0,0.0,,False,False,False,False,False,False,24.0,0.0,NORMAL,False,False,,False,False,False,False,False,False,False,False,NORMAL
2026-10-07 17:08:08.599518+00:00,1791392888596.0,temperature,True,0.97,rear_center,24.0,OK,MONITORING,True,24.0,,,,,,,2026-10-07 17:08:08.596000+00:00,0.0,0.0,,24.0,0.0,0.0,,False,False,False,False,False,False,24.0,0.0,NORMAL,False,False,,False,False,False,False,False,False,False,False,NORMAL
2026-10-07 17:08:08.600701+00:00,,guardian_state,True,0.97,rear_center,24.0,OK,MONITORING,True,24.0,,,,,,,2026-10-07 17:08:08.600701+00:00,0.0,0.0,,24.0,0.0,0.0,,False,False,False,False,False,False,24.0,0.0,NORMAL,False,False,,False,False,False,False,False,False,False,False,NORMAL
2026-10-07 17:08:10.603050+00:00,1791392890600.0,temperature,True,0.97,rear_center,24.0,OK,MONITORING,True,24.0,,,,,,,2026-10-07 17:08:10.600000+00:00,0.0,0.0,,24.0,0.0,0.0,,False,False,False,False,False,False,24.0,0.0,NORMAL,False,False,,False,False,False,False,False,False,False,False,NORMAL
2026-10-07 17:08:10.603671+00:00,,guardian_state,True,0.97,rear_center,24.0,OK,MONITORING,True,24.0,,,,,,,2026-10-07 17:08:10.603671+00:00,0.0,0.0,,24.0,0.0,0.0,,False,False,False,False,False,False,24.0,0.0,NORMAL,False,False,,False,False,False,False,False,False,False,False,NORMAL
2026-10-07 17:08:12.603580+00:00,1791392892602.0,temperature,True,0.97,rear_center,24.0,OK,MONITORING,True,24.0,,,,,,,2026-10-07 17:08:12.602000+00:00,0.0,0.0,,24.0,0.0,0.0,,False,False,False,False,False,False,24.0,0.0,NORMAL,False,False,,False,False,False,False,False,False,False,False,NORMAL
2026-10-07 17:08:12.603872+00:00,,guardian_state,True,0.97,rear_center,24.0,OK,MONITORING,True,24.0,,,,,,,2026-10-07 17:08:12.603872+00:00,0.0,0.0,,24.0,0.0,0.0,,False,False,False,False,False,False,24.0,0.0,NORMAL,False,False,,False,False,False,False,False,False,False,False,NORMAL
2026-10-07 17:08:14.604972+00:00,1791392894603.0,temperature,True,0.97,rear_center,24.0,OK,MONITORING,True,24.0,,,,,,,2026-10-07 17:08:14.603000+00:00,0.0,0.0,,24.0,0.0,0.0,,False,False,False,False,False,False,24.0,0.0,NORMAL,False,False,,False,False,False,False,False,False,False,False,NORMAL
2026-10-07 17:08:14.605502+00:00,,guardian_state,True,0.97,rear_center,24.0,OK,MONITORING,True,24.0,,,,,,,2026-10-07 17:08:14.605502+00:00,0.0,0.0,,24.0,0.0,0.0,,False,False,False,False,False,False,24.0,0.0,NORMAL,False,False,,False,False,False,False,False,False,False,False,NORMAL
2026-10-07 17:08:16.611065+00:00,1791392896608.0,temperature,True,0.97,rear_center,24.0,OK,MONITORING,True,24.0,,,,,,,2026-10-07 17:08:16.608000+00:00,0.0,0.0,,24.0,0.0,0.0,,False,False,False,False,False,False,24.0,0.0,NORMAL,False,False,,False,False,False,False,False,False,False,False,NORMAL
2026-10-07 17:08:16.612366+00:00,,guardian_state,True,0.97,rear_center,24.0,OK,MONITORING,True,24.0,,,,,,,2026-10-07 17:08:16.612366+00:00,0.0,0.0,,24.0,0.0,0.0,,False,False,False,False,False,False,24.0,0.0,NORMAL,False,False,,False,False,False,False,False,False,False,False,NORMAL
2026-10-07 17:08:18.616662+00:00,1791392898613.0,temperature,True,0.97,rear_center,24.0,OK,MONITORING,True,24.0,,,,,,,2026-10-07 17:08:18.613000+00:00,0.0,0.0,,24.0,0.0,0.0,,False,False,False,False,False,False,24.0,0.0,NORMAL,False,False,,False,False,False,False,False,False,False,False,NORMAL
2026-10-07 17:08:18.617247+00:00,,guardian_state,True,0.97,rear_center,24.0,OK,MONITORING,True,24.0,,,,,,,2026-10-07 17:08:18.617247+00:00,0.0,0.0,,24.0,0.0,0.0,,False,False,False,False,False,False,24.0,0.0,NORMAL,False,False,,False,False,False,False,False,False,False,False,NORMAL
2026-10-07 17:08:19.780817+00:00,1791392899778.0,child_presence,True,0.97,rear_center,24.0,OK,MONITORING,True,24.0,,,,,,,2026-10-07 17:08:19.778000+00:00,0.0,0.0,,24.0,0.0,0.0,,False,False,False,False,False,False,24.0,0.0,NORMAL,False,False,,False,False,False,False,False,False,False,False,NORMAL
2026-10-07 17:08:19.781705+00:00,,guardian_state,True,0.97,rear_center,24.0,OK,MONITORING,True,24.0,,,,,,,2026-10-07 17:08:19.781705+00:00,0.0,0.0,,24.0,0.0,0.0,,False,False,False,False,False,False,24.0,0.0,NORMAL,False,False,,False,False,False,False,False,False,False,False,NORMAL
2026-10-07 17:08:20.617437+00:00,1791392900614.0,temperature,True,0.97,rear_center,24.0,OK,MONITORING,True,24.0,,,,,,,2026-10-07 17:08:20.614000+00:00,0.0,0.0,,24.0,0.0,0.0,,False,False,False,False,False,False,24.0,0.0,NORMAL,False,False,,False,False,False,False,False,False,False,False,NORMAL
2026-10-07 17:08:20.618309+00:00,,guardian_state,True,0.97,rear_center,24.0,OK,MONITORING,True,24.0,,,,,,,2026-10-07 17:08:20.618309+00:00,0.0,0.0,,24.0,0.0,0.0,,False,False,False,False,False,False,24.0,0.0,NORMAL,False,False,,False,False,False,False,False,False,False,False,NORMAL
2026-10-07 17:08:22.618571+00:00,1791392902616.0,temperature,True,0.97,rear_center,24.0,OK,MONITORING,True,24.0,,,,,,,2026-10-07 17:08:22.616000+00:00,0.0,0.0,,24.0,0.0,0.0,,False,False,False,False,False,False,24.0,0.0,NORMAL,False,False,,False,False,False,False,False,False,False,False,NORMAL
2026-10-07 17:08:22.619038+00:00,,guardian_state,True,0.97,rear_center,24.0,OK,MONITORING,True,24.0,,,,,,,2026-10-07 17:08:22.619038+00:00,0.0,0.0,,24.0,0.0,0.0,,False,False,False,False,False,False,24.0,0.0,NORMAL,False,False,,False,False,False,False,False,False,False,False,NORMAL
2026-10-07 17:08:24.620256+00:00,1791392904618.0,temperature,True,0.97,rear_center,24.0,OK,MONITORING,True,24.0,,,,,,,2026-10-07 17:08:24.618000+00:00,0.0,0.0,,24.0,0.0,0.0,,False,False,False,False,False,False,,,,False,False,,False,False,False,False,False,False,False,False,NORMAL
2026-10-07 17:08:24.620699+00:00,,guardian_state,True,0.97,rear_center,24.0,OK,MONITORING,True,24.0,,,,,,,2026-10-07 17:08:24.620699+00:00,0.0,0.0,,24.0,0.0,0.0,,False,False,False,False,False,False,,,,False,False,,False,False,False,False,False,False,False,False,NORMAL
2026-10-07 17:08:26.623319+00:00,1791392906619.0,temperature,True,0.97,rear_center,24.0,OK,MONITORING,True,24.0,,,,,,,2026-10-07 17:08:26.619000+00:00,0.0,0.0,,24.0,0.0,0.0,,False,False,False,False,False,False,,,,False,False,,False,False,False,False,False,False,False,False,NORMAL
2026-10-07 17:08:26.624148+00:00,,guardian_state,True,0.97,rear_center,24.0,OK,MONITORING,True,24.0,,,,,,,2026-10-07 17:08:26.624148+00:00,0.0,0.0,,24.0,0.0,0.0,,False,False,False,False,False,False,,,,False,False,,False,False,False,False,False,False,False,False,NORMAL
2026-10-07 17:08:28.623885+00:00,1791392908621.0,temperature,True,0.97,rear_center,24.0,OK,MONITORING,True,24.0,,,,,,,2026-10-07 17:08:28.621000+00:00,0.0,0.0,,24.0,0.0,0.0,,False,False,False,False,False,False,,,,False,False,,False,False,False,False,False,False,False,False,NORMAL
2026-10-07 17:08:28.624431+00:00,,guardian_state,True,0.97,rear_center,24.0,OK,MONITORING,True,24.0,,,,,,,2026-10-07 17:08:28.624431+00:00,0.0,0.0,,24.0,0.0,0.0,,False,False,False,False,False,False,,,,False,False,,False,False,False,False,False,False,False,False,NORMAL
2026-10-07 17:08:30.626714+00:00,1791392910623.0,temperature,True,0.97,rear_center,24.0,OK,MONITORING,True,24.0,,,,,,,2026-10-07 17:08:30.623000+00:00,0.0,0.0,,24.0,0.0,0.0,,False,False,False,False,False,False,,,,False,False,,False,False,False,False,False,False,False,False,NORMAL
2026-10-07 17:08:30.627270+00:00,,guardian_state,True,0.97,rear_center,24.0,OK,MONITORING,True,24.0,,,,,,,2026-10-07 17:08:30.627270+00:00,0.0,0.0,,24.0,0.0,0.0,,False,False,False,False,False,False,,,,False,False,,False,False,False,False,False,False,False,False,NORMAL
2026-10-07 17:08:31.783473+00:00,1791392911780.0,child_presence,True,0.97,rear_center,24.0,OK,MONITORING,True,24.0,,,,,,,2026-10-07 17:08:31.780000+00:00,0.0,0.0,,24.0,0.0,0.0,,False,False,False,False,False,False,,,,False,False,,False,False,False,False,False,False,False,False,NORMAL
2026-10-07 17:08:31.783854+00:00,,guardian_state,True,0.97,rear_center,24.0,OK,MONITORING,True,24.0,,,,,,,2026-10-07 17:08:31.783854+00:00,0.0,0.0,,24.0,0.0,0.0,,False,False,False,False,False,False,,,,False,False,,False,False,False,False,False,False,False,False,NORMAL
2026-10-07 17:08:32.627016+00:00,1791392912625.0,temperature,True,0.97,rear_center,24.0,OK,MONITORING,True,24.0,,,,,,,2026-10-07 17:08:32.625000+00:00,0.0,0.0,,24.0,0.0,0.0,,False,False,False,False,False,False,,,,False,False,,False,False,False,False,False,False,False,False,NORMAL
2026-10-07 17:08:32.627621+00:00,,guardian_state,True,0.97,rear_center,24.0,OK,MONITORING,True,24.0,,,,,,,2026-10-07 17:08:32.627621+00:00,0.0,0.0,,24.0,0.0,0.0,,False,False,False,False,False,False,,,,False,False,,False,False,False,False,False,False,False,False,NORMAL
2026-10-07 17:08:34.628569+00:00,1791392914626.0,temperature,True,0.97,rear_center,24.0,OK,MONITORING,True,24.0,,,,,,,2026-10-07 17:08:34.626000+00:00,0.0,0.0,,24.0,0.0,0.0,,False,False,False,False,False,False,,,,False,False,,False,False,False,False,False,False,False,False,NORMAL
2026-10-07 17:08:34.629044+00:00,,guardian_state,True,0.97,rear_center,24.0,OK,MONITORING,True,24.0,,,,,,,2026-10-07 17:08:34.629044+00:00,0.0,0.0,,24.0,0.0,0.0,,False,False,False,False,False,False,,,,False,False,,False,False,False,False,False,False,False,False,NORMAL
2026-10-07 17:08:36.632103+00:00,1791392916630.0,temperature,True,0.97,rear_center,24.0,OK,MONITORING,True,24.0,,,,,,,2026-10-07 17:08:36.630000+00:00,0.0,0.0,,24.0,0.0,0.0,,False,False,False,False,False,False,,,,False,False,,False,False,False,False,False,False,False,False,NORMAL
2026-10-07 17:08:36.634741+00:00,,guardian_state,True,0.97,rear_center,24.0,OK,MONITORING,True,24.0,,,,,,,2026-10-07 17:08:36.634741+00:00,0.0,0.0,,24.0,0.0,0.0,,False,False,False,False,False,False,,,,False,False,,False,False,False,False,False,False,False,False,NORMAL
2026-10-07 17:08:38.633655+00:00,1791392918631.0,temperature,True,0.97,rear_center,24.0,OK,MONITORING,True,24.0,,,,,,,2026-10-07 17:08:38.631000+00:00,0.0,0.0,,24.0,0.0,0.0,,False,False,False,False,False,False,,,,False,False,,False,False,False,False,False,False,False,False,NORMAL
2026-10-07 17:08:38.634361+00:00,,guardian_state,True,0.97,rear_center,24.0,OK,MONITORING,True,24.0,,,,,,,2026-10-07 17:08:38.634361+00:00,0.0,0.0,,24.0,0.0,0.0,,False,False,False,False,False,False,,,,False,False,,False,False,False,False,False,False,False,False,NORMAL
2026-10-07 17:08:40.636249+00:00,1791392920633.0,temperature,True,0.97,rear_center,24.0,OK,MONITORING,True,24.0,,,,,,,2026-10-07 17:08:40.633000+00:00,0.0,0.0,,24.0,0.0,0.0,,False,False,False,False,False,False,,,,False,False,,False,False,False,False,False,False,False,False,NORMAL
2026-10-07 17:08:40.637168+00:00,,guardian_state,True,0.97,rear_center,24.0,OK,MONITORING,True,24.0,,,,,,,2026-10-07 17:08:40.637168+00:00,0.0,0.0,,24.0,0.0,0.0,,False,False,False,False,False,False,,,,False,False,,False,False,False,False,False,False,False,False,NORMAL
2026-10-07 17:08:42.638158+00:00,1791392922636.0,temperature,True,0.97,rear_center,24.0,OK,MONITORING,True,24.0,,,,,,,2026-10-07 17:08:42.636000+00:00,0.0,0.0,,24.0,0.0,0.0,,False,False,False,False,False,False,,,,False,False,,False,False,False,False,False,False,False,False,NORMAL
2026-10-07 17:08:42.638452+00:00,,guardian_state,True,0.97,rear_center,24.0,OK,MONITORING,True,24.0,,,,,,,2026-10-07 17:08:42.638452+00:00,0.0,0.0,,24.0,0.0,0.0,,False,False,False,False,False,False,,,,False,False,,False,False,False,False,False,False,False,False,NORMAL
2026-10-07 17:08:43.786400+00:00,1791392923783.0,child_presence,True,0.97,rear_center,24.0,OK,MONITORING,True,24.0,,,,,,,2026-10-07 17:08:43.783000+00:00,0.0,0.0,,24.0,0.0,0.0,,False,False,False,False,False,False,,,,False,False,,False,False,False,False,False,False,False,False,NORMAL
2026-10-07 17:08:43.787456+00:00,,guardian_state,True,0.97,rear_center,24.0,OK,MONITORING,True,24.0,,,,,,,2026-10-07 17:08:43.787456+00:00,0.0,0.0,,24.0,0.0,0.0,,False,False,False,False,False,False,,,,False,False,,False,False,False,False,False,False,False,False,NORMAL
2026-10-07 17:08:44.642800+00:00,1791392924640.0,temperature,True,0.97,rear_center,24.0,OK,MONITORING,True,24.0,,,,,,,2026-10-07 17:08:44.640000+00:00,0.0,0.0,,24.0,0.0,0.0,,False,False,False,False,False,False,,,,False,False,,False,False,False,False,False,False,False,False,NORMAL
2026-10-07 17:08:44.643459+00:00,,guardian_state,True,0.97,rear_center,24.0,OK,MONITORING,True,24.0,,,,,,,2026-10-07 17:08:44.643459+00:00,0.0,0.0,,24.0,0.0,0.0,,False,False,False,False,False,False,,,,False,False,,False,False,False,False,False,False,False,False,NORMAL
2026-10-07 17:08:46.644886+00:00,1791392926642.0,temperature,True,0.97,rear_center,24.0,OK,MONITORING,True,24.0,,,,,,,2026-10-07 17:08:46.642000+00:00,0.0,0.0,,24.0,0.0,0.0,,False,False,False,False,False,False,,,,False,False,,False,False,False,False,False,False,False,False,NORMAL
2026-10-07 17:08:46.645772+00:00,,guardian_state,True,0.97,rear_center,24.0,OK,MONITORING,True,24.0,,,,,,,2026-10-07 17:08:46.645772+00:00,0.0,0.0,,24.0,0.0,0.0,,False,False,False,False,False,False,,,,False,False,,False,False,False,False,False,False,False,False,NORMAL
2026-10-07 17:08:48.647158+00:00,1791392928644.0,temperature,True,0.97,rear_center,24.0,OK,MONITORING,True,24.0,,,,,,,2026-10-07 17:08:48.644000+00:00,0.0,0.0,,24.0,0.0,0.0,,False,False,False,False,False,False,,,,False,False,,False,False,False,False,False,False,False,False,NORMAL
2026-10-07 17:08:48.647922+00:00,,guardian_state,True,0.97,rear_center,24.0,OK,MONITORING,True,24.0,,,,,,,2026-10-07 17:08:48.647922+00:00,0.0,0.0,,24.0,0.0,0.0,,False,False,False,False,False,False,,,,False,False,,False,False,False,False,False,False,False,False,NORMAL
2026-10-07 17:08:50.650229+00:00,1791392930647.0,temperature,True,0.97,rear_center,24.0,OK,MONITORING,True,24.0,,,,,,,2026-10-07 17:08:50.647000+00:00,0.0,0.0,,24.0,0.0,0.0,,False,False,False,False,False,False,,,,False,False,,False,False,False,False,False,False,False,False,NORMAL
2026-10-07 17:08:50.651208+00:00,,guardian_state,True,0.97,rear_center,24.0,OK,MONITORING,True,24.0,,,,,,,2026-10-07 17:08:50.651208+00:00,0.0,0.0,,24.0,0.0,0.0,,False,False,False,False,False,False,,,,False,False,,False,False,False,False,False,False,False,False,NORMAL
2026-10-07 17:08:52.656082+00:00,1791392932654.0,temperature,True,0.97,rear_center,24.0,OK,MONITORING,True,24.0,,,,,,,2026-10-07 17:08:52.654000+00:00,0.0,0.0,,24.0,0.0,0.0,,False,False,False,False,False,False,,,,False,False,,False,False,False,False,False,False,False,False,NORMAL
2026-10-07 17:08:52.656486+00:00,,guardian_state,True,0.97,rear_center,24.0,OK,MONITORING,True,24.0,,,,,,,2026-10-07 17:08:52.656486+00:00,0.0,0.0,,24.0,0.0,0.0,,False,False,False,False,False,False,,,,False,False,,False,False,False,False,False,False,False,False,NORMAL
2026-10-07 17:08:54.658678+00:00,1791392934656.0,temperature,True,0.97,rear_center,24.0,OK,MONITORING,True,24.0,,,,,,,2026-10-07 17:08:54.656000+00:00,0.0,0.0,,24.0,0.0,0.0,,False,False,False,False,False,False,,,,False,False,,False,False,False,False,False,False,False,False,NORMAL
2026-10-07 17:08:54.659371+00:00,,guardian_state,True,0.97,rear_center,24.0,OK,MONITORING,True,24.0,,,,,,,2026-10-07 17:08:54.659371+00:00,0.0,0.0,,24.0,0.0,0.0,,False,False,False,False,False,False,,,,False,False,,False,False,False,False,False,False,False,False,NORMAL
2026-10-07 17:08:55.792162+00:00,1791392935789.0,child_presence,True,0.97,rear_center,24.0,OK,MONITORING,True,24.0,,,,,,,2026-10-07 17:08:55.789000+00:00,0.0,0.0,,24.0,0.0,0.0,,False,False,False,False,False,False,,,,False,False,,False,False,False,False,False,False,False,False,NORMAL
2026-10-07 17:08:55.792974+00:00,,guardian_state,True,0.97,rear_center,24.0,OK,MONITORING,True,24.0,,,,,,,2026-10-07 17:08:55.792974+00:00,0.0,0.0,,24.0,0.0,0.0,,False,False,False,False,False,False,,,,False,False,,False,False,False,False,False,False,False,False,NORMAL
2026-10-07 17:08:56.660935+00:00,1791392936658.0,temperature,True,0.97,rear_center,24.0,OK,MONITORING,True,24.0,,,,,,,2026-10-07 17:08:56.658000+00:00,0.0,0.0,,24.0,0.0,0.0,,False,False,False,False,False,False,,,,False,False,,False,False,False,False,False,False,False,False,NORMAL
2026-10-07 17:08:56.661524+00:00,,guardian_state,True,0.97,rear_center,24.0,OK,MONITORING,True,24.0,,,,,,,2026-10-07 17:08:56.661524+00:00,0.0,0.0,,24.0,0.0,0.0,,False,False,False,False,False,False,,,,False,False,,False,False,False,False,False,False,False,False,NORMAL
2026-10-07 17:08:58.661001+00:00,1791392938659.0,temperature,True,0.97,rear_center,24.0,OK,MONITORING,True,24.0,,,,,,,2026-10-07 17:08:58.659000+00:00,0.0,0.0,,24.0,0.0,0.0,,False,False,False,False,False,False,,,,False,False,,False,False,False,False,False,False,False,False,NORMAL
2026-10-07 17:08:58.661517+00:00,,guardian_state,True,0.97,rear_center,24.0,OK,MONITORING,True,24.0,,,,,,,2026-10-07 17:08:58.661517+00:00,0.0,0.0,,24.0,0.0,0.0,,False,False,False,False,False,False,,,,False,False,,False,False,False,False,False,False,False,False,NORMAL
2026-10-07 17:09:00.668510+00:00,1791392940665.0,temperature,True,0.97,rear_center,24.0,OK,MONITORING,True,24.0,,,,,,,2026-10-07 17:09:00.665000+00:00,0.0,0.0,,24.0,0.0,0.0,,False,False,False,False,False,False,,,,False,False,,False,False,False,False,False,False,False,False,NORMAL
2026-10-07 17:09:00.669438+00:00,,guardian_state,True,0.97,rear_center,24.0,OK,MONITORING,True,24.0,,,,,,,2026-10-07 17:09:00.669438+00:00,0.0,0.0,,24.0,0.0,0.0,,False,False,False,False,False,False,,,,False,False,,False,False,False,False,False,False,False,False,NORMAL
2026-10-07 17:09:02.670682+00:00,1791392942669.0,temperature,True,0.97,rear_center,24.0,OK,MONITORING,True,24.0,,,,,,,2026-10-07 17:09:02.669000+00:00,0.0,0.0,,24.0,0.0,0.0,,False,False,False,False,False,False,,,,False,False,,False,False,False,False,False,False,False,False,NORMAL
2026-10-07 17:09:02.671069+00:00,,guardian_state,True,0.97,rear_center,24.0,OK,MONITORING,True,24.0,,,,,,,2026-10-07 17:09:02.671069+00:00,0.0,0.0,,24.0,0.0,0.0,,False,False,False,False,False,False,,,,False,False,,False,False,False,False,False,False,False,False,NORMAL
2026-10-07 17:09:04.674402+00:00,1791392944671.0,temperature,True,0.97,rear_center,24.0,OK,MONITORING,True,24.0,,,,,,,2026-10-07 17:09:04.671000+00:00,0.0,0.0,,24.0,0.0,0.0,,False,False,False,False,False,False,,,,False,False,,False,False,False,False,False,False,False,False,NORMAL
2026-10-07 17:09:04.675246+00:00,,guardian_state,True,0.97,rear_center,24.0,OK,MONITORING,True,24.0,,,,,,,2026-10-07 17:09:04.675246+00:00,0.0,0.0,,24.0,0.0,0.0,,False,False,False,False,False,False,,,,False,False,,False,False,False,False,False,False,False,False,NORMAL
2026-10-07 17:09:06.676611+00:00,1791392946673.0,temperature,True,0.97,rear_center,24.0,OK,MONITORING,True,24.0,,,,,,,2026-10-07 17:09:06.673000+00:00,0.0,0.0,,24.0,0.0,0.0,,False,False,False,False,False,False,,,,False,False,,False,False,False,False,False,False,False,False,NORMAL
2026-10-07 17:09:06.679366+00:00,,guardian_state,True,0.97,rear_center,24.0,OK,MONITORING,True,24.0,,,,,,,2026-10-07 17:09:06.679366+00:00,0.0,0.0,,24.0,0.0,0.0,,False,False,False,False,False,False,,,,False,False,,False,False,False,False,False,False,False,False,NORMAL
2026-10-07 17:09:07.798426+00:00,1791392947795.0,child_presence,True,0.97,rear_center,24.0,OK,MONITORING,True,24.0,,,,,,,2026-10-07 17:09:07.795000+00:00,0.0,0.0,,24.0,0.0,0.0,,False,False,False,False,False,False,,,,False,False,,False,False,False,False,False,False,False,False,NORMAL
2026-10-07 17:09:07.799317+00:00,,guardian_state,True,0.97,rear_center,24.0,OK,MONITORING,True,24.0,,,,,,,2026-10-07 17:09:07.799317+00:00,0.0,0.0,,24.0,0.0,0.0,,False,False,False,False,False,False,,,,False,False,,False,False,False,False,False,False,False,False,NORMAL
2026-10-07 17:09:08.678601+00:00,1791392948675.0,temperature,True,0.97,rear_center,24.0,OK,MONITORING,True,24.0,,,,,,,2026-10-07 17:09:08.675000+00:00,0.0,0.0,,24.0,0.0,0.0,,False,False,False,False,False,False,,,,False,False,,False,False,False,False,False,False,False,False,NORMAL
2026-10-07 17:09:08.679430+00:00,,guardian_state,True,0.97,rear_center,24.0,OK,MONITORING,True,24.0,,,,,,,2026-10-07 17:09:08.679430+00:00,0.0,0.0,,24.0,0.0,0.0,,False,False,False,False,False,False,,,,False,False,,False,False,False,False,False,False,False,False,NORMAL
2026-10-07 17:09:10.681827+00:00,1791392950679.0,temperature,True,0.97,rear_center,24.0,OK,MONITORING,True,24.0,,,,,,,2026-10-07 17:09:10.679000+00:00,0.0,0.0,,24.0,0.0,0.0,,False,False,False,False,False,False,,,,False,False,,False,False,False,False,False,False,False,False,NORMAL
2026-10-07 17:09:10.682840+00:00,,guardian_state,True,0.97,rear_center,24.0,OK,MONITORING,True,24.0,,,,,,,2026-10-07 17:09:10.682840+00:00,0.0,0.0,,24.0,0.0,0.0,,False,False,False,False,False,False,,,,False,False,,False,False,False,False,False,False,False,False,NORMAL
2026-10-07 17:09:12.682740+00:00,1791392952681.0,temperature,True,0.97,rear_center,24.0,OK,MONITORING,True,24.0,,,,,,,2026-10-07 17:09:12.681000+00:00,0.0,0.0,,24.0,0.0,0.0,,False,False,False,False,False,False,,,,False,False,,False,False,False,False,False,False,False,False,NORMAL
2026-10-07 17:09:12.683074+00:00,,guardian_state,True,0.97,rear_center,24.0,OK,MONITORING,True,24.0,,,,,,,2026-10-07 17:09:12.683074+00:00,0.0,0.0,,24.0,0.0,0.0,,False,False,False,False,False,False,,,,False,False,,False,False,False,False,False,False,False,False,NORMAL
2026-10-07 17:09:14.686321+00:00,1791392954683.0,temperature,True,0.97,rear_center,24.0,OK,MONITORING,True,24.0,,,,,,,2026-10-07 17:09:14.683000+00:00,0.0,0.0,,24.0,0.0,0.0,,False,False,False,False,False,False,,,,False,False,,False,False,False,False,False,False,False,False,NORMAL
2026-10-07 17:09:14.687274+00:00,,guardian_state,True,0.97,rear_center,24.0,OK,MONITORING,True,24.0,,,,,,,2026-10-07 17:09:14.687274+00:00,0.0,0.0,,24.0,0.0,0.0,,False,False,False,False,False,False,,,,False,False,,False,False,False,False,False,False,False,False,NORMAL
2026-10-07 17:09:16.688282+00:00,1791392956685.0,temperature,True,0.97,rear_center,24.0,OK,MONITORING,True,24.0,,,,,,,2026-10-07 17:09:16.685000+00:00,0.0,0.0,,24.0,0.0,0.0,,False,False,False,False,False,False,,,,False,False,,False,False,False,False,False,False,False,False,NORMAL
2026-10-07 17:09:16.689274+00:00,,guardian_state,True,0.97,rear_center,24.0,OK,MONITORING,True,24.0,,,,,,,2026-10-07 17:09:16.689274+00:00,0.0,0.0,,24.0,0.0,0.0,,False,False,False,False,False,False,,,,False,False,,False,False,False,False,False,False,False,False,NORMAL
2026-10-07 17:09:18.690577+00:00,1791392958687.0,temperature,True,0.97,rear_center,24.0,OK,MONITORING,True,24.0,,,,,,,2026-10-07 17:09:18.687000+00:00,0.0,0.0,,24.0,0.0,0.0,,False,False,False,False,False,False,,,,False,False,,False,False,False,False,False,False,False,False,NORMAL
2026-10-07 17:09:18.691732+00:00,,guardian_state,True,0.97,rear_center,24.0,OK,MONITORING,True,24.0,,,,,,,2026-10-07 17:09:18.691732+00:00,0.0,0.0,,24.0,0.0,0.0,,False,False,False,False,False,False,,,,False,False,,False,False,False,False,False,False,False,False,NORMAL
2026-10-07 17:09:19.800064+00:00,1791392959797.0,child_presence,True,0.97,rear_center,24.0,OK,MONITORING,True,24.0,,,,,,,2026-10-07 17:09:19.797000+00:00,0.0,0.0,,24.0,0.0,0.0,,False,False,False,False,False,False,,,,False,False,,False,False,False,False,False,False,False,False,NORMAL
2026-10-07 17:09:19.800883+00:00,,guardian_state,True,0.97,rear_center,24.0,OK,MONITORING,True,24.0,,,,,,,2026-10-07 17:09:19.800883+00:00,0.0,0.0,,24.0,0.0,0.0,,False,False,False,False,False,False,,,,False,False,,False,False,False,False,False,False,False,False,NORMAL
2026-10-07 17:09:20.694689+00:00,1791392960691.0,temperature,True,0.97,rear_center,24.0,OK,MONITORING,True,24.0,,,,,,,2026-10-07 17:09:20.691000+00:00,0.0,0.0,,24.0,0.0,0.0,,False,False,False,False,False,False,,,,False,False,,False,False,False,False,False,False,False,False,NORMAL
2026-10-07 17:09:20.695702+00:00,,guardian_state,True,0.97,rear_center,24.0,OK,MONITORING,True,24.0,,,,,,,2026-10-07 17:09:20.695702+00:00,0.0,0.0,,24.0,0.0,0.0,,False,False,False,False,False,False,,,,False,False,,False,False,False,False,False,False,False,False,NORMAL
2026-10-07 17:09:22.695292+00:00,1791392962693.0,temperature,True,0.97,rear_center,24.0,OK,MONITORING,True,24.0,,,,,,,2026-10-07 17:09:22.693000+00:00,0.0,0.0,,24.0,0.0,0.0,,False,False,False,False,False,False,,,,False,False,,False,False,False,False,False,False,False,False,NORMAL
2026-10-07 17:09:22.695672+00:00,,guardian_state,True,0.97,rear_center,24.0,OK,MONITORING,True,24.0,,,,,,,2026-10-07 17:09:22.695672+00:00,0.0,0.0,,24.0,0.0,0.0,,False,False,False,False,False,False,,,,False,False,,False,False,False,False,False,False,False,False,NORMAL
2026-10-07 17:09:24.698936+00:00,1791392964695.0,temperature,True,0.97,rear_center,24.0,OK,MONITORING,True,24.0,,,,,,,2026-10-07 17:09:24.695000+00:00,0.0,0.0,,24.0,0.0,0.0,,False,False,False,False,False,False,,,,False,False,,False,False,False,False,False,False,False,False,NORMAL
2026-10-07 17:09:24.699910+00:00,,guardian_state,True,0.97,rear_center,24.0,OK,MONITORING,True,24.0,,,,,,,2026-10-07 17:09:24.699910+00:00,0.0,0.0,,24.0,0.0,0.0,,False,False,False,False,False,False,,,,False,False,,False,False,False,False,False,False,False,False,NORMAL
2026-10-07 17:09:26.700689+00:00,1791392966697.0,temperature,True,0.97,rear_center,24.0,OK,MONITORING,True,24.0,,,,,,,2026-10-07 17:09:26.697000+00:00,0.0,0.0,,24.0,0.0,0.0,,False,False,False,False,False,False,,,,False,False,,False,False,False,False,False,False,False,False,NORMAL
2026-10-07 17:09:26.701469+00:00,,guardian_state,True,0.97,rear_center,24.0,OK,MONITORING,True,24.0,,,,,,,2026-10-07 17:09:26.701469+00:00,0.0,0.0,,24.0,0.0,0.0,,False,False,False,False,False,False,,,,False,False,,False,False,False,False,False,False,False,False,NORMAL
2026-10-07 17:09:28.707601+00:00,1791392968704.0,temperature,True,0.97,rear_center,24.0,OK,MONITORING,True,24.0,,,,,,,2026-10-07 17:09:28.704000+00:00,0.0,0.0,,24.0,0.0,0.0,,False,False,False,False,False,False,,,,False,False,,False,False,False,False,False,False,False,False,NORMAL
2026-10-07 17:09:28.708445+00:00,,guardian_state,True,0.97,rear_center,24.0,OK,MONITORING,True,24.0,,,,,,,2026-10-07 17:09:28.708445+00:00,0.0,0.0,,24.0,0.0,0.0,,False,False,False,False,False,False,,,,False,False,,False,False,False,False,False,False,False,False,NORMAL
2026-10-07 17:09:30.712095+00:00,1791392970708.0,temperature,True,0.97,rear_center,24.0,OK,MONITORING,True,24.0,,,,,,,2026-10-07 17:09:30.708000+00:00,0.0,0.0,,24.0,0.0,0.0,,False,False,False,False,False,False,,,,False,False,,False,False,False,False,False,False,False,False,NORMAL
2026-10-07 17:09:30.713046+00:00,,guardian_state,True,0.97,rear_center,24.0,OK,MONITORING,True,24.0,,,,,,,2026-10-07 17:09:30.713046+00:00,0.0,0.0,,24.0,0.0,0.0,,False,False,False,False,False,False,,,,False,False,,False,False,False,False,False,False,False,False,NORMAL
2026-10-07 17:09:31.806379+00:00,1791392971803.0,child_presence,True,0.97,rear_center,24.0,OK,MONITORING,True,24.0,,,,,,,2026-10-07 17:09:31.803000+00:00,0.0,0.0,,24.0,0.0,0.0,,False,False,False,False,False,False,,,,False,False,,False,False,False,False,False,False,False,False,NORMAL
2026-10-07 17:09:31.806787+00:00,,guardian_state,True,0.97,rear_center,24.0,OK,MONITORING,True,24.0,,,,,,,2026-10-07 17:09:31.806787+00:00,0.0,0.0,,24.0,0.0,0.0,,False,False,False,False,False,False,,,,False,False,,False,False,False,False,False,False,False,False,NORMAL
2026-10-07 17:09:32.715346+00:00,1791392972713.0,temperature,True,0.97,rear_center,24.0,OK,MONITORING,True,24.0,,,,,,,2026-10-07 17:09:32.713000+00:00,0.0,0.0,,24.0,0.0,0.0,,False,False,False,False,False,False,,,,False,False,,False,False,False,False,False,False,False,False,NORMAL
2026-10-07 17:09:32.715756+00:00,,guardian_state,True,0.97,rear_center,24.0,OK,MONITORING,True,24.0,,,,,,,2026-10-07 17:09:32.715756+00:00,0.0,0.0,,24.0,0.0,0.0,,False,False,False,False,False,False,,,,False,False,,False,False,False,False,False,False,False,False,NORMAL
2026-10-07 17:09:34.720587+00:00,1791392974717.0,temperature,True,0.97,rear_center,24.0,OK,MONITORING,True,24.0,,,,,,,2026-10-07 17:09:34.717000+00:00,0.0,0.0,,24.0,0.0,0.0,,False,False,False,False,False,False,,,,False,False,,False,False,False,False,False,False,False,False,NORMAL
2026-10-07 17:09:34.721518+00:00,,guardian_state,True,0.97,rear_center,24.0,OK,MONITORING,True,24.0,,,,,,,2026-10-07 17:09:34.721518+00:00,0.0,0.0,,24.0,0.0,0.0,,False,False,False,False,False,False,,,,False,False,,False,False,False,False,False,False,False,False,NORMAL
2026-10-07 17:09:36.724339+00:00,1791392976720.0,temperature,True,0.97,rear_center,24.0,OK,MONITORING,True,24.0,,,,,,,2026-10-07 17:09:36.720000+00:00,0.0,0.0,,24.0,0.0,0.0,,False,False,False,False,False,False,,,,False,False,,False,False,False,False,False,False,False,False,NORMAL
2026-10-07 17:09:36.725161+00:00,,guardian_state,True,0.97,rear_center,24.0,OK,MONITORING,True,24.0,,,,,,,2026-10-07 17:09:36.725161+00:00,0.0,0.0,,24.0,0.0,0.0,,False,False,False,False,False,False,,,,False,False,,False,False,False,False,False,False,False,False,NORMAL
2026-10-07 17:09:38.725948+00:00,1791392978722.0,temperature,True,0.97,rear_center,24.0,OK,MONITORING,True,24.0,,,,,,,2026-10-07 17:09:38.722000+00:00,0.0,0.0,,24.0,0.0,0.0,,False,False,False,False,False,False,,,,False,False,,False,False,False,False,False,False,False,False,NORMAL
2026-10-07 17:09:38.728782+00:00,,guardian_state,True,0.97,rear_center,24.0,OK,MONITORING,True,24.0,,,,,,,2026-10-07 17:09:38.728782+00:00,0.0,0.0,,24.0,0.0,0.0,,False,False,False,False,False,False,,,,False,False,,False,False,False,False,False,False,False,False,NORMAL
2026-10-07 17:09:40.728116+00:00,1791392980724.0,temperature,True,0.97,rear_center,24.0,OK,MONITORING,True,24.0,,,,,,,2026-10-07 17:09:40.724000+00:00,0.0,0.0,,24.0,0.0,0.0,,False,False,False,False,False,False,,,,False,False,,False,False,False,False,False,False,False,False,NORMAL
2026-10-07 17:09:40.728881+00:00,,guardian_state,True,0.97,rear_center,24.0,OK,MONITORING,True,24.0,,,,,,,2026-10-07 17:09:40.728881+00:00,0.0,0.0,,24.0,0.0,0.0,,False,False,False,False,False,False,,,,False,False,,False,False,False,False,False,False,False,False,NORMAL
2026-10-07 17:09:42.730423+00:00,1791392982728.0,temperature,True,0.97,rear_center,24.0,OK,MONITORING,True,24.0,,,,,,,2026-10-07 17:09:42.728000+00:00,0.0,0.0,,24.0,0.0,0.0,,False,False,False,False,False,False,,,,False,False,,False,False,False,False,False,False,False,False,NORMAL
2026-10-07 17:09:42.730825+00:00,,guardian_state,True,0.97,rear_center,24.0,OK,MONITORING,True,24.0,,,,,,,2026-10-07 17:09:42.730825+00:00,0.0,0.0,,24.0,0.0,0.0,,False,False,False,False,False,False,,,,False,False,,False,False,False,False,False,False,False,False,NORMAL
2026-10-07 17:09:43.807286+00:00,1791392983804.0,child_presence,True,0.97,rear_center,24.0,OK,MONITORING,True,24.0,,,,,,,2026-10-07 17:09:43.804000+00:00,0.0,0.0,,24.0,0.0,0.0,,False,False,False,False,False,False,,,,False,False,,False,False,False,False,False,False,False,False,NORMAL
2026-10-07 17:09:43.808060+00:00,,guardian_state,True,0.97,rear_center,24.0,OK,MONITORING,True,24.0,,,,,,,2026-10-07 17:09:43.808060+00:00,0.0,0.0,,24.0,0.0,0.0,,False,False,False,False,False,False,,,,False,False,,False,False,False,False,False,False,False,False,NORMAL
2026-10-07 17:09:44.734857+00:00,1791392984731.0,temperature,True,0.97,rear_center,24.0,OK,MONITORING,True,24.0,,,,,,,2026-10-07 17:09:44.731000+00:00,0.0,0.0,,24.0,0.0,0.0,,False,False,False,False,False,False,,,,False,False,,False,False,False,False,False,False,False,False,NORMAL
2026-10-07 17:09:44.735590+00:00,,guardian_state,True,0.97,rear_center,24.0,OK,MONITORING,True,24.0,,,,,,,2026-10-07 17:09:44.735590+00:00,0.0,0.0,,24.0,0.0,0.0,,False,False,False,False,False,False,,,,False,False,,False,False,False,False,False,False,False,False,NORMAL
2026-10-07 17:09:46.738432+00:00,1791392986735.0,temperature,True,0.97,rear_center,24.0,OK,MONITORING,True,24.0,,,,,,,2026-10-07 17:09:46.735000+00:00,0.0,0.0,,24.0,0.0,0.0,,False,False,False,False,False,False,,,,False,False,,False,False,False,False,False,False,False,False,NORMAL
2026-10-07 17:09:46.739266+00:00,,guardian_state,True,0.97,rear_center,24.0,OK,MONITORING,True,24.0,,,,,,,2026-10-07 17:09:46.739266+00:00,0.0,0.0,,24.0,0.0,0.0,,False,False,False,False,False,False,,,,False,False,,False,False,False,False,False,False,False,False,NORMAL
2026-10-07 17:09:48.738958+00:00,1791392988736.0,temperature,True,0.97,rear_center,24.0,OK,MONITORING,True,24.0,,,,,,,2026-10-07 17:09:48.736000+00:00,0.0,0.0,,24.0,0.0,0.0,,False,False,False,False,False,False,,,,False,False,,False,False,False,False,False,False,False,False,NORMAL
2026-10-07 17:09:48.739751+00:00,,guardian_state,True,0.97,rear_center,24.0,OK,MONITORING,True,24.0,,,,,,,2026-10-07 17:09:48.739751+00:00,0.0,0.0,,24.0,0.0,0.0,,False,False,False,False,False,False,,,,False,False,,False,False,False,False,False,False,False,False,NORMAL
2026-10-07 17:09:50.742744+00:00,1791392990739.0,temperature,True,0.97,rear_center,24.0,OK,MONITORING,True,24.0,,,,,,,2026-10-07 17:09:50.739000+00:00,0.0,0.0,,24.0,0.0,0.0,,False,False,False,False,False,False,,,,False,False,,False,False,False,False,False,False,False,False,NORMAL
2026-10-07 17:09:50.743836+00:00,,guardian_state,True,0.97,rear_center,24.0,OK,MONITORING,True,24.0,,,,,,,2026-10-07 17:09:50.743836+00:00,0.0,0.0,,24.0,0.0,0.0,,False,False,False,False,False,False,,,,False,False,,False,False,False,False,False,False,False,False,NORMAL
2026-10-07 17:09:52.743862+00:00,1791392992741.0,temperature,True,0.97,rear_center,24.0,OK,MONITORING,True,24.0,,,,,,,2026-10-07 17:09:52.741000+00:00,0.0,0.0,,24.0,0.0,0.0,,False,False,False,False,False,False,,,,False,False,,False,False,False,False,False,False,False,False,NORMAL
2026-10-07 17:09:52.744394+00:00,,guardian_state,True,0.97,rear_center,24.0,OK,MONITORING,True,24.0,,,,,,,2026-10-07 17:09:52.744394+00:00,0.0,0.0,,24.0,0.0,0.0,,False,False,False,False,False,False,,,,False,False,,False,False,False,False,False,False,False,False,NORMAL
2026-10-07 17:09:54.749225+00:00,1791392994746.0,temperature,True,0.97,rear_center,24.0,OK,MONITORING,True,24.0,,,,,,,2026-10-07 17:09:54.746000+00:00,0.0,0.0,,24.0,0.0,0.0,,False,False,False,False,False,False,,,,False,False,,False,False,False,False,False,False,False,False,NORMAL
2026-10-07 17:09:54.750402+00:00,,guardian_state,True,0.97,rear_center,24.0,OK,MONITORING,True,24.0,,,,,,,2026-10-07 17:09:54.750402+00:00,0.0,0.0,,24.0,0.0,0.0,,False,False,False,False,False,False,,,,False,False,,False,False,False,False,False,False,False,False,NORMAL
2026-10-07 17:09:55.814676+00:00,1791392995811.0,child_presence,True,0.97,rear_center,24.0,OK,MONITORING,True,24.0,,,,,,,2026-10-07 17:09:55.811000+00:00,0.0,0.0,,24.0,0.0,0.0,,False,False,False,False,False,False,,,,False,False,,False,False,False,False,False,False,False,False,NORMAL
2026-10-07 17:09:55.815557+00:00,,guardian_state,True,0.97,rear_center,24.0,OK,MONITORING,True,24.0,,,,,,,2026-10-07 17:09:55.815557+00:00,0.0,0.0,,24.0,0.0,0.0,,False,False,False,False,False,False,,,,False,False,,False,False,False,False,False,False,False,False,NORMAL
2026-10-07 17:09:56.753672+00:00,1791392996750.0,temperature,True,0.97,rear_center,24.0,OK,MONITORING,True,24.0,,,,,,,2026-10-07 17:09:56.750000+00:00,0.0,0.0,,24.0,0.0,0.0,,False,False,False,False,False,False,,,,False,False,,False,False,False,False,False,False,False,False,NORMAL
2026-10-07 17:09:56.754480+00:00,,guardian_state,True,0.97,rear_center,24.0,OK,MONITORING,True,24.0,,,,,,,2026-10-07 17:09:56.754480+00:00,0.0,0.0,,24.0,0.0,0.0,,False,False,False,False,False,False,,,,False,False,,False,False,False,False,False,False,False,False,NORMAL
2026-10-07 17:09:58.756538+00:00,1791392998754.0,temperature,True,0.97,rear_center,24.0,OK,MONITORING,True,24.0,,,,,,,2026-10-07 17:09:58.754000+00:00,0.0,0.0,,24.0,0.0,0.0,,False,False,False,False,False,False,,,,False,False,,False,False,False,False,False,False,False,False,NORMAL
2026-10-07 17:09:58.757220+00:00,,guardian_state,True,0.97,rear_center,24.0,OK,MONITORING,True,24.0,,,,,,,2026-10-07 17:09:58.757220+00:00,0.0,0.0,,24.0,0.0,0.0,,False,False,False,False,False,False,,,,False,False,,False,False,False,False,False,False,False,False,NORMAL
2026-10-07 17:10:00.758747+00:00,1791393000755.0,temperature,True,0.97,rear_center,24.0,OK,MONITORING,True,24.0,,,,,,,2026-10-07 17:10:00.755000+00:00,0.0,0.0,,24.0,0.0,0.0,,False,False,False,False,False,False,,,,False,False,,False,False,False,False,False,False,False,False,NORMAL
2026-10-07 17:10:00.760500+00:00,,guardian_state,True,0.97,rear_center,24.0,OK,MONITORING,True,24.0,,,,,,,2026-10-07 17:10:00.760500+00:00,0.0,0.0,,24.0,0.0,0.0,,False,False,False,False,False,False,,,,False,False,,False,False,False,False,False,False,False,False,NORMAL
2026-10-07 17:10:02.758712+00:00,1791393002756.0,temperature,True,0.97,rear_center,24.0,OK,MONITORING,True,24.0,,,,,,,2026-10-07 17:10:02.756000+00:00,0.0,0.0,,24.0,0.0,0.0,,False,False,False,False,False,False,,,,False,False,,False,False,False,False,False,False,False,False,NORMAL
2026-10-07 17:10:02.759164+00:00,,guardian_state,True,0.97,rear_center,24.0,OK,MONITORING,True,24.0,,,,,,,2026-10-07 17:10:02.759164+00:00,0.0,0.0,,24.0,0.0,0.0,,False,False,False,False,False,False,,,,False,False,,False,False,False,False,False,False,False,False,NORMAL
2026-10-07 17:10:04.764379+00:00,1791393004761.0,temperature,True,0.97,rear_center,24.0,OK,MONITORING,True,24.0,,,,,,,2026-10-07 17:10:04.761000+00:00,0.0,0.0,,24.0,0.0,0.0,,False,False,False,False,False,False,,,,False,False,,False,False,False,False,False,False,False,False,NORMAL
2026-10-07 17:10:04.765400+00:00,,guardian_state,True,0.97,rear_center,24.0,OK,MONITORING,True,24.0,,,,,,,2026-10-07 17:10:04.765400+00:00,0.0,0.0,,24.0,0.0,0.0,,False,False,False,False,False,False,,,,False,False,,False,False,False,False,False,False,False,False,NORMAL
2026-10-07 17:10:06.767880+00:00,1791393006765.0,temperature,True,0.97,rear_center,24.0,OK,MONITORING,True,24.0,,,,,,,2026-10-07 17:10:06.765000+00:00,0.0,0.0,,24.0,0.0,0.0,,False,False,False,False,False,False,,,,False,False,,False,False,False,False,False,False,False,False,NORMAL
2026-10-07 17:10:06.768735+00:00,,guardian_state,True,0.97,rear_center,24.0,OK,MONITORING,True,24.0,,,,,,,2026-10-07 17:10:06.768735+00:00,0.0,0.0,,24.0,0.0,0.0,,False,False,False,False,False,False,,,,False,False,,False,False,False,False,False,False,False,False,NORMAL
2026-10-07 17:10:07.816073+00:00,1791393007813.0,child_presence,True,0.97,rear_center,24.0,OK,MONITORING,True,24.0,,,,,,,2026-10-07 17:10:07.813000+00:00,0.0,0.0,,24.0,0.0,0.0,,False,False,False,False,False,False,,,,False,False,,False,False,False,False,False,False,False,False,NORMAL
2026-10-07 17:10:07.816936+00:00,,guardian_state,True,0.97,rear_center,24.0,OK,MONITORING,True,24.0,,,,,,,2026-10-07 17:10:07.816936+00:00,0.0,0.0,,24.0,0.0,0.0,,False,False,False,False,False,False,,,,False,False,,False,False,False,False,False,False,False,False,NORMAL
2026-10-07 17:10:08.772727+00:00,1791393008770.0,temperature,True,0.97,rear_center,24.0,OK,MONITORING,True,24.0,,,,,,,2026-10-07 17:10:08.770000+00:00,0.0,0.0,,24.0,0.0,0.0,,False,False,False,False,False,False,,,,False,False,,False,False,False,False,False,False,False,False,NORMAL
2026-10-07 17:10:08.773522+00:00,,guardian_state,True,0.97,rear_center,24.0,OK,MONITORING,True,24.0,,,,,,,2026-10-07 17:10:08.773522+00:00,0.0,0.0,,24.0,0.0,0.0,,False,False,False,False,False,False,,,,False,False,,False,False,False,False,False,False,False,False,NORMAL
2026-10-07 17:10:10.775927+00:00,1791393010773.0,temperature,True,0.97,rear_center,24.0,OK,MONITORING,True,24.0,,,,,,,2026-10-07 17:10:10.773000+00:00,0.0,0.0,,24.0,0.0,0.0,,False,False,False,False,False,False,,,,False,False,,False,False,False,False,False,False,False,False,NORMAL
2026-10-07 17:10:10.776914+00:00,,guardian_state,True,0.97,rear_center,24.0,OK,MONITORING,True,24.0,,,,,,,2026-10-07 17:10:10.776914+00:00,0.0,0.0,,24.0,0.0,0.0,,False,False,False,False,False,False,,,,False,False,,False,False,False,False,False,False,False,False,NORMAL
2026-10-07 17:10:12.780494+00:00,1791393012778.0,temperature,True,0.97,rear_center,24.0,OK,MONITORING,True,24.0,,,,,,,2026-10-07 17:10:12.778000+00:00,0.0,0.0,,24.0,0.0,0.0,,False,False,False,False,False,False,,,,False,False,,False,False,False,False,False,False,False,False,NORMAL
2026-10-07 17:10:12.781092+00:00,,guardian_state,True,0.97,rear_center,24.0,OK,MONITORING,True,24.0,,,,,,,2026-10-07 17:10:12.781092+00:00,0.0,0.0,,24.0,0.0,0.0,,False,False,False,False,False,False,,,,False,False,,False,False,False,False,False,False,False,False,NORMAL
2026-10-07 17:10:14.783862+00:00,1791393014781.0,temperature,True,0.97,rear_center,24.0,OK,MONITORING,True,24.0,,,,,,,2026-10-07 17:10:14.781000+00:00,0.0,0.0,,24.0,0.0,0.0,,False,False,False,False,False,False,,,,False,False,,False,False,False,False,False,False,False,False,NORMAL
2026-10-07 17:10:14.784708+00:00,,guardian_state,True,0.97,rear_center,24.0,OK,MONITORING,True,24.0,,,,,,,2026-10-07 17:10:14.784708+00:00,0.0,0.0,,24.0,0.0,0.0,,False,False,False,False,False,False,,,,False,False,,False,False,False,False,False,False,False,False,NORMAL
2026-10-07 17:10:16.788027+00:00,1791393016785.0,temperature,True,0.97,rear_center,24.0,OK,MONITORING,True,24.0,,,,,,,2026-10-07 17:10:16.785000+00:00,0.0,0.0,,24.0,0.0,0.0,,False,False,False,False,False,False,,,,False,False,,False,False,False,False,False,False,False,False,NORMAL
2026-10-07 17:10:16.788874+00:00,,guardian_state,True,0.97,rear_center,24.0,OK,MONITORING,True,24.0,,,,,,,2026-10-07 17:10:16.788874+00:00,0.0,0.0,,24.0,0.0,0.0,,False,False,False,False,False,False,,,,False,False,,False,False,False,False,False,False,False,False,NORMAL
2026-10-07 17:10:18.789670+00:00,1791393018786.0,temperature,True,0.97,rear_center,24.0,OK,MONITORING,True,24.0,,,,,,,2026-10-07 17:10:18.786000+00:00,0.0,0.0,,24.0,0.0,0.0,,False,False,False,False,False,False,,,,False,False,,False,False,False,False,False,False,False,False,NORMAL
2026-10-07 17:10:18.790314+00:00,,guardian_state,True,0.97,rear_center,24.0,OK,MONITORING,True,24.0,,,,,,,2026-10-07 17:10:18.790314+00:00,0.0,0.0,,24.0,0.0,0.0,,False,False,False,False,False,False,,,,False,False,,False,False,False,False,False,False,False,False,NORMAL
2026-10-07 17:10:19.817250+00:00,1791393019814.0,child_presence,True,0.97,rear_center,24.0,OK,MONITORING,True,24.0,,,,,,,2026-10-07 17:10:19.814000+00:00,0.0,0.0,,24.0,0.0,0.0,,False,False,False,False,False,False,,,,False,False,,False,False,False,False,False,False,False,False,NORMAL
2026-10-07 17:10:19.817958+00:00,,guardian_state,True,0.97,rear_center,24.0,OK,MONITORING,True,24.0,,,,,,,2026-10-07 17:10:19.817958+00:00,0.0,0.0,,24.0,0.0,0.0,,False,False,False,False,False,False,,,,False,False,,False,False,False,False,False,False,False,False,NORMAL
2026-10-07 17:10:20.791181+00:00,1791393020787.0,temperature,True,0.97,rear_center,24.0,OK,MONITORING,True,24.0,,,,,,,2026-10-07 17:10:20.787000+00:00,0.0,0.0,,24.0,0.0,0.0,,False,False,False,False,False,False,,,,False,False,,False,False,False,False,False,False,False,False,NORMAL
2026-10-07 17:10:20.792060+00:00,,guardian_state,True,0.97,rear_center,24.0,OK,MONITORING,True,24.0,,,,,,,2026-10-07 17:10:20.792060+00:00,0.0,0.0,,24.0,0.0,0.0,,False,False,False,False,False,False,,,,False,False,,False,False,False,False,False,False,False,False,NORMAL
2026-10-07 17:10:22.792706+00:00,1791393022790.0,temperature,True,0.97,rear_center,24.0,OK,MONITORING,True,24.0,,,,,,,2026-10-07 17:10:22.790000+00:00,0.0,0.0,,24.0,0.0,0.0,,False,False,False,False,False,False,,,,False,False,,False,False,False,False,False,False,False,False,NORMAL
2026-10-07 17:10:22.793396+00:00,,guardian_state,True,0.97,rear_center,24.0,OK,MONITORING,True,24.0,,,,,,,2026-10-07 17:10:22.793396+00:00,0.0,0.0,,24.0,0.0,0.0,,False,False,False,False,False,False,,,,False,False,,False,False,False,False,False,False,False,False,NORMAL
2026-10-07 17:10:24.797708+00:00,1791393024794.0,temperature,True,0.97,rear_center,24.0,OK,MONITORING,True,24.0,,,,,,,2026-10-07 17:10:24.794000+00:00,0.0,0.0,,24.0,0.0,0.0,,False,False,False,False,False,False,,,,False,False,,False,False,False,False,False,False,False,False,NORMAL
2026-10-07 17:10:24.798591+00:00,,guardian_state,True,0.97,rear_center,24.0,OK,MONITORING,True,24.0,,,,,,,2026-10-07 17:10:24.798591+00:00,0.0,0.0,,24.0,0.0,0.0,,False,False,False,False,False,False,,,,False,False,,False,False,False,False,False,False,False,False,NORMAL
2026-10-07 17:10:26.802679+00:00,1791393026799.0,temperature,True,0.97,rear_center,24.0,OK,MONITORING,True,24.0,,,,,,,2026-10-07 17:10:26.799000+00:00,0.0,0.0,,24.0,0.0,0.0,,False,False,False,False,False,False,,,,False,False,,False,False,False,False,False,False,False,False,NORMAL
2026-10-07 17:10:26.803525+00:00,,guardian_state,True,0.97,rear_center,24.0,OK,MONITORING,True,24.0,,,,,,,2026-10-07 17:10:26.803525+00:00,0.0,0.0,,24.0,0.0,0.0,,False,False,False,False,False,False,,,,False,False,,False,False,False,False,False,False,False,False,NORMAL
2026-10-07 17:10:28.804286+00:00,1791393028801.0,temperature,True,0.97,rear_center,24.0,OK,MONITORING,True,24.0,,,,,,,2026-10-07 17:10:28.801000+00:00,0.0,0.0,,24.0,0.0,0.0,,False,False,False,False,False,False,,,,False,False,,False,False,False,False,False,False,False,False,NORMAL
2026-10-07 17:10:28.805115+00:00,,guardian_state,True,0.97,rear_center,24.0,OK,MONITORING,True,24.0,,,,,,,2026-10-07 17:10:28.805115+00:00,0.0,0.0,,24.0,0.0,0.0,,False,False,False,False,False,False,,,,False,False,,False,False,False,False,False,False,False,False,NORMAL
2026-10-07 17:10:30.810819+00:00,1791393030807.0,temperature,True,0.97,rear_center,24.0,OK,MONITORING,True,24.0,,,,,,,2026-10-07 17:10:30.807000+00:00,0.0,0.0,,24.0,0.0,0.0,,False,False,False,False,False,False,,,,False,False,,False,False,False,False,False,False,False,False,NORMAL
2026-10-07 17:10:30.811527+00:00,,guardian_state,True,0.97,rear_center,24.0,OK,MONITORING,True,24.0,,,,,,,2026-10-07 17:10:30.811527+00:00,0.0,0.0,,24.0,0.0,0.0,,False,False,False,False,False,False,,,,False,False,,False,False,False,False,False,False,False,False,NORMAL
2026-10-07 17:10:31.821962+00:00,1791393031819.0,child_presence,True,0.97,rear_center,24.0,OK,MONITORING,True,24.0,,,,,,,2026-10-07 17:10:31.819000+00:00,0.0,0.0,,24.0,0.0,0.0,,False,False,False,False,False,False,,,,False,False,,False,False,False,False,False,False,False,False,NORMAL
2026-10-07 17:10:31.822587+00:00,,guardian_state,True,0.97,rear_center,24.0,OK,MONITORING,True,24.0,,,,,,,2026-10-07 17:10:31.822587+00:00,0.0,0.0,,24.0,0.0,0.0,,False,False,False,False,False,False,,,,False,False,,False,False,False,False,False,False,False,False,NORMAL
2026-10-07 17:10:32.812059+00:00,1791393032809.0,temperature,True,0.97,rear_center,24.0,OK,MONITORING,True,24.0,,,,,,,2026-10-07 17:10:32.809000+00:00,0.0,0.0,,24.0,0.0,0.0,,False,False,False,False,False,False,,,,False,False,,False,False,False,False,False,False,False,False,NORMAL
2026-10-07 17:10:32.813360+00:00,,guardian_state,True,0.97,rear_center,24.0,OK,MONITORING,True,24.0,,,,,,,2026-10-07 17:10:32.813360+00:00,0.0,0.0,,24.0,0.0,0.0,,False,False,False,False,False,False,,,,False,False,,False,False,False,False,False,False,False,False,NORMAL
2026-10-07 17:10:34.817290+00:00,1791393034814.0,temperature,True,0.97,rear_center,24.0,OK,MONITORING,True,24.0,,,,,,,2026-10-07 17:10:34.814000+00:00,0.0,0.0,,24.0,0.0,0.0,,False,False,False,False,False,False,,,,False,False,,False,False,False,False,False,False,False,False,NORMAL
2026-10-07 17:10:34.818083+00:00,,guardian_state,True,0.97,rear_center,24.0,OK,MONITORING,True,24.0,,,,,,,2026-10-07 17:10:34.818083+00:00,0.0,0.0,,24.0,0.0,0.0,,False,False,False,False,False,False,,,,False,False,,False,False,False,False,False,False,False,False,NORMAL
2026-10-07 17:10:36.820665+00:00,1791393036817.0,temperature,True,0.97,rear_center,24.0,OK,MONITORING,True,24.0,,,,,,,2026-10-07 17:10:36.817000+00:00,0.0,0.0,,24.0,0.0,0.0,,False,False,False,False,False,False,,,,False,False,,False,False,False,False,False,False,False,False,NORMAL
2026-10-07 17:10:36.821255+00:00,,guardian_state,True,0.97,rear_center,24.0,OK,MONITORING,True,24.0,,,,,,,2026-10-07 17:10:36.821255+00:00,0.0,0.0,,24.0,0.0,0.0,,False,False,False,False,False,False,,,,False,False,,False,False,False,False,False,False,False,False,NORMAL
2026-10-07 17:10:38.822147+00:00,1791393038819.0,temperature,True,0.97,rear_center,24.0,OK,MONITORING,True,24.0,,,,,,,2026-10-07 17:10:38.819000+00:00,0.0,0.0,,24.0,0.0,0.0,,False,False,False,False,False,False,,,,False,False,,False,False,False,False,False,False,False,False,NORMAL
2026-10-07 17:10:38.822821+00:00,,guardian_state,True,0.97,rear_center,24.0,OK,MONITORING,True,24.0,,,,,,,2026-10-07 17:10:38.822821+00:00,0.0,0.0,,24.0,0.0,0.0,,False,False,False,False,False,False,,,,False,False,,False,False,False,False,False,False,False,False,NORMAL
2026-10-07 17:10:40.829339+00:00,1791393040826.0,temperature,True,0.97,rear_center,24.0,OK,MONITORING,True,24.0,,,,,,,2026-10-07 17:10:40.826000+00:00,0.0,0.0,,24.0,0.0,0.0,,False,False,False,False,False,False,,,,False,False,,False,False,False,False,False,False,False,False,NORMAL
2026-10-07 17:10:40.830262+00:00,,guardian_state,True,0.97,rear_center,24.0,OK,MONITORING,True,24.0,,,,,,,2026-10-07 17:10:40.830262+00:00,0.0,0.0,,24.0,0.0,0.0,,False,False,False,False,False,False,,,,False,False,,False,False,False,False,False,False,False,False,NORMAL
2026-10-07 17:10:42.833057+00:00,1791393042829.0,temperature,True,0.97,rear_center,24.0,OK,MONITORING,True,24.0,,,,,,,2026-10-07 17:10:42.829000+00:00,0.0,0.0,,24.0,0.0,0.0,,False,False,False,False,False,False,,,,False,False,,False,False,False,False,False,False,False,False,NORMAL
2026-10-07 17:10:42.833767+00:00,,guardian_state,True,0.97,rear_center,24.0,OK,MONITORING,True,24.0,,,,,,,2026-10-07 17:10:42.833767+00:00,0.0,0.0,,24.0,0.0,0.0,,False,False,False,False,False,False,,,,False,False,,False,False,False,False,False,False,False,False,NORMAL
2026-10-07 17:10:43.824161+00:00,1791393043821.0,child_presence,True,0.97,rear_center,24.0,OK,MONITORING,True,24.0,,,,,,,2026-10-07 17:10:43.821000+00:00,0.0,0.0,,24.0,0.0,0.0,,False,False,False,False,False,False,,,,False,False,,False,False,False,False,False,False,False,False,NORMAL
2026-10-07 17:10:43.824858+00:00,,guardian_state,True,0.97,rear_center,24.0,OK,MONITORING,True,24.0,,,,,,,2026-10-07 17:10:43.824858+00:00,0.0,0.0,,24.0,0.0,0.0,,False,False,False,False,False,False,,,,False,False,,False,False,False,False,False,False,False,False,NORMAL
2026-10-07 17:10:44.838732+00:00,1791393044836.0,temperature,True,0.97,rear_center,24.0,OK,MONITORING,True,24.0,,,,,,,2026-10-07 17:10:44.836000+00:00,0.0,0.0,,24.0,0.0,0.0,,False,False,False,False,False,False,,,,False,False,,False,False,False,False,False,False,False,False,NORMAL
2026-10-07 17:10:44.839506+00:00,,guardian_state,True,0.97,rear_center,24.0,OK,MONITORING,True,24.0,,,,,,,2026-10-07 17:10:44.839506+00:00,0.0,0.0,,24.0,0.0,0.0,,False,False,False,False,False,False,,,,False,False,,False,False,False,False,False,False,False,False,NORMAL
2026-10-07 17:10:46.840429+00:00,1791393046838.0,temperature,True,0.97,rear_center,24.0,OK,MONITORING,True,24.0,,,,,,,2026-10-07 17:10:46.838000+00:00,0.0,0.0,,24.0,0.0,0.0,,False,False,False,False,False,False,,,,False,False,,False,False,False,False,False,False,False,False,NORMAL
2026-10-07 17:10:46.841067+00:00,,guardian_state,True,0.97,rear_center,24.0,OK,MONITORING,True,24.0,,,,,,,2026-10-07 17:10:46.841067+00:00,0.0,0.0,,24.0,0.0,0.0,,False,False,False,False,False,False,,,,False,False,,False,False,False,False,False,False,False,False,NORMAL
2026-10-07 17:10:48.843767+00:00,1791393048841.0,temperature,True,0.97,rear_center,24.0,OK,MONITORING,True,24.0,,,,,,,2026-10-07 17:10:48.841000+00:00,0.0,0.0,,24.0,0.0,0.0,,False,False,False,False,False,False,,,,False,False,,False,False,False,False,False,False,False,False,NORMAL
2026-10-07 17:10:48.844427+00:00,,guardian_state,True,0.97,rear_center,24.0,OK,MONITORING,True,24.0,,,,,,,2026-10-07 17:10:48.844427+00:00,0.0,0.0,,24.0,0.0,0.0,,False,False,False,False,False,False,,,,False,False,,False,False,False,False,False,False,False,False,NORMAL
2026-10-07 17:10:50.848451+00:00,1791393050844.0,temperature,True,0.97,rear_center,24.0,OK,MONITORING,True,24.0,,,,,,,2026-10-07 17:10:50.844000+00:00,0.0,0.0,,24.0,0.0,0.0,,False,False,False,False,False,False,,,,False,False,,False,False,False,False,False,False,False,False,NORMAL
2026-10-07 17:10:50.849443+00:00,,guardian_state,True,0.97,rear_center,24.0,OK,MONITORING,True,24.0,,,,,,,2026-10-07 17:10:50.849443+00:00,0.0,0.0,,24.0,0.0,0.0,,False,False,False,False,False,False,,,,False,False,,False,False,False,False,False,False,False,False,NORMAL
2026-10-07 17:10:52.851922+00:00,1791393052848.0,temperature,True,0.97,rear_center,24.0,OK,MONITORING,True,24.0,,,,,,,2026-10-07 17:10:52.848000+00:00,0.0,0.0,,24.0,0.0,0.0,,False,False,False,False,False,False,,,,False,False,,False,False,False,False,False,False,False,False,NORMAL
2026-10-07 17:10:52.852946+00:00,,guardian_state,True,0.97,rear_center,24.0,OK,MONITORING,True,24.0,,,,,,,2026-10-07 17:10:52.852946+00:00,0.0,0.0,,24.0,0.0,0.0,,False,False,False,False,False,False,,,,False,False,,False,False,False,False,False,False,False,False,NORMAL
2026-10-07 17:10:54.855347+00:00,1791393054851.0,temperature,True,0.97,rear_center,24.0,OK,MONITORING,True,24.0,,,,,,,2026-10-07 17:10:54.851000+00:00,0.0,0.0,,24.0,0.0,0.0,,False,False,False,False,False,False,,,,False,False,,False,False,False,False,False,False,False,False,NORMAL
2026-10-07 17:10:54.856308+00:00,,guardian_state,True,0.97,rear_center,24.0,OK,MONITORING,True,24.0,,,,,,,2026-10-07 17:10:54.856308+00:00,0.0,0.0,,24.0,0.0,0.0,,False,False,False,False,False,False,,,,False,False,,False,False,False,False,False,False,False,False,NORMAL
2026-10-07 17:10:55.830296+00:00,1791393055827.0,child_presence,True,0.97,rear_center,24.0,OK,MONITORING,True,24.0,,,,,,,2026-10-07 17:10:55.827000+00:00,0.0,0.0,,24.0,0.0,0.0,,False,False,False,False,False,False,,,,False,False,,False,False,False,False,False,False,False,False,NORMAL
2026-10-07 17:10:55.831076+00:00,,guardian_state,True,0.97,rear_center,24.0,OK,MONITORING,True,24.0,,,,,,,2026-10-07 17:10:55.831076+00:00,0.0,0.0,,24.0,0.0,0.0,,False,False,False,False,False,False,,,,False,False,,False,False,False,False,False,False,False,False,NORMAL
2026-10-07 17:10:56.858556+00:00,1791393056855.0,temperature,True,0.97,rear_center,24.0,OK,MONITORING,True,24.0,,,,,,,2026-10-07 17:10:56.855000+00:00,0.0,0.0,,24.0,0.0,0.0,,False,False,False,False,False,False,,,,False,False,,False,False,False,False,False,False,False,False,NORMAL
2026-10-07 17:10:56.858914+00:00,,guardian_state,True,0.97,rear_center,24.0,OK,MONITORING,True,24.0,,,,,,,2026-10-07 17:10:56.858914+00:00,0.0,0.0,,24.0,0.0,0.0,,False,False,False,False,False,False,,,,False,False,,False,False,False,False,False,False,False,False,NORMAL
2026-10-07 17:10:58.874630+00:00,1791393058856.0,temperature,True,0.97,rear_center,24.0,OK,MONITORING,True,24.0,,,,,,,2026-10-07 17:10:58.856000+00:00,0.0,0.0,,24.0,0.0,0.0,,False,False,False,False,False,False,,,,False,False,,False,False,False,False,False,False,False,False,NORMAL
2026-10-07 17:10:58.875265+00:00,,guardian_state,True,0.97,rear_center,24.0,OK,MONITORING,True,24.0,,,,,,,2026-10-07 17:10:58.875265+00:00,0.0,0.0,,24.0,0.0,0.0,,False,False,False,False,False,False,,,,False,False,,False,False,False,False,False,False,False,False,NORMAL
2026-10-07 17:11:23.258930+00:00,1791393060860.0,temperature,True,0.97,rear_center,24.0,OK,MONITORING,True,24.0,,,,,,,2026-10-07 17:11:00.860000+00:00,0.0,0.0,,24.0,0.0,0.0,,False,False,False,False,False,False,,,,False,False,,False,False,False,False,False,False,False,False,NORMAL
2026-10-07 17:11:25.265975+00:00,1791393062867.0,temperature,True,0.97,rear_center,24.0,OK,MONITORING,True,24.0,,,,,,,2026-10-07 17:11:02.867000+00:00,0.0,0.0,,24.0,0.0,0.0,,False,False,False,False,False,False,,,,False,False,,False,False,False,False,False,False,False,False,NORMAL
2026-10-07 17:11:27.269287+00:00,1791393064871.0,temperature,True,0.97,rear_center,24.0,OK,MONITORING,True,24.0,,,,,,,2026-10-07 17:11:04.871000+00:00,0.0,0.0,,24.0,0.0,0.0,,False,False,False,False,False,False,,,,False,False,,False,False,False,False,False,False,False,False,NORMAL
2026-10-07 17:11:29.271481+00:00,1791393066872.0,temperature,True,0.97,rear_center,24.0,OK,MONITORING,True,24.0,,,,,,,2026-10-07 17:11:06.872000+00:00,0.0,0.0,,24.0,0.0,0.0,,False,False,False,False,False,False,,,,False,False,,False,False,False,False,False,False,False,False,NORMAL
2026-10-07 17:11:30.228466+00:00,1791393067829.0,child_presence,True,0.97,rear_center,24.0,OK,MONITORING,True,24.0,,,,,,,2026-10-07 17:11:07.829000+00:00,0.0,0.0,,24.0,0.0,0.0,,False,False,False,False,False,False,,,,False,False,,False,False,False,False,False,False,False,False,NORMAL
2026-10-07 17:11:31.277824+00:00,1791393068878.0,temperature,True,0.97,rear_center,24.0,OK,MONITORING,True,24.0,,,,,,,2026-10-07 17:11:08.878000+00:00,0.0,0.0,,24.0,0.0,0.0,,False,False,False,False,False,False,,,,False,False,,False,False,False,False,False,False,False,False,NORMAL
2026-10-07 17:11:33.279168+00:00,1791393070880.0,temperature,True,0.97,rear_center,24.0,OK,MONITORING,True,24.0,,,,,,,2026-10-07 17:11:10.880000+00:00,0.0,0.0,,24.0,0.0,0.0,,False,False,False,False,False,False,,,,False,False,,False,False,False,False,False,False,False,False,NORMAL
2026-10-07 17:11:35.289948+00:00,1791393072891.0,temperature,True,0.97,rear_center,24.0,OK,MONITORING,True,24.0,,,,,,,2026-10-07 17:11:12.891000+00:00,0.0,0.0,,24.0,0.0,0.0,,False,False,False,False,False,False,,,,False,False,,False,False,False,False,False,False,False,False,NORMAL
2026-10-07 17:11:37.292711+00:00,1791393074893.0,temperature,True,0.97,rear_center,24.0,OK,MONITORING,True,24.0,,,,,,,2026-10-07 17:11:14.893000+00:00,0.0,0.0,,24.0,0.0,0.0,,False,False,False,False,False,False,,,,False,False,,False,False,False,False,False,False,False,False,NORMAL
2026-10-07 17:11:39.294654+00:00,1791393076896.0,temperature,True,0.97,rear_center,24.0,OK,MONITORING,True,24.0,,,,,,,2026-10-07 17:11:16.896000+00:00,0.0,0.0,,24.0,0.0,0.0,,False,False,False,False,False,False,,,,False,False,,False,False,False,False,False,False,False,False,NORMAL
2026-10-07 17:11:41.300709+00:00,1791393078902.0,temperature,True,0.97,rear_center,24.0,OK,MONITORING,True,24.0,,,,,,,2026-10-07 17:11:18.902000+00:00,0.0,0.0,,24.0,0.0,0.0,,False,False,False,False,False,False,,,,False,False,,False,False,False,False,False,False,False,False,NORMAL
2026-10-07 17:11:42.234070+00:00,1791393079835.0,child_presence,True,0.97,rear_center,24.0,OK,MONITORING,True,24.0,,,,,,,2026-10-07 17:11:19.835000+00:00,0.0,0.0,,24.0,0.0,0.0,,False,False,False,False,False,False,,,,False,False,,False,False,False,False,False,False,False,False,NORMAL
2026-10-07 17:11:23.259706+00:00,,guardian_state,True,0.97,rear_center,24.0,OK,MONITORING,True,24.0,,,,,,,2026-10-07 17:11:23.259706+00:00,0.0,0.0,,24.0,0.0,0.0,,False,False,False,False,False,False,,,,False,False,,False,False,False,False,False,False,False,False,NORMAL
2026-10-07 17:11:25.266855+00:00,,guardian_state,True,0.97,rear_center,24.0,OK,MONITORING,True,24.0,,,,,,,2026-10-07 17:11:25.266855+00:00,0.0,0.0,,24.0,0.0,0.0,,False,False,False,False,False,False,,,,False,False,,False,False,False,False,False,False,False,False,NORMAL
2026-10-07 17:11:27.269750+00:00,,guardian_state,True,0.97,rear_center,24.0,OK,MONITORING,True,24.0,,,,,,,2026-10-07 17:11:27.269750+00:00,0.0,0.0,,24.0,0.0,0.0,,False,False,False,False,False,False,,,,False,False,,False,False,False,False,False,False,False,False,NORMAL
2026-10-07 17:11:29.271821+00:00,,guardian_state,True,0.97,rear_center,24.0,OK,MONITORING,True,24.0,,,,,,,2026-10-07 17:11:29.271821+00:00,0.0,0.0,,24.0,0.0,0.0,,False,False,False,False,False,False,,,,False,False,,False,False,False,False,False,False,False,False,NORMAL
2026-10-07 17:11:30.229100+00:00,,guardian_state,True,0.97,rear_center,24.0,OK,MONITORING,True,24.0,,,,,,,2026-10-07 17:11:30.229100+00:00,0.0,0.0,,24.0,0.0,0.0,,False,False,False,False,False,False,,,,False,False,,False,False,False,False,False,False,False,False,NORMAL
2026-10-07 17:11:31.278553+00:00,,guardian_state,True,0.97,rear_center,24.0,OK,MONITORING,True,24.0,,,,,,,2026-10-07 17:11:31.278553+00:00,0.0,0.0,,24.0,0.0,0.0,,False,False,False,False,False,False,,,,False,False,,False,False,False,False,False,False,False,False,NORMAL
2026-10-07 17:11:33.280256+00:00,,guardian_state,True,0.97,rear_center,24.0,OK,MONITORING,True,24.0,,,,,,,2026-10-07 17:11:33.280256+00:00,0.0,0.0,,24.0,0.0,0.0,,False,False,False,False,False,False,,,,False,False,,False,False,False,False,False,False,False,False,NORMAL
2026-10-07 17:11:35.290670+00:00,,guardian_state,True,0.97,rear_center,24.0,OK,MONITORING,True,24.0,,,,,,,2026-10-07 17:11:35.290670+00:00,0.0,0.0,,24.0,0.0,0.0,,False,False,False,False,False,False,,,,False,False,,False,False,False,False,False,False,False,False,NORMAL
2026-10-07 17:11:37.293551+00:00,,guardian_state,True,0.97,rear_center,24.0,OK,MONITORING,True,24.0,,,,,,,2026-10-07 17:11:37.293551+00:00,0.0,0.0,,24.0,0.0,0.0,,False,False,False,False,False,False,,,,False,False,,False,False,False,False,False,False,False,False,NORMAL
2026-10-07 17:11:39.295016+00:00,,guardian_state,True,0.97,rear_center,24.0,OK,MONITORING,True,24.0,,,,,,,2026-10-07 17:11:39.295016+00:00,0.0,0.0,,24.0,0.0,0.0,,False,False,False,False,False,False,,,,False,False,,False,False,False,False,False,False,False,False,NORMAL
2026-10-07 17:11:41.301500+00:00,,guardian_state,True,0.97,rear_center,24.0,OK,MONITORING,True,24.0,,,,,,,2026-10-07 17:11:41.301500+00:00,0.0,0.0,,24.0,0.0,0.0,,False,False,False,False,False,False,,,,False,False,,False,False,False,False,False,False,False,False,NORMAL
2026-10-07 17:11:42.234917+00:00,,guardian_state,True,0.97,rear_center,24.0,OK,MONITORING,True,24.0,,,,,,,2026-10-07 17:11:42.234917+00:00,0.0,0.0,,24.0,0.0,0.0,,False,False,False,False,False,False,,,,False,False,,False,False,False,False,False,False,False,False,NORMAL
2026-10-07 17:11:43.303245+00:00,1791393103300.0,temperature,True,0.97,rear_center,24.0,OK,MONITORING,True,24.0,,,,,,,2026-10-07 17:11:43.300000+00:00,0.0,0.0,,24.0,0.0,0.0,,False,False,False,False,False,False,,,,False,False,,False,False,False,False,False,False,False,False,NORMAL
2026-10-07 17:11:43.304063+00:00,,guardian_state,True,0.97,rear_center,24.0,OK,MONITORING,True,24.0,,,,,,,2026-10-07 17:11:43.304063+00:00,0.0,0.0,,24.0,0.0,0.0,,False,False,False,False,False,False,,,,False,False,,False,False,False,False,False,False,False,False,NORMAL
2026-10-07 17:11:45.308379+00:00,1791393105305.0,temperature,True,0.97,rear_center,24.0,OK,MONITORING,True,24.0,,,,,,,2026-10-07 17:11:45.305000+00:00,0.0,0.0,,24.0,0.0,0.0,,False,False,False,False,False,False,,,,False,False,,False,False,False,False,False,False,False,False,NORMAL
2026-10-07 17:11:45.309095+00:00,,guardian_state,True,0.97,rear_center,24.0,OK,MONITORING,True,24.0,,,,,,,2026-10-07 17:11:45.309095+00:00,0.0,0.0,,24.0,0.0,0.0,,False,False,False,False,False,False,,,,False,False,,False,False,False,False,False,False,False,False,NORMAL
2026-10-07 17:11:47.312742+00:00,1791393107309.0,temperature,True,0.97,rear_center,24.0,OK,MONITORING,True,24.0,,,,,,,2026-10-07 17:11:47.309000+00:00,0.0,0.0,,24.0,0.0,0.0,,False,False,False,False,False,False,,,,False,False,,False,False,False,False,False,False,False,False,NORMAL
2026-10-07 17:11:47.313402+00:00,,guardian_state,True,0.97,rear_center,24.0,OK,MONITORING,True,24.0,,,,,,,2026-10-07 17:11:47.313402+00:00,0.0,0.0,,24.0,0.0,0.0,,False,False,False,False,False,False,,,,False,False,,False,False,False,False,False,False,False,False,NORMAL
2026-10-07 17:11:49.315446+00:00,1791393109312.0,temperature,True,0.97,rear_center,24.0,OK,MONITORING,True,24.0,,,,,,,2026-10-07 17:11:49.312000+00:00,0.0,0.0,,24.0,0.0,0.0,,False,False,False,False,False,False,,,,False,False,,False,False,False,False,False,False,False,False,NORMAL
2026-10-07 17:11:49.315845+00:00,,guardian_state,True,0.97,rear_center,24.0,OK,MONITORING,True,24.0,,,,,,,2026-10-07 17:11:49.315845+00:00,0.0,0.0,,24.0,0.0,0.0,,False,False,False,False,False,False,,,,False,False,,False,False,False,False,False,False,False,False,NORMAL
2026-10-07 17:11:51.319171+00:00,1791393111316.0,temperature,True,0.97,rear_center,24.0,OK,MONITORING,True,24.0,,,,,,,2026-10-07 17:11:51.316000+00:00,0.0,0.0,,24.0,0.0,0.0,,False,False,False,False,False,False,,,,False,False,,False,False,False,False,False,False,False,False,NORMAL
2026-10-07 17:11:51.319940+00:00,,guardian_state,True,0.97,rear_center,24.0,OK,MONITORING,True,24.0,,,,,,,2026-10-07 17:11:51.319940+00:00,0.0,0.0,,24.0,0.0,0.0,,False,False,False,False,False,False,,,,False,False,,False,False,False,False,False,False,False,False,NORMAL
2026-10-07 17:11:53.321506+00:00,1791393113318.0,temperature,True,0.97,rear_center,24.0,OK,MONITORING,True,24.0,,,,,,,2026-10-07 17:11:53.318000+00:00,0.0,0.0,,24.0,0.0,0.0,,False,False,False,False,False,False,,,,False,False,,False,False,False,False,False,False,False,False,NORMAL
2026-10-07 17:11:53.322283+00:00,,guardian_state,True,0.97,rear_center,24.0,OK,MONITORING,True,24.0,,,,,,,2026-10-07 17:11:53.322283+00:00,0.0,0.0,,24.0,0.0,0.0,,False,False,False,False,False,False,,,,False,False,,False,False,False,False,False,False,False,False,NORMAL
2026-10-07 17:11:54.236904+00:00,1791393114234.0,child_presence,True,0.97,rear_center,24.0,OK,MONITORING,True,24.0,,,,,,,2026-10-07 17:11:54.234000+00:00,0.0,0.0,,24.0,0.0,0.0,,False,False,False,False,False,False,,,,False,False,,False,False,False,False,False,False,False,False,NORMAL
2026-10-07 17:11:54.237253+00:00,,guardian_state,True,0.97,rear_center,24.0,OK,MONITORING,True,24.0,,,,,,,2026-10-07 17:11:54.237253+00:00,0.0,0.0,,24.0,0.0,0.0,,False,False,False,False,False,False,,,,False,False,,False,False,False,False,False,False,False,False,NORMAL
2026-10-07 17:11:55.326836+00:00,1791393115323.0,temperature,True,0.97,rear_center,24.0,OK,MONITORING,True,24.0,,,,,,,2026-10-07 17:11:55.323000+00:00,0.0,0.0,,24.0,0.0,0.0,,False,False,False,False,False,False,,,,False,False,,False,False,False,False,False,False,False,False,NORMAL
2026-10-07 17:11:55.327703+00:00,,guardian_state,True,0.97,rear_center,24.0,OK,MONITORING,True,24.0,,,,,,,2026-10-07 17:11:55.327703+00:00,0.0,0.0,,24.0,0.0,0.0,,False,False,False,False,False,False,,,,False,False,,False,False,False,False,False,False,False,False,NORMAL
2026-10-07 17:11:57.328537+00:00,1791393117325.0,temperature,True,0.97,rear_center,24.0,OK,MONITORING,True,24.0,,,,,,,2026-10-07 17:11:57.325000+00:00,0.0,0.0,,24.0,0.0,0.0,,False,False,False,False,False,False,,,,False,False,,False,False,False,False,False,False,False,False,NORMAL
2026-10-07 17:11:57.329259+00:00,,guardian_state,True,0.97,rear_center,24.0,OK,MONITORING,True,24.0,,,,,,,2026-10-07 17:11:57.329259+00:00,0.0,0.0,,24.0,0.0,0.0,,False,False,False,False,False,False,,,,False,False,,False,False,False,False,False,False,False,False,NORMAL
2026-10-07 17:11:59.338969+00:00,1791393119335.0,temperature,True,0.97,rear_center,24.0,OK,MONITORING,True,24.0,,,,,,,2026-10-07 17:11:59.335000+00:00,0.0,0.0,,24.0,0.0,0.0,,False,False,False,False,False,False,,,,False,False,,False,False,False,False,False,False,False,False,NORMAL
2026-10-07 17:11:59.340457+00:00,,guardian_state,True,0.97,rear_center,24.0,OK,MONITORING,True,24.0,,,,,,,2026-10-07 17:11:59.340457+00:00,0.0,0.0,,24.0,0.0,0.0,,False,False,False,False,False,False,,,,False,False,,False,False,False,False,False,False,False,False,NORMAL
2026-10-07 17:12:01.349430+00:00,1791393121346.0,temperature,True,0.97,rear_center,24.0,OK,MONITORING,True,24.0,,,,,,,2026-10-07 17:12:01.346000+00:00,0.0,0.0,,24.0,0.0,0.0,,False,False,False,False,False,False,,,,False,False,,False,False,False,False,False,False,False,False,NORMAL
2026-10-07 17:12:01.350259+00:00,,guardian_state,True,0.97,rear_center,24.0,OK,MONITORING,True,24.0,,,,,,,2026-10-07 17:12:01.350259+00:00,0.0,0.0,,24.0,0.0,0.0,,False,False,False,False,False,False,,,,False,False,,False,False,False,False,False,False,False,False,NORMAL
2026-10-07 17:12:03.355568+00:00,1791393123352.0,temperature,True,0.97,rear_center,24.0,OK,MONITORING,True,24.0,,,,,,,2026-10-07 17:12:03.352000+00:00,0.0,0.0,,24.0,0.0,0.0,,False,False,False,False,False,False,,,,False,False,,False,False,False,False,False,False,False,False,NORMAL
2026-10-07 17:12:03.356410+00:00,,guardian_state,True,0.97,rear_center,24.0,OK,MONITORING,True,24.0,,,,,,,2026-10-07 17:12:03.356410+00:00,0.0,0.0,,24.0,0.0,0.0,,False,False,False,False,False,False,,,,False,False,,False,False,False,False,False,False,False,False,NORMAL
2026-10-07 17:12:05.361501+00:00,1791393125358.0,temperature,True,0.97,rear_center,24.0,OK,MONITORING,True,24.0,,,,,,,2026-10-07 17:12:05.358000+00:00,0.0,0.0,,24.0,0.0,0.0,,False,False,False,False,False,False,,,,False,False,,False,False,False,False,False,False,False,False,NORMAL
2026-10-07 17:12:05.362304+00:00,,guardian_state,True,0.97,rear_center,24.0,OK,MONITORING,True,24.0,,,,,,,2026-10-07 17:12:05.362304+00:00,0.0,0.0,,24.0,0.0,0.0,,False,False,False,False,False,False,,,,False,False,,False,False,False,False,False,False,False,False,NORMAL
2026-10-07 17:12:06.241273+00:00,1791393126238.0,child_presence,True,0.97,rear_center,24.0,OK,MONITORING,True,24.0,,,,,,,2026-10-07 17:12:06.238000+00:00,0.0,0.0,,24.0,0.0,0.0,,False,False,False,False,False,False,,,,False,False,,False,False,False,False,False,False,False,False,NORMAL
2026-10-07 17:12:06.242158+00:00,,guardian_state,True,0.97,rear_center,24.0,OK,MONITORING,True,24.0,,,,,,,2026-10-07 17:12:06.242158+00:00,0.0,0.0,,24.0,0.0,0.0,,False,False,False,False,False,False,,,,False,False,,False,False,False,False,False,False,False,False,NORMAL
2026-10-07 17:12:07.362614+00:00,1791393127359.0,temperature,True,0.97,rear_center,24.0,OK,MONITORING,True,24.0,,,,,,,2026-10-07 17:12:07.359000+00:00,0.0,0.0,,24.0,0.0,0.0,,False,False,False,False,False,False,,,,False,False,,False,False,False,False,False,False,False,False,NORMAL
2026-10-07 17:12:07.363479+00:00,,guardian_state,True,0.97,rear_center,24.0,OK,MONITORING,True,24.0,,,,,,,2026-10-07 17:12:07.363479+00:00,0.0,0.0,,24.0,0.0,0.0,,False,False,False,False,False,False,,,,False,False,,False,False,False,False,False,False,False,False,NORMAL
2026-10-07 17:12:09.367080+00:00,1791393129364.0,temperature,True,0.97,rear_center,24.0,OK,MONITORING,True,24.0,,,,,,,2026-10-07 17:12:09.364000+00:00,0.0,0.0,,24.0,0.0,0.0,,False,False,False,False,False,False,,,,False,False,,False,False,False,False,False,False,False,False,NORMAL
2026-10-07 17:12:09.367817+00:00,,guardian_state,True,0.97,rear_center,24.0,OK,MONITORING,True,24.0,,,,,,,2026-10-07 17:12:09.367817+00:00,0.0,0.0,,24.0,0.0,0.0,,False,False,False,False,False,False,,,,False,False,,False,False,False,False,False,False,False,False,NORMAL
2026-10-07 17:17:24.267506+00:00,1791393131368.0,temperature,True,0.97,rear_center,24.0,OK,MONITORING,True,24.0,,,,,,,2026-10-07 17:12:11.368000+00:00,0.0,0.0,,24.0,0.0,0.0,,False,False,False,False,False,False,,,,False,False,,False,False,False,False,False,False,False,False,NORMAL
2026-10-07 17:17:24.267972+00:00,,guardian_state,True,0.97,rear_center,24.0,OK,MONITORING,True,24.0,,,,,,,2026-10-07 17:17:24.267972+00:00,0.0,0.0,,24.0,0.0,0.0,,False,False,False,False,False,False,,,,False,False,,False,False,False,False,False,False,False,False,NORMAL
2026-10-07 17:17:26.276014+00:00,1791393446272.0,temperature,True,0.97,rear_center,24.0,OK,MONITORING,True,24.0,,,,,,,2026-10-07 17:17:26.272000+00:00,0.0,0.0,,24.0,0.0,0.0,,False,False,False,False,False,False,,,,False,False,,False,False,False,False,False,False,False,False,NORMAL
2026-10-07 17:17:26.277430+00:00,,guardian_state,True,0.97,rear_center,24.0,OK,MONITORING,True,24.0,,,,,,,2026-10-07 17:17:26.277430+00:00,0.0,0.0,,24.0,0.0,0.0,,False,False,False,False,False,False,,,,False,False,,False,False,False,False,False,False,False,False,NORMAL
2026-10-07 17:17:28.277675+00:00,1791393448274.0,temperature,True,0.97,rear_center,24.0,OK,MONITORING,True,24.0,,,,,,,2026-10-07 17:17:28.274000+00:00,0.0,0.0,,24.0,0.0,0.0,,False,False,False,False,False,False,,,,False,False,,False,False,False,False,False,False,False,False,NORMAL
2026-10-07 17:17:28.278585+00:00,,guardian_state,True,0.97,rear_center,24.0,OK,MONITORING,True,24.0,,,,,,,2026-10-07 17:17:28.278585+00:00,0.0,0.0,,24.0,0.0,0.0,,False,False,False,False,False,False,,,,False,False,,False,False,False,False,False,False,False,False,NORMAL
2026-10-07 17:17:30.284602+00:00,1791393450281.0,temperature,True,0.97,rear_center,24.0,OK,MONITORING,True,24.0,,,,,,,2026-10-07 17:17:30.281000+00:00,0.0,0.0,,24.0,0.0,0.0,,False,False,False,False,False,False,,,,False,False,,False,False,False,False,False,False,False,False,NORMAL
2026-10-07 17:17:30.285310+00:00,,guardian_state,True,0.97,rear_center,24.0,OK,MONITORING,True,24.0,,,,,,,2026-10-07 17:17:30.285310+00:00,0.0,0.0,,24.0,0.0,0.0,,False,False,False,False,False,False,,,,False,False,,False,False,False,False,False,False,False,False,NORMAL
2026-10-07 17:17:31.146125+00:00,1791393451143.0,child_presence,True,0.97,rear_center,24.0,OK,MONITORING,True,24.0,,,,,,,2026-10-07 17:17:31.143000+00:00,0.0,0.0,,24.0,0.0,0.0,,False,False,False,False,False,False,,,,False,False,,False,False,False,False,False,False,False,False,NORMAL
2026-10-07 17:17:31.146823+00:00,,guardian_state,True,0.97,rear_center,24.0,OK,MONITORING,True,24.0,,,,,,,2026-10-07 17:17:31.146823+00:00,0.0,0.0,,24.0,0.0,0.0,,False,False,False,False,False,False,,,,False,False,,False,False,False,False,False,False,False,False,NORMAL
2026-10-07 17:17:32.286083+00:00,1791393452283.0,temperature,True,0.97,rear_center,24.0,OK,MONITORING,True,24.0,,,,,,,2026-10-07 17:17:32.283000+00:00,0.0,0.0,,24.0,0.0,0.0,,False,False,False,False,False,False,,,,False,False,,False,False,False,False,False,False,False,False,NORMAL
2026-10-07 17:17:32.287047+00:00,,guardian_state,True,0.97,rear_center,24.0,OK,MONITORING,True,24.0,,,,,,,2026-10-07 17:17:32.287047+00:00,0.0,0.0,,24.0,0.0,0.0,,False,False,False,False,False,False,,,,False,False,,False,False,False,False,False,False,False,False,NORMAL
2026-10-07 17:17:34.287859+00:00,1791393454285.0,temperature,True,0.97,rear_center,24.0,OK,MONITORING,True,24.0,,,,,,,2026-10-07 17:17:34.285000+00:00,0.0,0.0,,24.0,0.0,0.0,,False,False,False,False,False,False,,,,False,False,,False,False,False,False,False,False,False,False,NORMAL
2026-10-07 17:17:34.288264+00:00,,guardian_state,True,0.97,rear_center,24.0,OK,MONITORING,True,24.0,,,,,,,2026-10-07 17:17:34.288264+00:00,0.0,0.0,,24.0,0.0,0.0,,False,False,False,False,False,False,,,,False,False,,False,False,False,False,False,False,False,False,NORMAL
2026-10-07 17:17:36.296846+00:00,1791393456294.0,temperature,True,0.97,rear_center,24.0,OK,MONITORING,True,24.0,,,,,,,2026-10-07 17:17:36.294000+00:00,0.0,0.0,,24.0,0.0,0.0,,False,False,False,False,False,False,,,,False,False,,False,False,False,False,False,False,False,False,NORMAL
2026-10-07 17:17:36.297818+00:00,,guardian_state,True,0.97,rear_center,24.0,OK,MONITORING,True,24.0,,,,,,,2026-10-07 17:17:36.297818+00:00,0.0,0.0,,24.0,0.0,0.0,,False,False,False,False,False,False,,,,False,False,,False,False,False,False,False,False,False,False,NORMAL
2026-10-07 17:17:38.307100+00:00,1791393458304.0,temperature,True,0.97,rear_center,24.0,OK,MONITORING,True,24.0,,,,,,,2026-10-07 17:17:38.304000+00:00,0.0,0.0,,24.0,0.0,0.0,,False,False,False,False,False,False,,,,False,False,,False,False,False,False,False,False,False,False,NORMAL
2026-10-07 17:17:38.307828+00:00,,guardian_state,True,0.97,rear_center,24.0,OK,MONITORING,True,24.0,,,,,,,2026-10-07 17:17:38.307828+00:00,0.0,0.0,,24.0,0.0,0.0,,False,False,False,False,False,False,,,,False,False,,False,False,False,False,False,False,False,False,NORMAL
2026-10-07 17:17:40.312972+00:00,1791393460310.0,temperature,True,0.97,rear_center,24.0,OK,MONITORING,True,24.0,,,,,,,2026-10-07 17:17:40.310000+00:00,0.0,0.0,,24.0,0.0,0.0,,False,False,False,False,False,False,,,,False,False,,False,False,False,False,False,False,False,False,NORMAL
2026-10-07 17:17:40.313794+00:00,,guardian_state,True,0.97,rear_center,24.0,OK,MONITORING,True,24.0,,,,,,,2026-10-07 17:17:40.313794+00:00,0.0,0.0,,24.0,0.0,0.0,,False,False,False,False,False,False,,,,False,False,,False,False,False,False,False,False,False,False,NORMAL
2026-10-07 17:17:42.318406+00:00,1791393462315.0,temperature,True,0.97,rear_center,24.0,OK,MONITORING,True,24.0,,,,,,,2026-10-07 17:17:42.315000+00:00,0.0,0.0,,24.0,0.0,0.0,,False,False,False,False,False,False,,,,False,False,,False,False,False,False,False,False,False,False,NORMAL
2026-10-07 17:17:42.319235+00:00,,guardian_state,True,0.97,rear_center,24.0,OK,MONITORING,True,24.0,,,,,,,2026-10-07 17:17:42.319235+00:00,0.0,0.0,,24.0,0.0,0.0,,False,False,False,False,False,False,,,,False,False,,False,False,False,False,False,False,False,False,NORMAL
2026-10-07 17:17:43.157965+00:00,1791393463155.0,child_presence,True,0.97,rear_center,24.0,OK,MONITORING,True,24.0,,,,,,,2026-10-07 17:17:43.155000+00:00,0.0,0.0,,24.0,0.0,0.0,,False,False,False,False,False,False,,,,False,False,,False,False,False,False,False,False,False,False,NORMAL
2026-10-07 17:17:43.158705+00:00,,guardian_state,True,0.97,rear_center,24.0,OK,MONITORING,True,24.0,,,,,,,2026-10-07 17:17:43.158705+00:00,0.0,0.0,,24.0,0.0,0.0,,False,False,False,False,False,False,,,,False,False,,False,False,False,False,False,False,False,False,NORMAL
2026-10-07 17:17:44.325385+00:00,1791393464322.0,temperature,True,0.97,rear_center,24.0,OK,MONITORING,True,24.0,,,,,,,2026-10-07 17:17:44.322000+00:00,0.0,0.0,,24.0,0.0,0.0,,False,False,False,False,False,False,,,,False,False,,False,False,False,False,False,False,False,False,NORMAL
2026-10-07 17:17:44.325774+00:00,,guardian_state,True,0.97,rear_center,24.0,OK,MONITORING,True,24.0,,,,,,,2026-10-07 17:17:44.325774+00:00,0.0,0.0,,24.0,0.0,0.0,,False,False,False,False,False,False,,,,False,False,,False,False,False,False,False,False,False,False,NORMAL
2026-10-07 17:17:46.326956+00:00,1791393466324.0,temperature,True,0.97,rear_center,24.0,OK,MONITORING,True,24.0,,,,,,,2026-10-07 17:17:46.324000+00:00,0.0,0.0,,24.0,0.0,0.0,,False,False,False,False,False,False,,,,False,False,,False,False,False,False,False,False,False,False,NORMAL
2026-10-07 17:17:46.327963+00:00,,guardian_state,True,0.97,rear_center,24.0,OK,MONITORING,True,24.0,,,,,,,2026-10-07 17:17:46.327963+00:00,0.0,0.0,,24.0,0.0,0.0,,False,False,False,False,False,False,,,,False,False,,False,False,False,False,False,False,False,False,NORMAL
2026-10-07 17:17:48.335225+00:00,1791393468332.0,temperature,True,0.97,rear_center,24.0,OK,MONITORING,True,24.0,,,,,,,2026-10-07 17:17:48.332000+00:00,0.0,0.0,,24.0,0.0,0.0,,False,False,False,False,False,False,,,,False,False,,False,False,False,False,False,False,False,False,NORMAL
2026-10-07 17:17:48.335957+00:00,,guardian_state,True,0.97,rear_center,24.0,OK,MONITORING,True,24.0,,,,,,,2026-10-07 17:17:48.335957+00:00,0.0,0.0,,24.0,0.0,0.0,,False,False,False,False,False,False,,,,False,False,,False,False,False,False,False,False,False,False,NORMAL
2026-10-07 17:17:50.338357+00:00,1791393470335.0,temperature,True,0.97,rear_center,24.0,OK,MONITORING,True,24.0,,,,,,,2026-10-07 17:17:50.335000+00:00,0.0,0.0,,24.0,0.0,0.0,,False,False,False,False,False,False,,,,False,False,,False,False,False,False,False,False,False,False,NORMAL
2026-10-07 17:17:50.339076+00:00,,guardian_state,True,0.97,rear_center,24.0,OK,MONITORING,True,24.0,,,,,,,2026-10-07 17:17:50.339076+00:00,0.0,0.0,,24.0,0.0,0.0,,False,False,False,False,False,False,,,,False,False,,False,False,False,False,False,False,False,False,NORMAL
2026-10-07 17:17:52.341067+00:00,1791393472338.0,temperature,True,0.97,rear_center,24.0,OK,MONITORING,True,24.0,,,,,,,2026-10-07 17:17:52.338000+00:00,0.0,0.0,,24.0,0.0,0.0,,False,False,False,False,False,False,,,,False,False,,False,False,False,False,False,False,False,False,NORMAL
2026-10-07 17:17:52.341869+00:00,,guardian_state,True,0.97,rear_center,24.0,OK,MONITORING,True,24.0,,,,,,,2026-10-07 17:17:52.341869+00:00,0.0,0.0,,24.0,0.0,0.0,,False,False,False,False,False,False,,,,False,False,,False,False,False,False,False,False,False,False,NORMAL
2026-10-07 17:17:54.352497+00:00,1791393474350.0,temperature,True,0.97,rear_center,24.0,OK,MONITORING,True,24.0,,,,,,,2026-10-07 17:17:54.350000+00:00,0.0,0.0,,24.0,0.0,0.0,,False,False,False,False,False,False,,,,False,False,,False,False,False,False,False,False,False,False,NORMAL
2026-10-07 17:17:54.353177+00:00,,guardian_state,True,0.97,rear_center,24.0,OK,MONITORING,True,24.0,,,,,,,2026-10-07 17:17:54.353177+00:00,0.0,0.0,,24.0,0.0,0.0,,False,False,False,False,False,False,,,,False,False,,False,False,False,False,False,False,False,False,NORMAL
2026-10-07 17:17:55.167163+00:00,1791393475164.0,child_presence,True,0.97,rear_center,24.0,OK,MONITORING,True,24.0,,,,,,,2026-10-07 17:17:55.164000+00:00,0.0,0.0,,24.0,0.0,0.0,,False,False,False,False,False,False,,,,False,False,,False,False,False,False,False,False,False,False,NORMAL
2026-10-07 17:17:55.167934+00:00,,guardian_state,True,0.97,rear_center,24.0,OK,MONITORING,True,24.0,,,,,,,2026-10-07 17:17:55.167934+00:00,0.0,0.0,,24.0,0.0,0.0,,False,False,False,False,False,False,,,,False,False,,False,False,False,False,False,False,False,False,NORMAL
2026-10-07 17:17:56.357564+00:00,1791393476354.0,temperature,True,0.97,rear_center,24.0,OK,MONITORING,True,24.0,,,,,,,2026-10-07 17:17:56.354000+00:00,0.0,0.0,,24.0,0.0,0.0,,False,False,False,False,False,False,,,,False,False,,False,False,False,False,False,False,False,False,NORMAL
2026-10-07 17:17:56.358531+00:00,,guardian_state,True,0.97,rear_center,24.0,OK,MONITORING,True,24.0,,,,,,,2026-10-07 17:17:56.358531+00:00,0.0,0.0,,24.0,0.0,0.0,,False,False,False,False,False,False,,,,False,False,,False,False,False,False,False,False,False,False,NORMAL
2026-10-07 17:17:58.366910+00:00,1791393478364.0,temperature,True,0.97,rear_center,24.0,OK,MONITORING,True,24.0,,,,,,,2026-10-07 17:17:58.364000+00:00,0.0,0.0,,24.0,0.0,0.0,,False,False,False,False,False,False,,,,False,False,,False,False,False,False,False,False,False,False,NORMAL
2026-10-07 17:17:58.367781+00:00,,guardian_state,True,0.97,rear_center,24.0,OK,MONITORING,True,24.0,,,,,,,2026-10-07 17:17:58.367781+00:00,0.0,0.0,,24.0,0.0,0.0,,False,False,False,False,False,False,,,,False,False,,False,False,False,False,False,False,False,False,NORMAL
2026-10-07 17:18:00.369194+00:00,1791393480366.0,temperature,True,0.97,rear_center,24.0,OK,MONITORING,True,24.0,,,,,,,2026-10-07 17:18:00.366000+00:00,0.0,0.0,,24.0,0.0,0.0,,False,False,False,False,False,False,,,,False,False,,False,False,False,False,False,False,False,False,NORMAL
2026-10-07 17:18:00.369969+00:00,,guardian_state,True,0.97,rear_center,24.0,OK,MONITORING,True,24.0,,,,,,,2026-10-07 17:18:00.369969+00:00,0.0,0.0,,24.0,0.0,0.0,,False,False,False,False,False,False,,,,False,False,,False,False,False,False,False,False,False,False,NORMAL
2026-10-07 17:18:02.370836+00:00,1791393482368.0,temperature,True,0.97,rear_center,24.0,OK,MONITORING,True,24.0,,,,,,,2026-10-07 17:18:02.368000+00:00,0.0,0.0,,24.0,0.0,0.0,,False,False,False,False,False,False,,,,False,False,,False,False,False,False,False,False,False,False,NORMAL
2026-10-07 17:18:02.372351+00:00,,guardian_state,True,0.97,rear_center,24.0,OK,MONITORING,True,24.0,,,,,,,2026-10-07 17:18:02.372351+00:00,0.0,0.0,,24.0,0.0,0.0,,False,False,False,False,False,False,,,,False,False,,False,False,False,False,False,False,False,False,NORMAL
2026-10-07 17:18:04.381165+00:00,1791393484378.0,temperature,True,0.97,rear_center,24.0,OK,MONITORING,True,24.0,,,,,,,2026-10-07 17:18:04.378000+00:00,0.0,0.0,,24.0,0.0,0.0,,False,False,False,False,False,False,,,,False,False,,False,False,False,False,False,False,False,False,NORMAL
2026-10-07 17:18:04.382034+00:00,,guardian_state,True,0.97,rear_center,24.0,OK,MONITORING,True,24.0,,,,,,,2026-10-07 17:18:04.382034+00:00,0.0,0.0,,24.0,0.0,0.0,,False,False,False,False,False,False,,,,False,False,,False,False,False,False,False,False,False,False,NORMAL
2026-10-07 17:18:06.392721+00:00,1791393486390.0,temperature,True,0.97,rear_center,24.0,OK,MONITORING,True,24.0,,,,,,,2026-10-07 17:18:06.390000+00:00,0.0,0.0,,24.0,0.0,0.0,,False,False,False,False,False,False,,,,False,False,,False,False,False,False,False,False,False,False,NORMAL
2026-10-07 17:18:06.393564+00:00,,guardian_state,True,0.97,rear_center,24.0,OK,MONITORING,True,24.0,,,,,,,2026-10-07 17:18:06.393564+00:00,0.0,0.0,,24.0,0.0,0.0,,False,False,False,False,False,False,,,,False,False,,False,False,False,False,False,False,False,False,NORMAL
2026-10-07 17:18:07.174640+00:00,1791393487171.0,child_presence,True,0.97,rear_center,24.0,OK,MONITORING,True,24.0,,,,,,,2026-10-07 17:18:07.171000+00:00,0.0,0.0,,24.0,0.0,0.0,,False,False,False,False,False,False,,,,False,False,,False,False,False,False,False,False,False,False,NORMAL
2026-10-07 17:18:07.175447+00:00,,guardian_state,True,0.97,rear_center,24.0,OK,MONITORING,True,24.0,,,,,,,2026-10-07 17:18:07.175447+00:00,0.0,0.0,,24.0,0.0,0.0,,False,False,False,False,False,False,,,,False,False,,False,False,False,False,False,False,False,False,NORMAL
2026-10-07 17:18:08.396585+00:00,1791393488393.0,temperature,True,0.97,rear_center,24.0,OK,MONITORING,True,24.0,,,,,,,2026-10-07 17:18:08.393000+00:00,0.0,0.0,,24.0,0.0,0.0,,False,False,False,False,False,False,,,,False,False,,False,False,False,False,False,False,False,False,NORMAL
2026-10-07 17:18:08.397376+00:00,,guardian_state,True,0.97,rear_center,24.0,OK,MONITORING,True,24.0,,,,,,,2026-10-07 17:18:08.397376+00:00,0.0,0.0,,24.0,0.0,0.0,,False,False,False,False,False,False,,,,False,False,,False,False,False,False,False,False,False,False,NORMAL
2026-10-07 17:35:38.002260+00:00,1791393490397.0,temperature,True,0.97,rear_center,24.0,OK,MONITORING,True,24.0,,,,,,,2026-10-07 17:18:10.397000+00:00,0.0,0.0,,24.0,0.0,0.0,,False,False,False,False,False,False,,,,False,False,,False,False,False,False,False,False,False,False,NORMAL
2026-10-07 17:35:40.008055+00:00,1791393492403.0,temperature,True,0.97,rear_center,24.0,OK,MONITORING,True,24.0,,,,,,,2026-10-07 17:18:12.403000+00:00,0.0,0.0,,24.0,0.0,0.0,,False,False,False,False,False,False,,,,False,False,,False,False,False,False,False,False,False,False,NORMAL
2026-10-07 17:35:42.012466+00:00,1791393494407.0,temperature,True,0.97,rear_center,24.0,OK,MONITORING,True,24.0,,,,,,,2026-10-07 17:18:14.407000+00:00,0.0,0.0,,24.0,0.0,0.0,,False,False,False,False,False,False,,,,False,False,,False,False,False,False,False,False,False,False,NORMAL
2026-10-07 17:35:44.024442+00:00,1791393496420.0,temperature,True,0.97,rear_center,24.0,OK,MONITORING,True,24.0,,,,,,,2026-10-07 17:18:16.420000+00:00,0.0,0.0,,24.0,0.0,0.0,,False,False,False,False,False,False,,,,False,False,,False,False,False,False,False,False,False,False,NORMAL
2026-10-07 17:35:46.028798+00:00,1791393498424.0,temperature,True,0.97,rear_center,24.0,OK,MONITORING,True,24.0,,,,,,,2026-10-07 17:18:18.424000+00:00,0.0,0.0,,24.0,0.0,0.0,,False,False,False,False,False,False,,,,False,False,,False,False,False,False,False,False,False,False,NORMAL
2026-10-07 17:35:46.781780+00:00,1791393499177.0,child_presence,True,0.97,rear_center,24.0,OK,MONITORING,True,24.0,,,,,,,2026-10-07 17:18:19.177000+00:00,0.0,0.0,,24.0,0.0,0.0,,False,False,False,False,False,False,,,,False,False,,False,False,False,False,False,False,False,False,NORMAL
2026-10-07 17:35:48.034530+00:00,1791393500429.0,temperature,True,0.97,rear_center,24.0,OK,MONITORING,True,24.0,,,,,,,2026-10-07 17:18:20.429000+00:00,0.0,0.0,,24.0,0.0,0.0,,False,False,False,False,False,False,,,,False,False,,False,False,False,False,False,False,False,False,NORMAL
2026-10-07 17:35:50.043163+00:00,1791393502438.0,temperature,True,0.97,rear_center,24.0,OK,MONITORING,True,24.0,,,,,,,2026-10-07 17:18:22.438000+00:00,0.0,0.0,,24.0,0.0,0.0,,False,False,False,False,False,False,,,,False,False,,False,False,False,False,False,False,False,False,NORMAL
2026-10-07 17:35:52.051924+00:00,1791393504447.0,temperature,True,0.97,rear_center,24.0,OK,MONITORING,True,24.0,,,,,,,2026-10-07 17:18:24.447000+00:00,0.0,0.0,,24.0,0.0,0.0,,False,False,False,False,False,False,,,,False,False,,False,False,False,False,False,False,False,False,NORMAL
2026-10-07 17:35:38.002894+00:00,,guardian_state,True,0.97,rear_center,24.0,OK,MONITORING,True,24.0,,,,,,,2026-10-07 17:35:38.002894+00:00,0.0,0.0,,24.0,0.0,0.0,,False,False,False,False,False,False,24.0,0.0,NORMAL,False,False,,False,False,False,False,False,False,False,False,NORMAL
2026-10-07 17:35:40.008944+00:00,,guardian_state,True,0.97,rear_center,24.0,OK,MONITORING,True,24.0,,,,,,,2026-10-07 17:35:40.008944+00:00,0.0,0.0,,24.0,0.0,0.0,,False,False,False,False,False,False,24.0,0.0,NORMAL,False,False,,False,False,False,False,False,False,False,False,NORMAL
2026-10-07 17:35:42.013166+00:00,,guardian_state,True,0.97,rear_center,24.0,OK,MONITORING,True,24.0,,,,,,,2026-10-07 17:35:42.013166+00:00,0.0,0.0,,24.0,0.0,0.0,,False,False,False,False,False,False,24.0,0.0,NORMAL,False,False,,False,False,False,False,False,False,False,False,NORMAL
2026-10-07 17:35:44.024846+00:00,,guardian_state,True,0.97,rear_center,24.0,OK,MONITORING,True,24.0,,,,,,,2026-10-07 17:35:44.024846+00:00,0.0,0.0,,24.0,0.0,0.0,,False,False,False,False,False,False,24.0,0.0,NORMAL,False,False,,False,False,False,False,False,False,False,False,NORMAL
2026-10-07 17:35:46.029551+00:00,,guardian_state,True,0.97,rear_center,24.0,OK,MONITORING,True,24.0,,,,,,,2026-10-07 17:35:46.029551+00:00,0.0,0.0,,24.0,0.0,0.0,,False,False,False,False,False,False,24.0,0.0,NORMAL,False,False,,False,False,False,False,False,False,False,False,NORMAL
2026-10-07 17:35:46.782614+00:00,,guardian_state,True,0.97,rear_center,24.0,OK,MONITORING,True,24.0,,,,,,,2026-10-07 17:35:46.782614+00:00,0.0,0.0,,24.0,0.0,0.0,,False,False,False,False,False,False,24.0,0.0,NORMAL,False,False,,False,False,False,False,False,False,False,False,NORMAL
2026-10-07 17:35:48.035328+00:00,,guardian_state,True,0.97,rear_center,24.0,OK,MONITORING,True,24.0,,,,,,,2026-10-07 17:35:48.035328+00:00,0.0,0.0,,24.0,0.0,0.0,,False,False,False,False,False,False,24.0,0.0,NORMAL,False,False,,False,False,False,False,False,False,False,False,NORMAL
2026-10-07 17:35:50.044056+00:00,,guardian_state,True,0.97,rear_center,24.0,OK,MONITORING,True,24.0,,,,,,,2026-10-07 17:35:50.044056+00:00,0.0,0.0,,24.0,0.0,0.0,,False,False,False,False,False,False,24.0,0.0,NORMAL,False,False,,False,False,False,False,False,False,False,False,NORMAL
2026-10-07 17:35:52.052989+00:00,,guardian_state,True,0.97,rear_center,24.0,OK,MONITORING,True,24.0,,,,,,,2026-10-07 17:35:52.052989+00:00,0.0,0.0,,24.0,0.0,0.0,,False,False,False,False,False,False,24.0,0.0,NORMAL,False,False,,False,False,False,False,False,False,False,False,NORMAL
2026-10-07 17:35:54.059451+00:00,1791394554056.0,temperature,True,0.97,rear_center,24.0,OK,MONITORING,True,24.0,,,,,,,2026-10-07 17:35:54.056000+00:00,0.0,0.0,,24.0,0.0,0.0,,False,False,False,False,False,False,24.0,0.0,NORMAL,False,False,,False,False,False,False,False,False,False,False,NORMAL
2026-10-07 17:35:54.059826+00:00,,guardian_state,True,0.97,rear_center,24.0,OK,MONITORING,True,24.0,,,,,,,2026-10-07 17:35:54.059826+00:00,0.0,0.0,,24.0,0.0,0.0,,False,False,False,False,False,False,24.0,0.0,NORMAL,False,False,,False,False,False,False,False,False,False,False,NORMAL
2026-10-07 17:35:56.066156+00:00,1791394556063.0,temperature,True,0.97,rear_center,24.0,OK,MONITORING,True,24.0,,,,,,,2026-10-07 17:35:56.063000+00:00,0.0,0.0,,24.0,0.0,0.0,,False,False,False,False,False,False,24.0,0.0,NORMAL,False,False,,False,False,False,False,False,False,False,False,NORMAL
2026-10-07 17:35:56.067071+00:00,,guardian_state,True,0.97,rear_center,24.0,OK,MONITORING,True,24.0,,,,,,,2026-10-07 17:35:56.067071+00:00,0.0,0.0,,24.0,0.0,0.0,,False,False,False,False,False,False,24.0,0.0,NORMAL,False,False,,False,False,False,False,False,False,False,False,NORMAL
2026-10-07 17:35:58.071519+00:00,1791394558068.0,temperature,True,0.97,rear_center,24.0,OK,MONITORING,True,24.0,,,,,,,2026-10-07 17:35:58.068000+00:00,0.0,0.0,,24.0,0.0,0.0,,False,False,False,False,False,False,24.0,0.0,NORMAL,False,False,,False,False,False,False,False,False,False,False,NORMAL
2026-10-07 17:35:58.072433+00:00,,guardian_state,True,0.97,rear_center,24.0,OK,MONITORING,True,24.0,,,,,,,2026-10-07 17:35:58.072433+00:00,0.0,0.0,,24.0,0.0,0.0,,False,False,False,False,False,False,24.0,0.0,NORMAL,False,False,,False,False,False,False,False,False,False,False,NORMAL
2026-10-07 17:35:58.790689+00:00,1791394558788.0,child_presence,True,0.97,rear_center,24.0,OK,MONITORING,True,24.0,,,,,,,2026-10-07 17:35:58.788000+00:00,0.0,0.0,,24.0,0.0,0.0,,False,False,False,False,False,False,24.0,0.0,NORMAL,False,False,,False,False,False,False,False,False,False,False,NORMAL
2026-10-07 17:35:58.791300+00:00,,guardian_state,True,0.97,rear_center,24.0,OK,MONITORING,True,24.0,,,,,,,2026-10-07 17:35:58.791300+00:00,0.0,0.0,,24.0,0.0,0.0,,False,False,False,False,False,False,24.0,0.0,NORMAL,False,False,,False,False,False,False,False,False,False,False,NORMAL
2026-10-07 17:36:00.075069+00:00,1791394560072.0,temperature,True,0.97,rear_center,24.0,OK,MONITORING,True,24.0,,,,,,,2026-10-07 17:36:00.072000+00:00,0.0,0.0,,24.0,0.0,0.0,,False,False,False,False,False,False,24.0,0.0,NORMAL,False,False,,False,False,False,False,False,False,False,False,NORMAL
2026-10-07 17:36:00.075909+00:00,,guardian_state,True,0.97,rear_center,24.0,OK,MONITORING,True,24.0,,,,,,,2026-10-07 17:36:00.075909+00:00,0.0,0.0,,24.0,0.0,0.0,,False,False,False,False,False,False,24.0,0.0,NORMAL,False,False,,False,False,False,False,False,False,False,False,NORMAL
2026-10-07 17:36:02.075975+00:00,1791394562073.0,temperature,True,0.97,rear_center,24.0,OK,MONITORING,True,24.0,,,,,,,2026-10-07 17:36:02.073000+00:00,0.0,0.0,,24.0,0.0,0.0,,False,False,False,False,False,False,24.0,0.0,NORMAL,False,False,,False,False,False,False,False,False,False,False,NORMAL
2026-10-07 17:36:02.076811+00:00,,guardian_state,True,0.97,rear_center,24.0,OK,MONITORING,True,24.0,,,,,,,2026-10-07 17:36:02.076811+00:00,0.0,0.0,,24.0,0.0,0.0,,False,False,False,False,False,False,24.0,0.0,NORMAL,False,False,,False,False,False,False,False,False,False,False,NORMAL
2026-10-07 17:36:04.086521+00:00,1791394564084.0,temperature,True,0.97,rear_center,24.0,OK,MONITORING,True,24.0,,,,,,,2026-10-07 17:36:04.084000+00:00,0.0,0.0,,24.0,0.0,0.0,,False,False,False,False,False,False,24.0,0.0,NORMAL,False,False,,False,False,False,False,False,False,False,False,NORMAL
2026-10-07 17:36:04.086909+00:00,,guardian_state,True,0.97,rear_center,24.0,OK,MONITORING,True,24.0,,,,,,,2026-10-07 17:36:04.086909+00:00,0.0,0.0,,24.0,0.0,0.0,,False,False,False,False,False,False,24.0,0.0,NORMAL,False,False,,False,False,False,False,False,False,False,False,NORMAL
2026-10-07 17:36:06.096317+00:00,1791394566093.0,temperature,True,0.97,rear_center,24.0,OK,MONITORING,True,24.0,,,,,,,2026-10-07 17:36:06.093000+00:00,0.0,0.0,,24.0,0.0,0.0,,False,False,False,False,False,False,24.0,0.0,NORMAL,False,False,,False,False,False,False,False,False,False,False,NORMAL
2026-10-07 17:36:06.097204+00:00,,guardian_state,True,0.97,rear_center,24.0,OK,MONITORING,True,24.0,,,,,,,2026-10-07 17:36:06.097204+00:00,0.0,0.0,,24.0,0.0,0.0,,False,False,False,False,False,False,24.0,0.0,NORMAL,False,False,,False,False,False,False,False,False,False,False,NORMAL
2026-10-07 17:36:08.103262+00:00,1791394568100.0,temperature,True,0.97,rear_center,24.0,OK,MONITORING,True,24.0,,,,,,,2026-10-07 17:36:08.100000+00:00,0.0,0.0,,24.0,0.0,0.0,,False,False,False,False,False,False,24.0,0.0,NORMAL,False,False,,False,False,False,False,False,False,False,False,NORMAL
2026-10-07 17:36:08.104078+00:00,,guardian_state,True,0.97,rear_center,24.0,OK,MONITORING,True,24.0,,,,,,,2026-10-07 17:36:08.104078+00:00,0.0,0.0,,24.0,0.0,0.0,,False,False,False,False,False,False,24.0,0.0,NORMAL,False,False,,False,False,False,False,False,False,False,False,NORMAL
2026-10-07 17:36:10.106558+00:00,1791394570103.0,temperature,True,0.97,rear_center,24.0,OK,MONITORING,True,24.0,,,,,,,2026-10-07 17:36:10.103000+00:00,0.0,0.0,,24.0,0.0,0.0,,False,False,False,False,False,False,24.0,0.0,NORMAL,False,False,,False,False,False,False,False,False,False,False,NORMAL
2026-10-07 17:36:10.107340+00:00,,guardian_state,True,0.97,rear_center,24.0,OK,MONITORING,True,24.0,,,,,,,2026-10-07 17:36:10.107340+00:00,0.0,0.0,,24.0,0.0,0.0,,False,False,False,False,False,False,24.0,0.0,NORMAL,False,False,,False,False,False,False,False,False,False,False,NORMAL
2026-10-07 17:36:10.792111+00:00,1791394570789.0,child_presence,True,0.97,rear_center,24.0,OK,MONITORING,True,24.0,,,,,,,2026-10-07 17:36:10.789000+00:00,0.0,0.0,,24.0,0.0,0.0,,False,False,False,False,False,False,24.0,0.0,NORMAL,False,False,,False,False,False,False,False,False,False,False,NORMAL
2026-10-07 17:36:10.792788+00:00,,guardian_state,True,0.97,rear_center,24.0,OK,MONITORING,True,24.0,,,,,,,2026-10-07 17:36:10.792788+00:00,0.0,0.0,,24.0,0.0,0.0,,False,False,False,False,False,False,24.0,0.0,NORMAL,False,False,,False,False,False,False,False,False,False,False,NORMAL
2026-10-07 17:36:12.116783+00:00,1791394572114.0,temperature,True,0.97,rear_center,24.0,OK,MONITORING,True,24.0,,,,,,,2026-10-07 17:36:12.114000+00:00,0.0,0.0,,24.0,0.0,0.0,,False,False,False,False,False,False,24.0,0.0,NORMAL,False,False,,False,False,False,False,False,False,False,False,NORMAL
2026-10-07 17:36:12.117630+00:00,,guardian_state,True,0.97,rear_center,24.0,OK,MONITORING,True,24.0,,,,,,,2026-10-07 17:36:12.117630+00:00,0.0,0.0,,24.0,0.0,0.0,,False,False,False,False,False,False,24.0,0.0,NORMAL,False,False,,False,False,False,False,False,False,False,False,NORMAL
2026-10-07 17:36:14.123435+00:00,1791394574120.0,temperature,True,0.97,rear_center,24.0,OK,MONITORING,True,24.0,,,,,,,2026-10-07 17:36:14.120000+00:00,0.0,0.0,,24.0,0.0,0.0,,False,False,False,False,False,False,24.0,0.0,NORMAL,False,False,,False,False,False,False,False,False,False,False,NORMAL
2026-10-07 17:36:14.124183+00:00,,guardian_state,True,0.97,rear_center,24.0,OK,MONITORING,True,24.0,,,,,,,2026-10-07 17:36:14.124183+00:00,0.0,0.0,,24.0,0.0,0.0,,False,False,False,False,False,False,24.0,0.0,NORMAL,False,False,,False,False,False,False,False,False,False,False,NORMAL
2026-10-07 17:36:16.128366+00:00,1791394576125.0,temperature,True,0.97,rear_center,24.0,OK,MONITORING,True,24.0,,,,,,,2026-10-07 17:36:16.125000+00:00,0.0,0.0,,24.0,0.0,0.0,,False,False,False,False,False,False,24.0,0.0,NORMAL,False,False,,False,False,False,False,False,False,False,False,NORMAL
2026-10-07 17:36:16.129116+00:00,,guardian_state,True,0.97,rear_center,24.0,OK,MONITORING,True,24.0,,,,,,,2026-10-07 17:36:16.129116+00:00,0.0,0.0,,24.0,0.0,0.0,,False,False,False,False,False,False,24.0,0.0,NORMAL,False,False,,False,False,False,False,False,False,False,False,NORMAL
2026-10-07 17:36:18.139965+00:00,1791394578137.0,temperature,True,0.97,rear_center,24.0,OK,MONITORING,True,24.0,,,,,,,2026-10-07 17:36:18.137000+00:00,0.0,0.0,,24.0,0.0,0.0,,False,False,False,False,False,False,24.0,0.0,NORMAL,False,False,,False,False,False,False,False,False,False,False,NORMAL
2026-10-07 17:36:18.140665+00:00,,guardian_state,True,0.97,rear_center,24.0,OK,MONITORING,True,24.0,,,,,,,2026-10-07 17:36:18.140665+00:00,0.0,0.0,,24.0,0.0,0.0,,False,False,False,False,False,False,24.0,0.0,NORMAL,False,False,,False,False,False,False,False,False,False,False,NORMAL
2026-10-07 17:36:20.150404+00:00,1791394580147.0,temperature,True,0.97,rear_center,24.0,OK,MONITORING,True,24.0,,,,,,,2026-10-07 17:36:20.147000+00:00,0.0,0.0,,24.0,0.0,0.0,,False,False,False,False,False,False,24.0,0.0,NORMAL,False,False,,False,False,False,False,False,False,False,False,NORMAL
2026-10-07 17:36:20.151259+00:00,,guardian_state,True,0.97,rear_center,24.0,OK,MONITORING,True,24.0,,,,,,,2026-10-07 17:36:20.151259+00:00,0.0,0.0,,24.0,0.0,0.0,,False,False,False,False,False,False,24.0,0.0,NORMAL,False,False,,False,False,False,False,False,False,False,False,NORMAL
2026-10-07 17:36:22.159635+00:00,1791394582156.0,temperature,True,0.97,rear_center,24.0,OK,MONITORING,True,24.0,,,,,,,2026-10-07 17:36:22.156000+00:00,0.0,0.0,,24.0,0.0,0.0,,False,False,False,False,False,False,24.0,0.0,NORMAL,False,False,,False,False,False,False,False,False,False,False,NORMAL
2026-10-07 17:36:22.160405+00:00,,guardian_state,True,0.97,rear_center,24.0,OK,MONITORING,True,24.0,,,,,,,2026-10-07 17:36:22.160405+00:00,0.0,0.0,,24.0,0.0,0.0,,False,False,False,False,False,False,24.0,0.0,NORMAL,False,False,,False,False,False,False,False,False,False,False,NORMAL
2026-10-07 17:36:22.794475+00:00,1791394582792.0,child_presence,True,0.97,rear_center,24.0,OK,MONITORING,True,24.0,,,,,,,2026-10-07 17:36:22.792000+00:00,0.0,0.0,,24.0,0.0,0.0,,False,False,False,False,False,False,24.0,0.0,NORMAL,False,False,,False,False,False,False,False,False,False,False,NORMAL
2026-10-07 17:36:22.795155+00:00,,guardian_state,True,0.97,rear_center,24.0,OK,MONITORING,True,24.0,,,,,,,2026-10-07 17:36:22.795155+00:00,0.0,0.0,,24.0,0.0,0.0,,False,False,False,False,False,False,24.0,0.0,NORMAL,False,False,,False,False,False,False,False,False,False,False,NORMAL
2026-10-07 17:36:24.160803+00:00,1791394584157.0,temperature,True,0.97,rear_center,24.0,OK,MONITORING,True,24.0,,,,,,,2026-10-07 17:36:24.157000+00:00,0.0,0.0,,24.0,0.0,0.0,,False,False,False,False,False,False,24.0,0.0,NORMAL,False,False,,False,False,False,False,False,False,False,False,NORMAL
2026-10-07 17:36:24.161621+00:00,,guardian_state,True,0.97,rear_center,24.0,OK,MONITORING,True,24.0,,,,,,,2026-10-07 17:36:24.161621+00:00,0.0,0.0,,24.0,0.0,0.0,,False,False,False,False,False,False,24.0,0.0,NORMAL,False,False,,False,False,False,False,False,False,False,False,NORMAL
2026-10-07 17:38:49.394418+00:00,1791394586160.0,temperature,True,0.97,rear_center,24.0,OK,MONITORING,True,24.0,,,,,,,2026-10-07 17:36:26.160000+00:00,0.0,0.0,,24.0,0.0,0.0,,False,False,False,False,False,False,24.0,0.0,NORMAL,False,False,,False,False,False,False,False,False,False,False,NORMAL
2026-10-07 17:38:51.398156+00:00,1791394588163.0,temperature,True,0.97,rear_center,24.0,OK,MONITORING,True,24.0,,,,,,,2026-10-07 17:36:28.163000+00:00,0.0,0.0,,24.0,0.0,0.0,,False,False,False,False,False,False,24.0,0.0,NORMAL,False,False,,False,False,False,False,False,False,False,False,NORMAL
2026-10-07 17:38:53.399400+00:00,1791394590164.0,temperature,True,0.97,rear_center,24.0,OK,MONITORING,True,24.0,,,,,,,2026-10-07 17:36:30.164000+00:00,0.0,0.0,,24.0,0.0,0.0,,False,False,False,False,False,False,24.0,0.0,NORMAL,False,False,,False,False,False,False,False,False,False,False,NORMAL
2026-10-07 17:38:55.402725+00:00,1791394592168.0,temperature,True,0.97,rear_center,24.0,OK,MONITORING,True,24.0,,,,,,,2026-10-07 17:36:32.168000+00:00,0.0,0.0,,24.0,0.0,0.0,,False,False,False,False,False,False,24.0,0.0,NORMAL,False,False,,False,False,False,False,False,False,False,False,NORMAL
2026-10-07 17:38:57.404683+00:00,1791394594171.0,temperature,True,0.97,rear_center,24.0,OK,MONITORING,True,24.0,,,,,,,2026-10-07 17:36:34.171000+00:00,0.0,0.0,,24.0,0.0,0.0,,False,False,False,False,False,False,24.0,0.0,NORMAL,False,False,,False,False,False,False,False,False,False,False,NORMAL
2026-10-07 17:38:58.026660+00:00,1791394594793.0,child_presence,True,0.97,rear_center,24.0,OK,MONITORING,True,24.0,,,,,,,2026-10-07 17:36:34.793000+00:00,0.0,0.0,,24.0,0.0,0.0,,False,False,False,False,False,False,24.0,0.0,NORMAL,False,False,,False,False,False,False,False,False,False,False,NORMAL
2026-10-07 17:38:59.407437+00:00,1791394596174.0,temperature,True,0.97,rear_center,24.0,OK,MONITORING,True,24.0,,,,,,,2026-10-07 17:36:36.174000+00:00,0.0,0.0,,24.0,0.0,0.0,,False,False,False,False,False,False,24.0,0.0,NORMAL,False,False,,False,False,False,False,False,False,False,False,NORMAL
2026-10-07 17:39:01.411816+00:00,1791394598178.0,temperature,True,0.97,rear_center,24.0,OK,MONITORING,True,24.0,,,,,,,2026-10-07 17:36:38.178000+00:00,0.0,0.0,,24.0,0.0,0.0,,False,False,False,False,False,False,24.0,0.0,NORMAL,False,False,,False,False,False,False,False,False,False,False,NORMAL
2026-10-07 17:39:03.416978+00:00,1791394600182.0,temperature,True,0.97,rear_center,24.0,OK,MONITORING,True,24.0,,,,,,,2026-10-07 17:36:40.182000+00:00,0.0,0.0,,24.0,0.0,0.0,,False,False,False,False,False,False,24.0,0.0,NORMAL,False,False,,False,False,False,False,False,False,False,False,NORMAL
2026-10-07 17:39:05.423710+00:00,1791394602189.0,temperature,True,0.97,rear_center,24.0,OK,MONITORING,True,24.0,,,,,,,2026-10-07 17:36:42.189000+00:00,0.0,0.0,,24.0,0.0,0.0,,False,False,False,False,False,False,24.0,0.0,NORMAL,False,False,,False,False,False,False,False,False,False,False,NORMAL
2026-10-07 17:39:07.428580+00:00,1791394604194.0,temperature,True,0.97,rear_center,24.0,OK,MONITORING,True,24.0,,,,,,,2026-10-07 17:36:44.194000+00:00,0.0,0.0,,24.0,0.0,0.0,,False,False,False,False,False,False,24.0,0.0,NORMAL,False,False,,False,False,False,False,False,False,False,False,NORMAL
2026-10-07 17:39:09.430169+00:00,1791394606196.0,temperature,True,0.97,rear_center,24.0,OK,MONITORING,True,24.0,,,,,,,2026-10-07 17:36:46.196000+00:00,0.0,0.0,,24.0,0.0,0.0,,False,False,False,False,False,False,24.0,0.0,NORMAL,False,False,,False,False,False,False,False,False,False,False,NORMAL
2026-10-07 17:39:10.034284+00:00,1791394606799.0,child_presence,True,0.97,rear_center,24.0,OK,MONITORING,True,24.0,,,,,,,2026-10-07 17:36:46.799000+00:00,0.0,0.0,,24.0,0.0,0.0,,False,False,False,False,False,False,24.0,0.0,NORMAL,False,False,,False,False,False,False,False,False,False,False,NORMAL
2026-10-07 17:39:11.437773+00:00,1791394608203.0,temperature,True,0.97,rear_center,24.0,OK,MONITORING,True,24.0,,,,,,,2026-10-07 17:36:48.203000+00:00,0.0,0.0,,24.0,0.0,0.0,,False,False,False,False,False,False,24.0,0.0,NORMAL,False,False,,False,False,False,False,False,False,False,False,NORMAL
2026-10-07 17:39:13.439745+00:00,1791394610205.0,temperature,True,0.97,rear_center,24.0,OK,MONITORING,True,24.0,,,,,,,2026-10-07 17:36:50.205000+00:00,0.0,0.0,,24.0,0.0,0.0,,False,False,False,False,False,False,24.0,0.0,NORMAL,False,False,,False,False,False,False,False,False,False,False,NORMAL
2026-10-07 17:39:15.442915+00:00,1791394612207.0,temperature,True,0.97,rear_center,24.0,OK,MONITORING,True,24.0,,,,,,,2026-10-07 17:36:52.207000+00:00,0.0,0.0,,24.0,0.0,0.0,,False,False,False,False,False,False,24.0,0.0,NORMAL,False,False,,False,False,False,False,False,False,False,False,NORMAL
2026-10-07 17:38:49.394686+00:00,,guardian_state,True,0.97,rear_center,24.0,OK,MONITORING,True,24.0,,,,,,,2026-10-07 17:38:49.394686+00:00,0.0,0.0,,24.0,0.0,0.0,,False,False,False,False,False,False,23.92,-0.0799999999999983,NORMAL,False,False,,False,False,False,False,False,False,False,False,NORMAL
2026-10-07 17:38:51.398700+00:00,,guardian_state,True,0.97,rear_center,24.0,OK,MONITORING,True,24.0,,,,,,,2026-10-07 17:38:51.398700+00:00,0.0,0.0,,24.0,0.0,0.0,,False,False,False,False,False,False,23.84,-0.16000000000000014,NORMAL,False,False,,False,False,False,False,False,False,False,False,NORMAL
2026-10-07 17:38:53.400217+00:00,,guardian_state,True,0.97,rear_center,24.0,OK,MONITORING,True,24.0,,,,,,,2026-10-07 17:38:53.400217+00:00,0.0,0.0,,24.0,0.0,0.0,,False,False,False,False,False,False,23.84,-0.16000000000000014,NORMAL,False,False,,False,False,False,False,False,False,False,False,NORMAL
2026-10-07 17:38:55.403640+00:00,,guardian_state,True,0.97,rear_center,24.0,OK,MONITORING,True,24.0,,,,,,,2026-10-07 17:38:55.403640+00:00,0.0,0.0,,24.0,0.0,0.0,,False,False,False,False,False,False,23.72,-0.28000000000000114,NORMAL,False,False,,False,False,False,False,False,False,False,False,NORMAL
2026-10-07 17:38:57.405311+00:00,,guardian_state,True,0.97,rear_center,24.0,OK,MONITORING,True,24.0,,,,,,,2026-10-07 17:38:57.405311+00:00,0.0,0.0,,24.0,0.0,0.0,,False,False,False,False,False,False,23.72,-0.28000000000000114,NORMAL,False,False,,False,False,False,False,False,False,False,False,NORMAL
2026-10-07 17:38:58.027041+00:00,,guardian_state,True,0.97,rear_center,24.0,OK,MONITORING,True,24.0,,,,,,,2026-10-07 17:38:58.027041+00:00,0.0,0.0,,24.0,0.0,0.0,,False,False,False,False,False,False,23.72,-0.28000000000000114,NORMAL,False,False,,False,False,False,False,False,False,False,False,NORMAL
2026-10-07 17:38:59.408147+00:00,,guardian_state,True,0.97,rear_center,24.0,OK,MONITORING,True,24.0,,,,,,,2026-10-07 17:38:59.408147+00:00,0.0,0.0,,24.0,0.0,0.0,,False,False,False,False,False,False,23.72,-0.28000000000000114,NORMAL,False,False,,False,False,False,False,False,False,False,False,NORMAL
2026-10-07 17:39:01.412119+00:00,,guardian_state,True,0.97,rear_center,24.0,OK,MONITORING,True,24.0,,,,,,,2026-10-07 17:39:01.412119+00:00,0.0,0.0,,24.0,0.0,0.0,,False,False,False,False,False,False,23.87,-0.129999999999999,NORMAL,False,False,,False,False,False,False,False,False,False,False,NORMAL
2026-10-07 17:39:03.417718+00:00,,guardian_state,True,0.97,rear_center,24.0,OK,MONITORING,True,24.0,,,,,,,2026-10-07 17:39:03.417718+00:00,0.0,0.0,,24.0,0.0,0.0,,False,False,False,False,False,False,23.87,-0.129999999999999,NORMAL,False,False,,False,False,False,False,False,False,False,False,NORMAL
2026-10-07 17:39:05.428383+00:00,,guardian_state,True,0.97,rear_center,24.0,OK,MONITORING,True,24.0,,,,,,,2026-10-07 17:39:05.428383+00:00,0.0,0.0,,24.0,0.0,0.0,,False,False,False,False,False,False,23.81,-0.19000000000000128,NORMAL,False,False,,False,False,False,False,False,False,False,False,NORMAL
2026-10-07 17:39:07.429010+00:00,,guardian_state,True,0.97,rear_center,24.0,OK,MONITORING,True,24.0,,,,,,,2026-10-07 17:39:07.429010+00:00,0.0,0.0,,24.0,0.0,0.0,,False,False,False,False,False,False,23.81,-0.19000000000000128,NORMAL,False,False,,False,False,False,False,False,False,False,False,NORMAL
2026-10-07 17:39:09.430458+00:00,,guardian_state,True,0.97,rear_center,24.0,OK,MONITORING,True,24.0,,,,,,,2026-10-07 17:39:09.430458+00:00,0.0,0.0,,24.0,0.0,0.0,,False,False,False,False,False,False,23.81,-0.19000000000000128,NORMAL,False,False,,False,False,False,False,False,False,False,False,NORMAL
2026-10-07 17:39:10.034998+00:00,,guardian_state,True,0.97,rear_center,24.0,OK,MONITORING,True,24.0,,,,,,,2026-10-07 17:39:10.034998+00:00,0.0,0.0,,24.0,0.0,0.0,,False,False,False,False,False,False,23.81,-0.19000000000000128,NORMAL,False,False,,False,False,False,False,False,False,False,False,NORMAL
2026-10-07 17:39:11.438658+00:00,,guardian_state,True,0.97,rear_center,24.0,OK,MONITORING,True,24.0,,,,,,,2026-10-07 17:39:11.438658+00:00,0.0,0.0,,24.0,0.0,0.0,,False,False,False,False,False,False,23.86,-0.14000000000000057,NORMAL,False,False,,False,False,False,False,False,False,False,False,NORMAL
2026-10-07 17:39:13.440732+00:00,,guardian_state,True,0.97,rear_center,24.0,OK,MONITORING,True,24.0,,,,,,,2026-10-07 17:39:13.440732+00:00,0.0,0.0,,24.0,0.0,0.0,,False,False,False,False,False,False,23.86,-0.14000000000000057,NORMAL,False,False,,False,False,False,False,False,False,False,False,NORMAL
2026-10-07 17:39:15.443529+00:00,,guardian_state,True,0.97,rear_center,24.0,OK,MONITORING,True,24.0,,,,,,,2026-10-07 17:39:15.443529+00:00,0.0,0.0,,24.0,0.0,0.0,,False,False,False,False,False,False,23.74,-0.26000000000000156,NORMAL,False,False,,False,False,False,False,False,False,False,False,NORMAL
2026-10-07 17:39:17.447016+00:00,1791394757443.0,temperature,True,0.97,rear_center,24.0,OK,MONITORING,True,24.0,,,,,,,2026-10-07 17:39:17.443000+00:00,0.0,0.0,,24.0,0.0,0.0,,False,False,False,False,False,False,23.74,-0.26000000000000156,NORMAL,False,False,,False,False,False,False,False,False,False,False,NORMAL
2026-10-07 17:39:17.448236+00:00,,guardian_state,True,0.97,rear_center,24.0,OK,MONITORING,True,24.0,,,,,,,2026-10-07 17:39:17.448236+00:00,0.0,0.0,,24.0,0.0,0.0,,False,False,False,False,False,False,23.74,-0.26000000000000156,NORMAL,False,False,,False,False,False,False,False,False,False,False,NORMAL
2026-10-07 17:39:19.448977+00:00,1791394759446.0,temperature,True,0.97,rear_center,24.0,OK,MONITORING,True,24.0,,,,,,,2026-10-07 17:39:19.446000+00:00,0.0,0.0,,24.0,0.0,0.0,,False,False,False,False,False,False,23.74,-0.26000000000000156,NORMAL,False,False,,False,False,False,False,False,False,False,False,NORMAL
2026-10-07 17:39:19.449358+00:00,,guardian_state,True,0.97,rear_center,24.0,OK,MONITORING,True,24.0,,,,,,,2026-10-07 17:39:19.449358+00:00,0.0,0.0,,24.0,0.0,0.0,,False,False,False,False,False,False,23.74,-0.26000000000000156,NORMAL,False,False,,False,False,False,False,False,False,False,False,NORMAL
2026-10-07 17:39:21.458202+00:00,1791394761454.0,temperature,True,0.97,rear_center,24.0,OK,MONITORING,True,24.0,,,,,,,2026-10-07 17:39:21.454000+00:00,0.0,0.0,,24.0,0.0,0.0,,False,False,False,False,False,False,23.82,-0.17999999999999972,NORMAL,False,False,,False,False,False,False,False,False,False,False,NORMAL
2026-10-07 17:39:21.459302+00:00,,guardian_state,True,0.97,rear_center,24.0,OK,MONITORING,True,24.0,,,,,,,2026-10-07 17:39:21.459302+00:00,0.0,0.0,,24.0,0.0,0.0,,False,False,False,False,False,False,23.82,-0.17999999999999972,NORMAL,False,False,,False,False,False,False,False,False,False,False,NORMAL
2026-10-07 17:39:22.036478+00:00,1791394762033.0,child_presence,True,0.97,rear_center,24.0,OK,MONITORING,True,24.0,,,,,,,2026-10-07 17:39:22.033000+00:00,0.0,0.0,,24.0,0.0,0.0,,False,False,False,False,False,False,23.82,-0.17999999999999972,NORMAL,False,False,,False,False,False,False,False,False,False,False,NORMAL
2026-10-07 17:39:22.037125+00:00,,guardian_state,True,0.97,rear_center,24.0,OK,MONITORING,True,24.0,,,,,,,2026-10-07 17:39:22.037125+00:00,0.0,0.0,,24.0,0.0,0.0,,False,False,False,False,False,False,23.82,-0.17999999999999972,NORMAL,False,False,,False,False,False,False,False,False,False,False,NORMAL
2026-10-07 17:39:23.463902+00:00,1791394763460.0,temperature,True,0.97,rear_center,24.0,OK,MONITORING,True,24.0,,,,,,,2026-10-07 17:39:23.460000+00:00,0.0,0.0,,24.0,0.0,0.0,,False,False,False,False,False,False,23.82,-0.17999999999999972,NORMAL,False,False,,False,False,False,False,False,False,False,False,NORMAL
2026-10-07 17:39:23.464737+00:00,,guardian_state,True,0.97,rear_center,24.0,OK,MONITORING,True,24.0,,,,,,,2026-10-07 17:39:23.464737+00:00,0.0,0.0,,24.0,0.0,0.0,,False,False,False,False,False,False,23.82,-0.17999999999999972,NORMAL,False,False,,False,False,False,False,False,False,False,False,NORMAL
2026-10-07 17:39:25.467064+00:00,1791394765463.0,temperature,True,0.97,rear_center,24.0,OK,MONITORING,True,24.0,,,,,,,2026-10-07 17:39:25.463000+00:00,0.0,0.0,,24.0,0.0,0.0,,False,False,False,False,False,False,23.77,-0.23000000000000043,NORMAL,False,False,,False,False,False,False,False,False,False,False,NORMAL
2026-10-07 17:39:25.468036+00:00,,guardian_state,True,0.97,rear_center,24.0,OK,MONITORING,True,24.0,,,,,,,2026-10-07 17:39:25.468036+00:00,0.0,0.0,,24.0,0.0,0.0,,False,False,False,False,False,False,23.77,-0.23000000000000043,NORMAL,False,False,,False,False,False,False,False,False,False,False,NORMAL
2026-10-07 17:39:27.474170+00:00,1791394767471.0,temperature,True,0.97,rear_center,24.0,OK,MONITORING,True,24.0,,,,,,,2026-10-07 17:39:27.471000+00:00,0.0,0.0,,24.0,0.0,0.0,,False,False,False,False,False,False,23.77,-0.23000000000000043,NORMAL,False,False,,False,False,False,False,False,False,False,False,NORMAL
2026-10-07 17:39:27.474973+00:00,,guardian_state,True,0.97,rear_center,24.0,OK,MONITORING,True,24.0,,,,,,,2026-10-07 17:39:27.474973+00:00,0.0,0.0,,24.0,0.0,0.0,,False,False,False,False,False,False,23.77,-0.23000000000000043,NORMAL,False,False,,False,False,False,False,False,False,False,False,NORMAL
2026-10-07 17:39:29.475506+00:00,1791394769472.0,temperature,True,0.97,rear_center,24.0,OK,MONITORING,True,24.0,,,,,,,2026-10-07 17:39:29.472000+00:00,0.0,0.0,,24.0,0.0,0.0,,False,False,False,False,False,False,23.77,-0.23000000000000043,NORMAL,False,False,,False,False,False,False,False,False,False,False,NORMAL
2026-10-07 17:39:29.475732+00:00,,guardian_state,True,0.97,rear_center,24.0,OK,MONITORING,True,24.0,,,,,,,2026-10-07 17:39:29.475732+00:00,0.0,0.0,,24.0,0.0,0.0,,False,False,False,False,False,False,23.77,-0.23000000000000043,NORMAL,False,False,,False,False,False,False,False,False,False,False,NORMAL
2026-10-07 17:39:31.479612+00:00,1791394771476.0,temperature,True,0.97,rear_center,24.0,OK,MONITORING,True,24.0,,,,,,,2026-10-07 17:39:31.476000+00:00,0.0,0.0,,24.0,0.0,0.0,,False,False,False,False,False,False,23.85,-0.14999999999999858,NORMAL,False,False,,False,False,False,False,False,False,False,False,NORMAL
2026-10-07 17:39:31.480321+00:00,,guardian_state,True,0.97,rear_center,24.0,OK,MONITORING,True,24.0,,,,,,,2026-10-07 17:39:31.480321+00:00,0.0,0.0,,24.0,0.0,0.0,,False,False,False,False,False,False,23.85,-0.14999999999999858,NORMAL,False,False,,False,False,False,False,False,False,False,False,NORMAL
2026-10-07 17:39:33.482705+00:00,1791394773479.0,temperature,True,0.97,rear_center,24.0,OK,MONITORING,True,24.0,,,,,,,2026-10-07 17:39:33.479000+00:00,0.0,0.0,,24.0,0.0,0.0,,False,False,False,False,False,False,23.85,-0.14999999999999858,NORMAL,False,False,,False,False,False,False,False,False,False,False,NORMAL
2026-10-07 17:39:33.483500+00:00,,guardian_state,True,0.97,rear_center,24.0,OK,MONITORING,True,24.0,,,,,,,2026-10-07 17:39:33.483500+00:00,0.0,0.0,,24.0,0.0,0.0,,False,False,False,False,False,False,23.85,-0.14999999999999858,NORMAL,False,False,,False,False,False,False,False,False,False,False,NORMAL
2026-10-07 17:39:34.038871+00:00,1791394774035.0,child_presence,True,0.97,rear_center,24.0,OK,MONITORING,True,24.0,,,,,,,2026-10-07 17:39:34.035000+00:00,0.0,0.0,,24.0,0.0,0.0,,False,False,False,False,False,False,23.85,-0.14999999999999858,NORMAL,False,False,,False,False,False,False,False,False,False,False,NORMAL
2026-10-07 17:39:34.039634+00:00,,guardian_state,True,0.97,rear_center,24.0,OK,MONITORING,True,24.0,,,,,,,2026-10-07 17:39:34.039634+00:00,0.0,0.0,,24.0,0.0,0.0,,False,False,False,False,False,False,23.85,-0.14999999999999858,NORMAL,False,False,,False,False,False,False,False,False,False,False,NORMAL
2026-10-07 17:39:35.487131+00:00,1791394775483.0,temperature,True,0.97,rear_center,24.0,OK,MONITORING,True,24.0,,,,,,,2026-10-07 17:39:35.483000+00:00,0.0,0.0,,24.0,0.0,0.0,,False,False,False,False,False,False,23.82,-0.17999999999999972,NORMAL,False,False,,False,False,False,False,False,False,False,False,NORMAL
2026-10-07 17:39:35.488120+00:00,,guardian_state,True,0.97,rear_center,24.0,OK,MONITORING,True,24.0,,,,,,,2026-10-07 17:39:35.488120+00:00,0.0,0.0,,24.0,0.0,0.0,,False,False,False,False,False,False,23.82,-0.17999999999999972,NORMAL,False,False,,False,False,False,False,False,False,False,False,NORMAL
2026-10-07 17:39:37.490635+00:00,1791394777487.0,temperature,True,0.97,rear_center,24.0,OK,MONITORING,True,24.0,,,,,,,2026-10-07 17:39:37.487000+00:00,0.0,0.0,,24.0,0.0,0.0,,False,False,False,False,False,False,23.82,-0.17999999999999972,NORMAL,False,False,,False,False,False,False,False,False,False,False,NORMAL
2026-10-07 17:39:37.491459+00:00,,guardian_state,True,0.97,rear_center,24.0,OK,MONITORING,True,24.0,,,,,,,2026-10-07 17:39:37.491459+00:00,0.0,0.0,,24.0,0.0,0.0,,False,False,False,False,False,False,23.82,-0.17999999999999972,NORMAL,False,False,,False,False,False,False,False,False,False,False,NORMAL
2026-10-07 17:39:39.491138+00:00,1791394779488.0,temperature,True,0.97,rear_center,24.0,OK,MONITORING,True,24.0,,,,,,,2026-10-07 17:39:39.488000+00:00,0.0,0.0,,24.0,0.0,0.0,,False,False,False,False,False,False,23.82,-0.17999999999999972,NORMAL,False,False,,False,False,False,False,False,False,False,False,NORMAL
2026-10-07 17:39:39.491404+00:00,,guardian_state,True,0.97,rear_center,24.0,OK,MONITORING,True,24.0,,,,,,,2026-10-07 17:39:39.491404+00:00,0.0,0.0,,24.0,0.0,0.0,,False,False,False,False,False,False,23.82,-0.17999999999999972,NORMAL,False,False,,False,False,False,False,False,False,False,False,NORMAL
2026-10-07 17:39:41.494606+00:00,1791394781491.0,temperature,True,0.97,rear_center,24.0,OK,MONITORING,True,24.0,,,,,,,2026-10-07 17:39:41.491000+00:00,0.0,0.0,,24.0,0.0,0.0,,False,False,False,False,False,False,23.68,-0.3200000000000003,NORMAL,False,False,,False,False,False,False,False,False,False,False,NORMAL
2026-10-07 17:39:41.495378+00:00,,guardian_state,True,0.97,rear_center,24.0,OK,MONITORING,True,24.0,,,,,,,2026-10-07 17:39:41.495378+00:00,0.0,0.0,,24.0,0.0,0.0,,False,False,False,False,False,False,23.68,-0.3200000000000003,NORMAL,False,False,,False,False,False,False,False,False,False,False,NORMAL
2026-10-07 17:39:43.496042+00:00,1791394783493.0,temperature,True,0.97,rear_center,24.0,OK,MONITORING,True,24.0,,,,,,,2026-10-07 17:39:43.493000+00:00,0.0,0.0,,24.0,0.0,0.0,,False,False,False,False,False,False,23.68,-0.3200000000000003,NORMAL,False,False,,False,False,False,False,False,False,False,False,NORMAL
2026-10-07 17:39:43.496953+00:00,,guardian_state,True,0.97,rear_center,24.0,OK,MONITORING,True,24.0,,,,,,,2026-10-07 17:39:43.496953+00:00,0.0,0.0,,24.0,0.0,0.0,,False,False,False,False,False,False,23.68,-0.3200000000000003,NORMAL,False,False,,False,False,False,False,False,False,False,False,NORMAL
2026-10-07 17:39:45.500133+00:00,1791394785496.0,temperature,True,0.97,rear_center,24.0,OK,MONITORING,True,24.0,,,,,,,2026-10-07 17:39:45.496000+00:00,0.0,0.0,,24.0,0.0,0.0,,False,False,False,False,False,False,23.85,-0.14999999999999858,NORMAL,False,False,,False,False,False,False,False,False,False,False,NORMAL
2026-10-07 17:39:45.500966+00:00,,guardian_state,True,0.97,rear_center,24.0,OK,MONITORING,True,24.0,,,,,,,2026-10-07 17:39:45.500966+00:00,0.0,0.0,,24.0,0.0,0.0,,False,False,False,False,False,False,23.85,-0.14999999999999858,NORMAL,False,False,,False,False,False,False,False,False,False,False,NORMAL
2026-10-07 17:39:46.045590+00:00,1791394786042.0,child_presence,True,0.97,rear_center,24.0,OK,MONITORING,True,24.0,,,,,,,2026-10-07 17:39:46.042000+00:00,0.0,0.0,,24.0,0.0,0.0,,False,False,False,False,False,False,23.85,-0.14999999999999858,NORMAL,False,False,,False,False,False,False,False,False,False,False,NORMAL
2026-10-07 17:39:46.046497+00:00,,guardian_state,True,0.97,rear_center,24.0,OK,MONITORING,True,24.0,,,,,,,2026-10-07 17:39:46.046497+00:00,0.0,0.0,,24.0,0.0,0.0,,False,False,False,False,False,False,23.85,-0.14999999999999858,NORMAL,False,False,,False,False,False,False,False,False,False,False,NORMAL
2026-10-07 17:39:47.506146+00:00,1791394787503.0,temperature,True,0.97,rear_center,24.0,OK,MONITORING,True,24.0,,,,,,,2026-10-07 17:39:47.503000+00:00,0.0,0.0,,24.0,0.0,0.0,,False,False,False,False,False,False,23.85,-0.14999999999999858,NORMAL,False,False,,False,False,False,False,False,False,False,False,NORMAL
2026-10-07 17:39:47.507077+00:00,,guardian_state,True,0.97,rear_center,24.0,OK,MONITORING,True,24.0,,,,,,,2026-10-07 17:39:47.507077+00:00,0.0,0.0,,24.0,0.0,0.0,,False,False,False,False,False,False,23.85,-0.14999999999999858,NORMAL,False,False,,False,False,False,False,False,False,False,False,NORMAL
2026-10-07 17:39:49.507094+00:00,1791394789505.0,temperature,True,0.97,rear_center,24.0,OK,MONITORING,True,24.0,,,,,,,2026-10-07 17:39:49.505000+00:00,0.0,0.0,,24.0,0.0,0.0,,False,False,False,False,False,False,23.85,-0.14999999999999858,NORMAL,False,False,,False,False,False,False,False,False,False,False,NORMAL
2026-10-07 17:39:49.507325+00:00,,guardian_state,True,0.97,rear_center,24.0,OK,MONITORING,True,24.0,,,,,,,2026-10-07 17:39:49.507325+00:00,0.0,0.0,,24.0,0.0,0.0,,False,False,False,False,False,False,23.85,-0.14999999999999858,NORMAL,False,False,,False,False,False,False,False,False,False,False,NORMAL
2026-10-07 17:39:51.509817+00:00,1791394791507.0,temperature,True,0.97,rear_center,24.0,OK,MONITORING,True,24.0,,,,,,,2026-10-07 17:39:51.507000+00:00,0.0,0.0,,24.0,0.0,0.0,,False,False,False,False,False,False,23.66,-0.33999999999999986,NORMAL,False,False,,False,False,False,False,False,False,False,False,NORMAL
2026-10-07 17:39:51.510347+00:00,,guardian_state,True,0.97,rear_center,24.0,OK,MONITORING,True,24.0,,,,,,,2026-10-07 17:39:51.510347+00:00,0.0,0.0,,24.0,0.0,0.0,,False,False,False,False,False,False,23.66,-0.33999999999999986,NORMAL,False,False,,False,False,False,False,False,False,False,False,NORMAL
2026-10-07 17:39:53.514891+00:00,1791394793511.0,temperature,True,0.97,rear_center,24.0,OK,MONITORING,True,24.0,,,,,,,2026-10-07 17:39:53.511000+00:00,0.0,0.0,,24.0,0.0,0.0,,False,False,False,False,False,False,23.66,-0.33999999999999986,NORMAL,False,False,,False,False,False,False,False,False,False,False,NORMAL
2026-10-07 17:39:53.515727+00:00,,guardian_state,True,0.97,rear_center,24.0,OK,MONITORING,True,24.0,,,,,,,2026-10-07 17:39:53.515727+00:00,0.0,0.0,,24.0,0.0,0.0,,False,False,False,False,False,False,23.66,-0.33999999999999986,NORMAL,False,False,,False,False,False,False,False,False,False,False,NORMAL
2026-10-07 17:39:55.516253+00:00,1791394795513.0,temperature,True,0.97,rear_center,24.0,OK,MONITORING,True,24.0,,,,,,,2026-10-07 17:39:55.513000+00:00,0.0,0.0,,24.0,0.0,0.0,,False,False,False,False,False,False,23.71,-0.28999999999999915,NORMAL,False,False,,False,False,False,False,False,False,False,False,NORMAL
2026-10-07 17:39:55.517163+00:00,,guardian_state,True,0.97,rear_center,24.0,OK,MONITORING,True,24.0,,,,,,,2026-10-07 17:39:55.517163+00:00,0.0,0.0,,24.0,0.0,0.0,,False,False,False,False,False,False,23.71,-0.28999999999999915,NORMAL,False,False,,False,False,False,False,False,False,False,False,NORMAL
2026-10-07 17:39:57.519193+00:00,1791394797516.0,temperature,True,0.97,rear_center,24.0,OK,MONITORING,True,24.0,,,,,,,2026-10-07 17:39:57.516000+00:00,0.0,0.0,,24.0,0.0,0.0,,False,False,False,False,False,False,23.71,-0.28999999999999915,NORMAL,False,False,,False,False,False,False,False,False,False,False,NORMAL
2026-10-07 17:39:57.519953+00:00,,guardian_state,True,0.97,rear_center,24.0,OK,MONITORING,True,24.0,,,,,,,2026-10-07 17:39:57.519953+00:00,0.0,0.0,,24.0,0.0,0.0,,False,False,False,False,False,False,23.71,-0.28999999999999915,NORMAL,False,False,,False,False,False,False,False,False,False,False,NORMAL
2026-10-07 17:39:58.046548+00:00,1791394798044.0,child_presence,True,0.97,rear_center,24.0,OK,MONITORING,True,24.0,,,,,,,2026-10-07 17:39:58.044000+00:00,0.0,0.0,,24.0,0.0,0.0,,False,False,False,False,False,False,23.71,-0.28999999999999915,NORMAL,False,False,,False,False,False,False,False,False,False,False,NORMAL
2026-10-07 17:39:58.047274+00:00,,guardian_state,True,0.97,rear_center,24.0,OK,MONITORING,True,24.0,,,,,,,2026-10-07 17:39:58.047274+00:00,0.0,0.0,,24.0,0.0,0.0,,False,False,False,False,False,False,23.71,-0.28999999999999915,NORMAL,False,False,,False,False,False,False,False,False,False,False,NORMAL
2026-10-07 17:39:59.521765+00:00,1791394799519.0,temperature,True,0.97,rear_center,24.0,OK,MONITORING,True,24.0,,,,,,,2026-10-07 17:39:59.519000+00:00,0.0,0.0,,24.0,0.0,0.0,,False,False,False,False,False,False,23.71,-0.28999999999999915,NORMAL,False,False,,False,False,False,False,False,False,False,False,NORMAL
2026-10-07 17:39:59.522028+00:00,,guardian_state,True,0.97,rear_center,24.0,OK,MONITORING,True,24.0,,,,,,,2026-10-07 17:39:59.522028+00:00,0.0,0.0,,24.0,0.0,0.0,,False,False,False,False,False,False,23.71,-0.28999999999999915,NORMAL,False,False,,False,False,False,False,False,False,False,False,NORMAL
2026-10-07 17:40:01.523995+00:00,1791394801521.0,temperature,True,0.97,rear_center,24.0,OK,MONITORING,True,24.0,,,,,,,2026-10-07 17:40:01.521000+00:00,0.0,0.0,,24.0,0.0,0.0,,False,False,False,False,False,False,23.7,-0.3000000000000007,NORMAL,False,False,,False,False,False,False,False,False,False,False,NORMAL
2026-10-07 17:40:01.524332+00:00,,guardian_state,True,0.97,rear_center,24.0,OK,MONITORING,True,24.0,,,,,,,2026-10-07 17:40:01.524332+00:00,0.0,0.0,,24.0,0.0,0.0,,False,False,False,False,False,False,23.7,-0.3000000000000007,NORMAL,False,False,,False,False,False,False,False,False,False,False,NORMAL
2026-10-07 17:40:03.529502+00:00,1791394803526.0,temperature,True,0.97,rear_center,24.0,OK,MONITORING,True,24.0,,,,,,,2026-10-07 17:40:03.526000+00:00,0.0,0.0,,24.0,0.0,0.0,,False,False,False,False,False,False,23.7,-0.3000000000000007,NORMAL,False,False,,False,False,False,False,False,False,False,False,NORMAL
2026-10-07 17:40:03.530352+00:00,,guardian_state,True,0.97,rear_center,24.0,OK,MONITORING,True,24.0,,,,,,,2026-10-07 17:40:03.530352+00:00,0.0,0.0,,24.0,0.0,0.0,,False,False,False,False,False,False,23.7,-0.3000000000000007,NORMAL,False,False,,False,False,False,False,False,False,False,False,NORMAL
2026-10-07 17:40:05.534343+00:00,1791394805531.0,temperature,True,0.97,rear_center,24.0,OK,MONITORING,True,24.0,,,,,,,2026-10-07 17:40:05.531000+00:00,0.0,0.0,,24.0,0.0,0.0,,False,False,False,False,False,False,23.53,-0.46999999999999886,NORMAL,False,False,,False,False,False,False,False,False,False,False,NORMAL
2026-10-07 17:40:05.535160+00:00,,guardian_state,True,0.97,rear_center,24.0,OK,MONITORING,True,24.0,,,,,,,2026-10-07 17:40:05.535160+00:00,0.0,0.0,,24.0,0.0,0.0,,False,False,False,False,False,False,23.53,-0.46999999999999886,NORMAL,False,False,,False,False,False,False,False,False,False,False,NORMAL
2026-10-07 17:40:07.536365+00:00,1791394807533.0,temperature,True,0.97,rear_center,24.0,OK,MONITORING,True,24.0,,,,,,,2026-10-07 17:40:07.533000+00:00,0.0,0.0,,24.0,0.0,0.0,,False,False,False,False,False,False,23.53,-0.46999999999999886,NORMAL,False,False,,False,False,False,False,False,False,False,False,NORMAL
2026-10-07 17:40:07.537161+00:00,,guardian_state,True,0.97,rear_center,24.0,OK,MONITORING,True,24.0,,,,,,,2026-10-07 17:40:07.537161+00:00,0.0,0.0,,24.0,0.0,0.0,,False,False,False,False,False,False,23.53,-0.46999999999999886,NORMAL,False,False,,False,False,False,False,False,False,False,False,NORMAL
2026-10-07 17:40:09.540739+00:00,1791394809537.0,temperature,True,0.97,rear_center,24.0,OK,MONITORING,True,24.0,,,,,,,2026-10-07 17:40:09.537000+00:00,0.0,0.0,,24.0,0.0,0.0,,False,False,False,False,False,False,23.53,-0.46999999999999886,NORMAL,False,False,,False,False,False,False,False,False,False,False,NORMAL
2026-10-07 17:40:09.541021+00:00,,guardian_state,True,0.97,rear_center,24.0,OK,MONITORING,True,24.0,,,,,,,2026-10-07 17:40:09.541021+00:00,0.0,0.0,,24.0,0.0,0.0,,False,False,False,False,False,False,23.53,-0.46999999999999886,NORMAL,False,False,,False,False,False,False,False,False,False,False,NORMAL
2026-10-07 17:40:10.052636+00:00,1791394810049.0,child_presence,True,0.97,rear_center,24.0,OK,MONITORING,True,24.0,,,,,,,2026-10-07 17:40:10.049000+00:00,0.0,0.0,,24.0,0.0,0.0,,False,False,False,False,False,False,23.53,-0.46999999999999886,NORMAL,False,False,,False,False,False,False,False,False,False,False,NORMAL
2026-10-07 17:40:10.053572+00:00,,guardian_state,True,0.97,rear_center,24.0,OK,MONITORING,True,24.0,,,,,,,2026-10-07 17:40:10.053572+00:00,0.0,0.0,,24.0,0.0,0.0,,False,False,False,False,False,False,23.53,-0.46999999999999886,NORMAL,False,False,,False,False,False,False,False,False,False,False,NORMAL
2026-10-07 17:40:11.541638+00:00,1791394811539.0,temperature,True,0.97,rear_center,24.0,OK,MONITORING,True,24.0,,,,,,,2026-10-07 17:40:11.539000+00:00,0.0,0.0,,24.0,0.0,0.0,,False,False,False,False,False,False,23.5,-0.5,NORMAL,False,False,,False,False,False,False,False,False,False,False,NORMAL
2026-10-07 17:40:11.541863+00:00,,guardian_state,True,0.97,rear_center,24.0,OK,MONITORING,True,24.0,,,,,,,2026-10-07 17:40:11.541863+00:00,0.0,0.0,,24.0,0.0,0.0,,False,False,False,False,False,False,23.5,-0.5,NORMAL,False,False,,False,False,False,False,False,False,False,False,NORMAL
2026-10-07 17:40:13.546060+00:00,1791394813543.0,temperature,True,0.97,rear_center,24.0,OK,MONITORING,True,24.0,,,,,,,2026-10-07 17:40:13.543000+00:00,0.0,0.0,,24.0,0.0,0.0,,False,False,False,False,False,False,23.5,-0.5,NORMAL,False,False,,False,False,False,False,False,False,False,False,NORMAL
2026-10-07 17:40:13.546847+00:00,,guardian_state,True,0.97,rear_center,24.0,OK,MONITORING,True,24.0,,,,,,,2026-10-07 17:40:13.546847+00:00,0.0,0.0,,24.0,0.0,0.0,,False,False,False,False,False,False,23.5,-0.5,NORMAL,False,False,,False,False,False,False,False,False,False,False,NORMAL
2026-10-07 17:40:15.549114+00:00,1791394815546.0,temperature,True,0.97,rear_center,24.0,OK,MONITORING,True,24.0,,,,,,,2026-10-07 17:40:15.546000+00:00,0.0,0.0,,24.0,0.0,0.0,,False,False,False,False,False,False,23.51,-0.48999999999999844,NORMAL,False,False,,False,False,False,False,False,False,False,False,NORMAL
2026-10-07 17:40:15.550142+00:00,,guardian_state,True,0.97,rear_center,24.0,OK,MONITORING,True,24.0,,,,,,,2026-10-07 17:40:15.550142+00:00,0.0,0.0,,24.0,0.0,0.0,,False,False,False,False,False,False,23.51,-0.48999999999999844,NORMAL,False,False,,False,False,False,False,False,False,False,False,NORMAL
2026-10-07 17:40:17.555731+00:00,1791394817552.0,temperature,True,0.97,rear_center,24.0,OK,MONITORING,True,24.0,,,,,,,2026-10-07 17:40:17.552000+00:00,0.0,0.0,,24.0,0.0,0.0,,False,False,False,False,False,False,23.51,-0.48999999999999844,NORMAL,False,False,,False,False,False,False,False,False,False,False,NORMAL
2026-10-07 17:40:17.556509+00:00,,guardian_state,True,0.97,rear_center,24.0,OK,MONITORING,True,24.0,,,,,,,2026-10-07 17:40:17.556509+00:00,0.0,0.0,,24.0,0.0,0.0,,False,False,False,False,False,False,23.51,-0.48999999999999844,NORMAL,False,False,,False,False,False,False,False,False,False,False,NORMAL
2026-10-07 17:40:19.561029+00:00,1791394819558.0,temperature,True,0.97,rear_center,24.0,OK,MONITORING,True,24.0,,,,,,,2026-10-07 17:40:19.558000+00:00,0.0,0.0,,24.0,0.0,0.0,,False,False,False,False,False,False,23.51,-0.48999999999999844,NORMAL,False,False,,False,False,False,False,False,False,False,False,NORMAL
2026-10-07 17:40:19.561328+00:00,,guardian_state,True,0.97,rear_center,24.0,OK,MONITORING,True,24.0,,,,,,,2026-10-07 17:40:19.561328+00:00,0.0,0.0,,24.0,0.0,0.0,,False,False,False,False,False,False,23.51,-0.48999999999999844,NORMAL,False,False,,False,False,False,False,False,False,False,False,NORMAL
2026-10-07 17:40:21.566669+00:00,1791394821563.0,temperature,True,0.97,rear_center,24.0,OK,MONITORING,True,24.0,,,,,,,2026-10-07 17:40:21.563000+00:00,0.0,0.0,,24.0,0.0,0.0,,False,False,False,False,False,False,23.45,-0.5500000000000007,NORMAL,False,False,,False,False,False,False,False,False,False,False,NORMAL
2026-10-07 17:40:21.567684+00:00,,guardian_state,True,0.97,rear_center,24.0,OK,MONITORING,True,24.0,,,,,,,2026-10-07 17:40:21.567684+00:00,0.0,0.0,,24.0,0.0,0.0,,False,False,False,False,False,False,23.45,-0.5500000000000007,NORMAL,False,False,,False,False,False,False,False,False,False,False,NORMAL
2026-10-07 17:40:22.055614+00:00,1791394822052.0,child_presence,True,0.97,rear_center,24.0,OK,MONITORING,True,24.0,,,,,,,2026-10-07 17:40:22.052000+00:00,0.0,0.0,,24.0,0.0,0.0,,False,False,False,False,False,False,23.45,-0.5500000000000007,NORMAL,False,False,,False,False,False,False,False,False,False,False,NORMAL
2026-10-07 17:40:22.056433+00:00,,guardian_state,True,0.97,rear_center,24.0,OK,MONITORING,True,24.0,,,,,,,2026-10-07 17:40:22.056433+00:00,0.0,0.0,,24.0,0.0,0.0,,False,False,False,False,False,False,23.45,-0.5500000000000007,NORMAL,False,False,,False,False,False,False,False,False,False,False,NORMAL
2026-10-07 17:40:23.571996+00:00,1791394823568.0,temperature,True,0.97,rear_center,24.0,OK,MONITORING,True,24.0,,,,,,,2026-10-07 17:40:23.568000+00:00,0.0,0.0,,24.0,0.0,0.0,,False,False,False,False,False,False,23.45,-0.5500000000000007,NORMAL,False,False,,False,False,False,False,False,False,False,False,NORMAL
2026-10-07 17:40:23.572728+00:00,,guardian_state,True,0.97,rear_center,24.0,OK,MONITORING,True,24.0,,,,,,,2026-10-07 17:40:23.572728+00:00,0.0,0.0,,24.0,0.0,0.0,,False,False,False,False,False,False,23.45,-0.5500000000000007,NORMAL,False,False,,False,False,False,False,False,False,False,False,NORMAL
2026-10-07 17:40:25.577025+00:00,1791394825573.0,temperature,True,0.97,rear_center,24.0,OK,MONITORING,True,24.0,,,,,,,2026-10-07 17:40:25.573000+00:00,0.0,0.0,,24.0,0.0,0.0,,False,False,False,False,False,False,23.55,-0.4499999999999993,NORMAL,False,False,,False,False,False,False,False,False,False,False,NORMAL
2026-10-07 17:40:25.577785+00:00,,guardian_state,True,0.97,rear_center,24.0,OK,MONITORING,True,24.0,,,,,,,2026-10-07 17:40:25.577785+00:00,0.0,0.0,,24.0,0.0,0.0,,False,False,False,False,False,False,23.55,-0.4499999999999993,NORMAL,False,False,,False,False,False,False,False,False,False,False,NORMAL
2026-10-07 17:40:27.580808+00:00,1791394827577.0,temperature,True,0.97,rear_center,24.0,OK,MONITORING,True,24.0,,,,,,,2026-10-07 17:40:27.577000+00:00,0.0,0.0,,24.0,0.0,0.0,,False,False,False,False,False,False,23.55,-0.4499999999999993,NORMAL,False,False,,False,False,False,False,False,False,False,False,NORMAL
2026-10-07 17:40:27.581560+00:00,,guardian_state,True,0.97,rear_center,24.0,OK,MONITORING,True,24.0,,,,,,,2026-10-07 17:40:27.581560+00:00,0.0,0.0,,24.0,0.0,0.0,,False,False,False,False,False,False,23.55,-0.4499999999999993,NORMAL,False,False,,False,False,False,False,False,False,False,False,NORMAL
2026-10-07 17:40:29.583657+00:00,1791394829581.0,temperature,True,0.97,rear_center,24.0,OK,MONITORING,True,24.0,,,,,,,2026-10-07 17:40:29.581000+00:00,0.0,0.0,,24.0,0.0,0.0,,False,False,False,False,False,False,23.55,-0.4499999999999993,NORMAL,False,False,,False,False,False,False,False,False,False,False,NORMAL
2026-10-07 17:40:29.584156+00:00,,guardian_state,True,0.97,rear_center,24.0,OK,MONITORING,True,24.0,,,,,,,2026-10-07 17:40:29.584156+00:00,0.0,0.0,,24.0,0.0,0.0,,False,False,False,False,False,False,23.55,-0.4499999999999993,NORMAL,False,False,,False,False,False,False,False,False,False,False,NORMAL
2026-10-07 17:40:31.586870+00:00,1791394831584.0,temperature,True,0.97,rear_center,24.0,OK,MONITORING,True,24.0,,,,,,,2026-10-07 17:40:31.584000+00:00,0.0,0.0,,24.0,0.0,0.0,,False,False,False,False,False,False,23.73,-0.2699999999999996,NORMAL,False,False,,False,False,False,False,False,False,False,False,NORMAL
2026-10-07 17:40:31.587819+00:00,,guardian_state,True,0.97,rear_center,24.0,OK,MONITORING,True,24.0,,,,,,,2026-10-07 17:40:31.587819+00:00,0.0,0.0,,24.0,0.0,0.0,,False,False,False,False,False,False,23.73,-0.2699999999999996,NORMAL,False,False,,False,False,False,False,False,False,False,False,NORMAL
2026-10-07 17:40:33.589340+00:00,1791394833586.0,temperature,True,0.97,rear_center,24.0,OK,MONITORING,True,24.0,,,,,,,2026-10-07 17:40:33.586000+00:00,0.0,0.0,,24.0,0.0,0.0,,False,False,False,False,False,False,23.73,-0.2699999999999996,NORMAL,False,False,,False,False,False,False,False,False,False,False,NORMAL
2026-10-07 17:40:33.590093+00:00,,guardian_state,True,0.97,rear_center,24.0,OK,MONITORING,True,24.0,,,,,,,2026-10-07 17:40:33.590093+00:00,0.0,0.0,,24.0,0.0,0.0,,False,False,False,False,False,False,23.73,-0.2699999999999996,NORMAL,False,False,,False,False,False,False,False,False,False,False,NORMAL
2026-10-07 17:40:34.057639+00:00,1791394834054.0,child_presence,True,0.97,rear_center,24.0,OK,MONITORING,True,24.0,,,,,,,2026-10-07 17:40:34.054000+00:00,0.0,0.0,,24.0,0.0,0.0,,False,False,False,False,False,False,23.73,-0.2699999999999996,NORMAL,False,False,,False,False,False,False,False,False,False,False,NORMAL
2026-10-07 17:40:34.058610+00:00,,guardian_state,True,0.97,rear_center,24.0,OK,MONITORING,True,24.0,,,,,,,2026-10-07 17:40:34.058610+00:00,0.0,0.0,,24.0,0.0,0.0,,False,False,False,False,False,False,23.73,-0.2699999999999996,NORMAL,False,False,,False,False,False,False,False,False,False,False,NORMAL
2026-10-07 17:40:35.592782+00:00,1791394835590.0,temperature,True,0.97,rear_center,24.0,OK,MONITORING,True,24.0,,,,,,,2026-10-07 17:40:35.590000+00:00,0.0,0.0,,24.0,0.0,0.0,,False,False,False,False,False,False,23.52,-0.4800000000000004,NORMAL,False,False,,False,False,False,False,False,False,False,False,NORMAL
2026-10-07 17:40:35.593900+00:00,,guardian_state,True,0.97,rear_center,24.0,OK,MONITORING,True,24.0,,,,,,,2026-10-07 17:40:35.593900+00:00,0.0,0.0,,24.0,0.0,0.0,,False,False,False,False,False,False,23.52,-0.4800000000000004,NORMAL,False,False,,False,False,False,False,False,False,False,False,NORMAL
2026-10-07 17:40:37.599117+00:00,1791394837596.0,temperature,True,0.97,rear_center,24.0,OK,MONITORING,True,24.0,,,,,,,2026-10-07 17:40:37.596000+00:00,0.0,0.0,,24.0,0.0,0.0,,False,False,False,False,False,False,23.52,-0.4800000000000004,NORMAL,False,False,,False,False,False,False,False,False,False,False,NORMAL
2026-10-07 17:40:37.600166+00:00,,guardian_state,True,0.97,rear_center,24.0,OK,MONITORING,True,24.0,,,,,,,2026-10-07 17:40:37.600166+00:00,0.0,0.0,,24.0,0.0,0.0,,False,False,False,False,False,False,23.52,-0.4800000000000004,NORMAL,False,False,,False,False,False,False,False,False,False,False,NORMAL
2026-10-07 17:40:39.601474+00:00,1791394839599.0,temperature,True,0.97,rear_center,24.0,OK,MONITORING,True,24.0,,,,,,,2026-10-07 17:40:39.599000+00:00,0.0,0.0,,24.0,0.0,0.0,,False,False,False,False,False,False,23.52,-0.4800000000000004,NORMAL,False,False,,False,False,False,False,False,False,False,False,NORMAL
2026-10-07 17:40:39.601791+00:00,,guardian_state,True,0.97,rear_center,24.0,OK,MONITORING,True,24.0,,,,,,,2026-10-07 17:40:39.601791+00:00,0.0,0.0,,24.0,0.0,0.0,,False,False,False,False,False,False,23.52,-0.4800000000000004,NORMAL,False,False,,False,False,False,False,False,False,False,False,NORMAL
2026-10-07 17:40:41.609292+00:00,1791394841606.0,temperature,True,0.97,rear_center,24.0,OK,MONITORING,True,24.0,,,,,,,2026-10-07 17:40:41.606000+00:00,0.0,0.0,,24.0,0.0,0.0,,False,False,False,False,False,False,23.49,-0.5100000000000016,NORMAL,False,False,,False,False,False,False,False,False,False,False,NORMAL
2026-10-07 17:40:41.610094+00:00,,guardian_state,True,0.97,rear_center,24.0,OK,MONITORING,True,24.0,,,,,,,2026-10-07 17:40:41.610094+00:00,0.0,0.0,,24.0,0.0,0.0,,False,False,False,False,False,False,23.49,-0.5100000000000016,NORMAL,False,False,,False,False,False,False,False,False,False,False,NORMAL
2026-10-07 17:40:43.611582+00:00,1791394843608.0,temperature,True,0.97,rear_center,24.0,OK,MONITORING,True,24.0,,,,,,,2026-10-07 17:40:43.608000+00:00,0.0,0.0,,24.0,0.0,0.0,,False,False,False,False,False,False,23.49,-0.5100000000000016,NORMAL,False,False,,False,False,False,False,False,False,False,False,NORMAL
2026-10-07 17:40:43.612530+00:00,,guardian_state,True,0.97,rear_center,24.0,OK,MONITORING,True,24.0,,,,,,,2026-10-07 17:40:43.612530+00:00,0.0,0.0,,24.0,0.0,0.0,,False,False,False,False,False,False,23.49,-0.5100000000000016,NORMAL,False,False,,False,False,False,False,False,False,False,False,NORMAL
2026-10-07 17:40:45.616104+00:00,1791394845613.0,temperature,True,0.97,rear_center,24.0,OK,MONITORING,True,24.0,,,,,,,2026-10-07 17:40:45.613000+00:00,0.0,0.0,,24.0,0.0,0.0,,False,False,False,False,False,False,23.5,-0.5,NORMAL,False,False,,False,False,False,False,False,False,False,False,NORMAL
2026-10-07 17:40:45.616817+00:00,,guardian_state,True,0.97,rear_center,24.0,OK,MONITORING,True,24.0,,,,,,,2026-10-07 17:40:45.616817+00:00,0.0,0.0,,24.0,0.0,0.0,,False,False,False,False,False,False,23.5,-0.5,NORMAL,False,False,,False,False,False,False,False,False,False,False,NORMAL
2026-10-07 17:40:46.062358+00:00,1791394846059.0,child_presence,True,0.97,rear_center,24.0,OK,MONITORING,True,24.0,,,,,,,2026-10-07 17:40:46.059000+00:00,0.0,0.0,,24.0,0.0,0.0,,False,False,False,False,False,False,23.5,-0.5,NORMAL,False,False,,False,False,False,False,False,False,False,False,NORMAL
2026-10-07 17:40:46.063608+00:00,,guardian_state,True,0.97,rear_center,24.0,OK,MONITORING,True,24.0,,,,,,,2026-10-07 17:40:46.063608+00:00,0.0,0.0,,24.0,0.0,0.0,,False,False,False,False,False,False,23.5,-0.5,NORMAL,False,False,,False,False,False,False,False,False,False,False,NORMAL
2026-10-07 17:40:47.621054+00:00,1791394847618.0,temperature,True,0.97,rear_center,24.0,OK,MONITORING,True,24.0,,,,,,,2026-10-07 17:40:47.618000+00:00,0.0,0.0,,24.0,0.0,0.0,,False,False,False,False,False,False,23.5,-0.5,NORMAL,False,False,,False,False,False,False,False,False,False,False,NORMAL
2026-10-07 17:40:47.621852+00:00,,guardian_state,True,0.97,rear_center,24.0,OK,MONITORING,True,24.0,,,,,,,2026-10-07 17:40:47.621852+00:00,0.0,0.0,,24.0,0.0,0.0,,False,False,False,False,False,False,23.5,-0.5,NORMAL,False,False,,False,False,False,False,False,False,False,False,NORMAL
2026-10-07 17:40:49.623505+00:00,1791394849620.0,temperature,True,0.97,rear_center,24.0,OK,MONITORING,True,24.0,,,,,,,2026-10-07 17:40:49.620000+00:00,0.0,0.0,,24.0,0.0,0.0,,False,False,False,False,False,False,23.5,-0.5,NORMAL,False,False,,False,False,False,False,False,False,False,False,NORMAL
2026-10-07 17:40:49.623903+00:00,,guardian_state,True,0.97,rear_center,24.0,OK,MONITORING,True,24.0,,,,,,,2026-10-07 17:40:49.623903+00:00,0.0,0.0,,24.0,0.0,0.0,,False,False,False,False,False,False,23.5,-0.5,NORMAL,False,False,,False,False,False,False,False,False,False,False,NORMAL
2026-10-07 17:40:51.630044+00:00,1791394851627.0,temperature,True,0.97,rear_center,24.0,OK,MONITORING,True,24.0,,,,,,,2026-10-07 17:40:51.627000+00:00,0.0,0.0,,24.0,0.0,0.0,,False,False,False,False,False,False,23.44,-0.5599999999999987,NORMAL,False,False,,False,False,False,False,False,False,False,False,NORMAL
2026-10-07 17:40:51.630947+00:00,,guardian_state,True,0.97,rear_center,24.0,OK,MONITORING,True,24.0,,,,,,,2026-10-07 17:40:51.630947+00:00,0.0,0.0,,24.0,0.0,0.0,,False,False,False,False,False,False,23.44,-0.5599999999999987,NORMAL,False,False,,False,False,False,False,False,False,False,False,NORMAL
2026-10-07 17:40:53.632636+00:00,1791394853629.0,temperature,True,0.97,rear_center,24.0,OK,MONITORING,True,24.0,,,,,,,2026-10-07 17:40:53.629000+00:00,0.0,0.0,,24.0,0.0,0.0,,False,False,False,False,False,False,23.44,-0.5599999999999987,NORMAL,False,False,,False,False,False,False,False,False,False,False,NORMAL
2026-10-07 17:40:53.633352+00:00,,guardian_state,True,0.97,rear_center,24.0,OK,MONITORING,True,24.0,,,,,,,2026-10-07 17:40:53.633352+00:00,0.0,0.0,,24.0,0.0,0.0,,False,False,False,False,False,False,23.44,-0.5599999999999987,NORMAL,False,False,,False,False,False,False,False,False,False,False,NORMAL
2026-10-07 17:40:55.635444+00:00,1791394855632.0,temperature,True,0.97,rear_center,24.0,OK,MONITORING,True,24.0,,,,,,,2026-10-07 17:40:55.632000+00:00,0.0,0.0,,24.0,0.0,0.0,,False,False,False,False,False,False,23.43,-0.5700000000000003,NORMAL,False,False,,False,False,False,False,False,False,False,False,NORMAL
2026-10-07 17:40:55.636137+00:00,,guardian_state,True,0.97,rear_center,24.0,OK,MONITORING,True,24.0,,,,,,,2026-10-07 17:40:55.636137+00:00,0.0,0.0,,24.0,0.0,0.0,,False,False,False,False,False,False,23.43,-0.5700000000000003,NORMAL,False,False,,False,False,False,False,False,False,False,False,NORMAL
2026-10-07 17:40:57.637882+00:00,1791394857634.0,temperature,True,0.97,rear_center,24.0,OK,MONITORING,True,24.0,,,,,,,2026-10-07 17:40:57.634000+00:00,0.0,0.0,,24.0,0.0,0.0,,False,False,False,False,False,False,23.43,-0.5700000000000003,NORMAL,False,False,,False,False,False,False,False,False,False,False,NORMAL
2026-10-07 17:40:57.638740+00:00,,guardian_state,True,0.97,rear_center,24.0,OK,MONITORING,True,24.0,,,,,,,2026-10-07 17:40:57.638740+00:00,0.0,0.0,,24.0,0.0,0.0,,False,False,False,False,False,False,23.43,-0.5700000000000003,NORMAL,False,False,,False,False,False,False,False,False,False,False,NORMAL
2026-10-07 17:40:58.065746+00:00,1791394858062.0,child_presence,True,0.97,rear_center,24.0,OK,MONITORING,True,24.0,,,,,,,2026-10-07 17:40:58.062000+00:00,0.0,0.0,,24.0,0.0,0.0,,False,False,False,False,False,False,23.43,-0.5700000000000003,NORMAL,False,False,,False,False,False,False,False,False,False,False,NORMAL
2026-10-07 17:40:58.066501+00:00,,guardian_state,True,0.97,rear_center,24.0,OK,MONITORING,True,24.0,,,,,,,2026-10-07 17:40:58.066501+00:00,0.0,0.0,,24.0,0.0,0.0,,False,False,False,False,False,False,23.43,-0.5700000000000003,NORMAL,False,False,,False,False,False,False,False,False,False,False,NORMAL
2026-10-07 17:40:59.641593+00:00,1791394859638.0,temperature,True,0.97,rear_center,24.0,OK,MONITORING,True,24.0,,,,,,,2026-10-07 17:40:59.638000+00:00,0.0,0.0,,24.0,0.0,0.0,,False,False,False,False,False,False,23.43,-0.5700000000000003,NORMAL,False,False,,False,False,False,False,False,False,False,False,NORMAL
2026-10-07 17:40:59.642160+00:00,,guardian_state,True,0.97,rear_center,24.0,OK,MONITORING,True,24.0,,,,,,,2026-10-07 17:40:59.642160+00:00,0.0,0.0,,24.0,0.0,0.0,,False,False,False,False,False,False,23.43,-0.5700000000000003,NORMAL,False,False,,False,False,False,False,False,False,False,False,NORMAL
2026-10-07 17:41:01.648641+00:00,1791394861645.0,temperature,True,0.97,rear_center,24.0,OK,MONITORING,True,24.0,,,,,,,2026-10-07 17:41:01.645000+00:00,0.0,0.0,,24.0,0.0,0.0,,False,False,False,False,False,False,23.46,-0.5399999999999991,NORMAL,False,False,,False,False,False,False,False,False,False,False,NORMAL
2026-10-07 17:41:01.649628+00:00,,guardian_state,True,0.97,rear_center,24.0,OK,MONITORING,True,24.0,,,,,,,2026-10-07 17:41:01.649628+00:00,0.0,0.0,,24.0,0.0,0.0,,False,False,False,False,False,False,23.46,-0.5399999999999991,NORMAL,False,False,,False,False,False,False,False,False,False,False,NORMAL
2026-10-07 17:41:03.653772+00:00,1791394863650.0,temperature,True,0.97,rear_center,24.0,OK,MONITORING,True,24.0,,,,,,,2026-10-07 17:41:03.650000+00:00,0.0,0.0,,24.0,0.0,0.0,,False,False,False,False,False,False,23.46,-0.5399999999999991,NORMAL,False,False,,False,False,False,False,False,False,False,False,NORMAL
2026-10-07 17:41:03.654778+00:00,,guardian_state,True,0.97,rear_center,24.0,OK,MONITORING,True,24.0,,,,,,,2026-10-07 17:41:03.654778+00:00,0.0,0.0,,24.0,0.0,0.0,,False,False,False,False,False,False,23.46,-0.5399999999999991,NORMAL,False,False,,False,False,False,False,False,False,False,False,NORMAL
2026-10-07 17:41:05.656317+00:00,1791394865653.0,temperature,True,0.97,rear_center,24.0,OK,MONITORING,True,24.0,,,,,,,2026-10-07 17:41:05.653000+00:00,0.0,0.0,,24.0,0.0,0.0,,False,False,False,False,False,False,23.63,-0.370000000000001,NORMAL,False,False,,False,False,False,False,False,False,False,False,NORMAL
2026-10-07 17:41:05.657093+00:00,,guardian_state,True,0.97,rear_center,24.0,OK,MONITORING,True,24.0,,,,,,,2026-10-07 17:41:05.657093+00:00,0.0,0.0,,24.0,0.0,0.0,,False,False,False,False,False,False,23.63,-0.370000000000001,NORMAL,False,False,,False,False,False,False,False,False,False,False,NORMAL
2026-10-07 17:41:07.661820+00:00,1791394867659.0,temperature,True,0.97,rear_center,24.0,OK,MONITORING,True,24.0,,,,,,,2026-10-07 17:41:07.659000+00:00,0.0,0.0,,24.0,0.0,0.0,,False,False,False,False,False,False,23.63,-0.370000000000001,NORMAL,False,False,,False,False,False,False,False,False,False,False,NORMAL
2026-10-07 17:41:07.662597+00:00,,guardian_state,True,0.97,rear_center,24.0,OK,MONITORING,True,24.0,,,,,,,2026-10-07 17:41:07.662597+00:00,0.0,0.0,,24.0,0.0,0.0,,False,False,False,False,False,False,23.63,-0.370000000000001,NORMAL,False,False,,False,False,False,False,False,False,False,False,NORMAL
2026-10-07 17:41:09.667202+00:00,1791394869664.0,temperature,True,0.97,rear_center,24.0,OK,MONITORING,True,24.0,,,,,,,2026-10-07 17:41:09.664000+00:00,0.0,0.0,,24.0,0.0,0.0,,False,False,False,False,False,False,23.63,-0.370000000000001,NORMAL,False,False,,False,False,False,False,False,False,False,False,NORMAL
2026-10-07 17:41:09.667746+00:00,,guardian_state,True,0.97,rear_center,24.0,OK,MONITORING,True,24.0,,,,,,,2026-10-07 17:41:09.667746+00:00,0.0,0.0,,24.0,0.0,0.0,,False,False,False,False,False,False,23.63,-0.370000000000001,NORMAL,False,False,,False,False,False,False,False,False,False,False,NORMAL
2026-10-07 17:41:10.070162+00:00,1791394870067.0,child_presence,True,0.97,rear_center,24.0,OK,MONITORING,True,24.0,,,,,,,2026-10-07 17:41:10.067000+00:00,0.0,0.0,,24.0,0.0,0.0,,False,False,False,False,False,False,23.63,-0.370000000000001,NORMAL,False,False,,False,False,False,False,False,False,False,False,NORMAL
2026-10-07 17:41:10.070878+00:00,,guardian_state,True,0.97,rear_center,24.0,OK,MONITORING,True,24.0,,,,,,,2026-10-07 17:41:10.070878+00:00,0.0,0.0,,24.0,0.0,0.0,,False,False,False,False,False,False,23.63,-0.370000000000001,NORMAL,False,False,,False,False,False,False,False,False,False,False,NORMAL
2026-10-07 17:41:11.670165+00:00,1791394871667.0,temperature,True,0.97,rear_center,24.0,OK,MONITORING,True,24.0,,,,,,,2026-10-07 17:41:11.667000+00:00,0.0,0.0,,24.0,0.0,0.0,,False,False,False,False,False,False,23.59,-0.41000000000000014,NORMAL,False,False,,False,False,False,False,False,False,False,False,NORMAL
2026-10-07 17:41:11.670921+00:00,,guardian_state,True,0.97,rear_center,24.0,OK,MONITORING,True,24.0,,,,,,,2026-10-07 17:41:11.670921+00:00,0.0,0.0,,24.0,0.0,0.0,,False,False,False,False,False,False,23.59,-0.41000000000000014,NORMAL,False,False,,False,False,False,False,False,False,False,False,NORMAL
2026-10-07 17:41:13.674232+00:00,1791394873671.0,temperature,True,0.97,rear_center,24.0,OK,MONITORING,True,24.0,,,,,,,2026-10-07 17:41:13.671000+00:00,0.0,0.0,,24.0,0.0,0.0,,False,False,False,False,False,False,23.59,-0.41000000000000014,NORMAL,False,False,,False,False,False,False,False,False,False,False,NORMAL
2026-10-07 17:41:13.675192+00:00,,guardian_state,True,0.97,rear_center,24.0,OK,MONITORING,True,24.0,,,,,,,2026-10-07 17:41:13.675192+00:00,0.0,0.0,,24.0,0.0,0.0,,False,False,False,False,False,False,23.59,-0.41000000000000014,NORMAL,False,False,,False,False,False,False,False,False,False,False,NORMAL
2026-10-07 17:41:15.678137+00:00,1791394875675.0,temperature,True,0.97,rear_center,24.0,OK,MONITORING,True,24.0,,,,,,,2026-10-07 17:41:15.675000+00:00,0.0,0.0,,24.0,0.0,0.0,,False,False,False,False,False,False,23.4,-0.6000000000000014,NORMAL,False,False,,False,False,False,False,False,False,False,False,NORMAL
2026-10-07 17:41:15.679005+00:00,,guardian_state,True,0.97,rear_center,24.0,OK,MONITORING,True,24.0,,,,,,,2026-10-07 17:41:15.679005+00:00,0.0,0.0,,24.0,0.0,0.0,,False,False,False,False,False,False,23.4,-0.6000000000000014,NORMAL,False,False,,False,False,False,False,False,False,False,False,NORMAL
2026-10-07 17:41:17.680110+00:00,1791394877676.0,temperature,True,0.97,rear_center,24.0,OK,MONITORING,True,24.0,,,,,,,2026-10-07 17:41:17.676000+00:00,0.0,0.0,,24.0,0.0,0.0,,False,False,False,False,False,False,23.4,-0.6000000000000014,NORMAL,False,False,,False,False,False,False,False,False,False,False,NORMAL
2026-10-07 17:41:17.680907+00:00,,guardian_state,True,0.97,rear_center,24.0,OK,MONITORING,True,24.0,,,,,,,2026-10-07 17:41:17.680907+00:00,0.0,0.0,,24.0,0.0,0.0,,False,False,False,False,False,False,23.4,-0.6000000000000014,NORMAL,False,False,,False,False,False,False,False,False,False,False,NORMAL
2026-10-07 17:41:19.686566+00:00,1791394879683.0,temperature,True,0.97,rear_center,24.0,OK,MONITORING,True,24.0,,,,,,,2026-10-07 17:41:19.683000+00:00,0.0,0.0,,24.0,0.0,0.0,,False,False,False,False,False,False,23.4,-0.6000000000000014,NORMAL,False,False,,False,False,False,False,False,False,False,False,NORMAL
2026-10-07 17:41:19.687390+00:00,,guardian_state,True,0.97,rear_center,24.0,OK,MONITORING,True,24.0,,,,,,,2026-10-07 17:41:19.687390+00:00,0.0,0.0,,24.0,0.0,0.0,,False,False,False,False,False,False,23.4,-0.6000000000000014,NORMAL,False,False,,False,False,False,False,False,False,False,False,NORMAL
2026-10-07 17:41:21.688274+00:00,1791394881685.0,temperature,True,0.97,rear_center,24.0,OK,MONITORING,True,24.0,,,,,,,2026-10-07 17:41:21.685000+00:00,0.0,0.0,,24.0,0.0,0.0,,False,False,False,False,False,False,23.41,-0.5899999999999999,NORMAL,False,False,,False,False,False,False,False,False,False,False,NORMAL
2026-10-07 17:41:21.688893+00:00,,guardian_state,True,0.97,rear_center,24.0,OK,MONITORING,True,24.0,,,,,,,2026-10-07 17:41:21.688893+00:00,0.0,0.0,,24.0,0.0,0.0,,False,False,False,False,False,False,23.41,-0.5899999999999999,NORMAL,False,False,,False,False,False,False,False,False,False,False,NORMAL
2026-10-07 17:41:22.070826+00:00,1791394882068.0,child_presence,True,0.97,rear_center,24.0,OK,MONITORING,True,24.0,,,,,,,2026-10-07 17:41:22.068000+00:00,0.0,0.0,,24.0,0.0,0.0,,False,False,False,False,False,False,23.41,-0.5899999999999999,NORMAL,False,False,,False,False,False,False,False,False,False,False,NORMAL
2026-10-07 17:41:22.071175+00:00,,guardian_state,True,0.97,rear_center,24.0,OK,MONITORING,True,24.0,,,,,,,2026-10-07 17:41:22.071175+00:00,0.0,0.0,,24.0,0.0,0.0,,False,False,False,False,False,False,23.41,-0.5899999999999999,NORMAL,False,False,,False,False,False,False,False,False,False,False,NORMAL
2026-10-07 17:41:23.694261+00:00,1791394883690.0,temperature,True,0.97,rear_center,24.0,OK,MONITORING,True,24.0,,,,,,,2026-10-07 17:41:23.690000+00:00,0.0,0.0,,24.0,0.0,0.0,,False,False,False,False,False,False,23.41,-0.5899999999999999,NORMAL,False,False,,False,False,False,False,False,False,False,False,NORMAL
2026-10-07 17:41:23.695028+00:00,,guardian_state,True,0.97,rear_center,24.0,OK,MONITORING,True,24.0,,,,,,,2026-10-07 17:41:23.695028+00:00,0.0,0.0,,24.0,0.0,0.0,,False,False,False,False,False,False,23.41,-0.5899999999999999,NORMAL,False,False,,False,False,False,False,False,False,False,False,NORMAL
2026-10-07 17:41:25.698315+00:00,1791394885694.0,temperature,True,0.97,rear_center,24.0,OK,MONITORING,True,24.0,,,,,,,2026-10-07 17:41:25.694000+00:00,0.0,0.0,,24.0,0.0,0.0,,False,False,False,False,False,False,24.0,0.0,NORMAL,False,False,,False,False,False,False,False,False,False,False,NORMAL
2026-10-07 17:41:25.699106+00:00,,guardian_state,True,0.97,rear_center,24.0,OK,MONITORING,True,24.0,,,,,,,2026-10-07 17:41:25.699106+00:00,0.0,0.0,,24.0,0.0,0.0,,False,False,False,False,False,False,24.0,0.0,NORMAL,False,False,,False,False,False,False,False,False,False,False,NORMAL
2026-10-07 17:41:27.703260+00:00,1791394887700.0,temperature,True,0.97,rear_center,24.0,OK,MONITORING,True,24.0,,,,,,,2026-10-07 17:41:27.700000+00:00,0.0,0.0,,24.0,0.0,0.0,,False,False,False,False,False,False,24.0,0.0,NORMAL,False,False,,False,False,False,False,False,False,False,False,NORMAL
2026-10-07 17:41:27.703843+00:00,,guardian_state,True,0.97,rear_center,24.0,OK,MONITORING,True,24.0,,,,,,,2026-10-07 17:41:27.703843+00:00,0.0,0.0,,24.0,0.0,0.0,,False,False,False,False,False,False,24.0,0.0,NORMAL,False,False,,False,False,False,False,False,False,False,False,NORMAL
2026-10-07 17:41:29.712614+00:00,1791394889709.0,temperature,True,0.97,rear_center,24.0,OK,MONITORING,True,24.0,,,,,,,2026-10-07 17:41:29.709000+00:00,0.0,0.0,,24.0,0.0,0.0,,False,False,False,False,False,False,24.0,0.0,NORMAL,False,False,,False,False,False,False,False,False,False,False,NORMAL
2026-10-07 17:41:29.713144+00:00,,guardian_state,True,0.97,rear_center,24.0,OK,MONITORING,True,24.0,,,,,,,2026-10-07 17:41:29.713144+00:00,0.0,0.0,,24.0,0.0,0.0,,False,False,False,False,False,False,24.0,0.0,NORMAL,False,False,,False,False,False,False,False,False,False,False,NORMAL
2026-10-07 17:41:31.721744+00:00,1791394891718.0,temperature,True,0.97,rear_center,24.0,OK,MONITORING,True,24.0,,,,,,,2026-10-07 17:41:31.718000+00:00,0.0,0.0,,24.0,0.0,0.0,,False,False,False,False,False,False,24.34,0.33999999999999986,NORMAL,False,False,,False,False,False,False,False,False,False,False,NORMAL
2026-10-07 17:41:31.722570+00:00,,guardian_state,True,0.97,rear_center,24.0,OK,MONITORING,True,24.0,,,,,,,2026-10-07 17:41:31.722570+00:00,0.0,0.0,,24.0,0.0,0.0,,False,False,False,False,False,False,24.34,0.33999999999999986,NORMAL,False,False,,False,False,False,False,False,False,False,False,NORMAL
2026-10-07 17:41:33.724213+00:00,1791394893721.0,temperature,True,0.97,rear_center,24.0,OK,MONITORING,True,24.0,,,,,,,2026-10-07 17:41:33.721000+00:00,0.0,0.0,,24.0,0.0,0.0,,False,False,False,False,False,False,24.34,0.33999999999999986,NORMAL,False,False,,False,False,False,False,False,False,False,False,NORMAL
2026-10-07 17:41:33.724895+00:00,,guardian_state,True,0.97,rear_center,24.0,OK,MONITORING,True,24.0,,,,,,,2026-10-07 17:41:33.724895+00:00,0.0,0.0,,24.0,0.0,0.0,,False,False,False,False,False,False,24.34,0.33999999999999986,NORMAL,False,False,,False,False,False,False,False,False,False,False,NORMAL
2026-10-07 17:41:34.077880+00:00,1791394894074.0,child_presence,True,0.97,rear_center,24.0,OK,MONITORING,True,24.0,,,,,,,2026-10-07 17:41:34.074000+00:00,0.0,0.0,,24.0,0.0,0.0,,False,False,False,False,False,False,24.34,0.33999999999999986,NORMAL,False,False,,False,False,False,False,False,False,False,False,NORMAL
2026-10-07 17:41:34.079062+00:00,,guardian_state,True,0.97,rear_center,24.0,OK,MONITORING,True,24.0,,,,,,,2026-10-07 17:41:34.079062+00:00,0.0,0.0,,24.0,0.0,0.0,,False,False,False,False,False,False,24.34,0.33999999999999986,NORMAL,False,False,,False,False,False,False,False,False,False,False,NORMAL
2026-10-07 17:41:35.732491+00:00,1791394895729.0,temperature,True,0.97,rear_center,24.0,OK,MONITORING,True,24.0,,,,,,,2026-10-07 17:41:35.729000+00:00,0.0,0.0,,24.0,0.0,0.0,,False,False,False,False,False,False,24.56,0.5599999999999987,NORMAL,False,False,,False,False,False,False,False,False,False,False,NORMAL
2026-10-07 17:41:35.733344+00:00,,guardian_state,True,0.97,rear_center,24.0,OK,MONITORING,True,24.0,,,,,,,2026-10-07 17:41:35.733344+00:00,0.0,0.0,,24.0,0.0,0.0,,False,False,False,False,False,False,24.56,0.5599999999999987,NORMAL,False,False,,False,False,False,False,False,False,False,False,NORMAL
2026-10-07 17:41:37.735216+00:00,1791394897732.0,temperature,True,0.97,rear_center,24.0,OK,MONITORING,True,24.0,,,,,,,2026-10-07 17:41:37.732000+00:00,0.0,0.0,,24.0,0.0,0.0,,False,False,False,False,False,False,24.56,0.5599999999999987,NORMAL,False,False,,False,False,False,False,False,False,False,False,NORMAL
2026-10-07 17:41:37.736019+00:00,,guardian_state,True,0.97,rear_center,24.0,OK,MONITORING,True,24.0,,,,,,,2026-10-07 17:41:37.736019+00:00,0.0,0.0,,24.0,0.0,0.0,,False,False,False,False,False,False,24.56,0.5599999999999987,NORMAL,False,False,,False,False,False,False,False,False,False,False,NORMAL
2026-10-07 17:41:39.740894+00:00,1791394899737.0,temperature,True,0.97,rear_center,24.0,OK,MONITORING,True,24.0,,,,,,,2026-10-07 17:41:39.737000+00:00,0.0,0.0,,24.0,0.0,0.0,,False,False,False,False,False,False,24.56,0.5599999999999987,NORMAL,False,False,,False,False,False,False,False,False,False,False,NORMAL
2026-10-07 17:41:39.741736+00:00,,guardian_state,True,0.97,rear_center,24.0,OK,MONITORING,True,24.0,,,,,,,2026-10-07 17:41:39.741736+00:00,0.0,0.0,,24.0,0.0,0.0,,False,False,False,False,False,False,24.56,0.5599999999999987,NORMAL,False,False,,False,False,False,False,False,False,False,False,NORMAL
2026-10-07 17:41:41.747892+00:00,1791394901744.0,temperature,True,0.97,rear_center,24.0,OK,MONITORING,True,24.0,,,,,,,2026-10-07 17:41:41.744000+00:00,0.0,0.0,,24.0,0.0,0.0,,False,False,False,False,False,False,24.9,0.8999999999999986,NORMAL,False,False,,False,False,False,False,False,False,False,False,NORMAL
2026-10-07 17:41:41.748685+00:00,,guardian_state,True,0.97,rear_center,24.0,OK,MONITORING,True,24.0,,,,,,,2026-10-07 17:41:41.748685+00:00,0.0,0.0,,24.0,0.0,0.0,,False,False,False,False,False,False,24.9,0.8999999999999986,NORMAL,False,False,,False,False,False,False,False,False,False,False,NORMAL
2026-10-07 17:41:43.757360+00:00,1791394903754.0,temperature,True,0.97,rear_center,24.0,OK,MONITORING,True,24.0,,,,,,,2026-10-07 17:41:43.754000+00:00,0.0,0.0,,24.0,0.0,0.0,,False,False,False,False,False,False,24.9,0.8999999999999986,NORMAL,False,False,,False,False,False,False,False,False,False,False,NORMAL
2026-10-07 17:41:43.758308+00:00,,guardian_state,True,0.97,rear_center,24.0,OK,MONITORING,True,24.0,,,,,,,2026-10-07 17:41:43.758308+00:00,0.0,0.0,,24.0,0.0,0.0,,False,False,False,False,False,False,24.9,0.8999999999999986,NORMAL,False,False,,False,False,False,False,False,False,False,False,NORMAL
2026-10-07 17:41:45.762234+00:00,1791394905759.0,temperature,True,0.97,rear_center,24.0,OK,MONITORING,True,24.0,,,,,,,2026-10-07 17:41:45.759000+00:00,0.0,0.0,,24.0,0.0,0.0,,False,False,False,False,False,False,25.12,1.120000000000001,NORMAL,False,False,,False,False,False,False,False,False,False,False,NORMAL
2026-10-07 17:41:45.762854+00:00,,guardian_state,True,0.97,rear_center,24.0,OK,MONITORING,True,24.0,,,,,,,2026-10-07 17:41:45.762854+00:00,0.0,0.0,,24.0,0.0,0.0,,False,False,False,False,False,False,25.12,1.120000000000001,NORMAL,False,False,,False,False,False,False,False,False,False,False,NORMAL
2026-10-07 17:41:46.086326+00:00,1791394906083.0,child_presence,True,0.97,rear_center,24.0,OK,MONITORING,True,24.0,,,,,,,2026-10-07 17:41:46.083000+00:00,0.0,0.0,,24.0,0.0,0.0,,False,False,False,False,False,False,25.12,1.120000000000001,NORMAL,False,False,,False,False,False,False,False,False,False,False,NORMAL
2026-10-07 17:41:46.086946+00:00,,guardian_state,True,0.97,rear_center,24.0,OK,MONITORING,True,24.0,,,,,,,2026-10-07 17:41:46.086946+00:00,0.0,0.0,,24.0,0.0,0.0,,False,False,False,False,False,False,25.12,1.120000000000001,NORMAL,False,False,,False,False,False,False,False,False,False,False,NORMAL
2026-10-07 17:41:47.765294+00:00,1791394907763.0,temperature,True,0.97,rear_center,24.0,OK,MONITORING,True,24.0,,,,,,,2026-10-07 17:41:47.763000+00:00,0.0,0.0,,24.0,0.0,0.0,,False,False,False,False,False,False,25.12,1.120000000000001,NORMAL,False,False,,False,False,False,False,False,False,False,False,NORMAL
2026-10-07 17:41:47.765917+00:00,,guardian_state,True,0.97,rear_center,24.0,OK,MONITORING,True,24.0,,,,,,,2026-10-07 17:41:47.765917+00:00,0.0,0.0,,24.0,0.0,0.0,,False,False,False,False,False,False,25.12,1.120000000000001,NORMAL,False,False,,False,False,False,False,False,False,False,False,NORMAL
2026-10-07 17:41:49.777137+00:00,1791394909774.0,temperature,True,0.97,rear_center,24.0,OK,MONITORING,True,24.0,,,,,,,2026-10-07 17:41:49.774000+00:00,0.0,0.0,,24.0,0.0,0.0,,False,False,False,False,False,False,25.12,1.120000000000001,NORMAL,False,False,,False,False,False,False,False,False,False,False,NORMAL
2026-10-07 17:41:49.778042+00:00,,guardian_state,True,0.97,rear_center,24.0,OK,MONITORING,True,24.0,,,,,,,2026-10-07 17:41:49.778042+00:00,0.0,0.0,,24.0,0.0,0.0,,False,False,False,False,False,False,25.12,1.120000000000001,NORMAL,False,False,,False,False,False,False,False,False,False,False,NORMAL
2026-10-07 17:41:51.782537+00:00,1791394911779.0,temperature,True,0.97,rear_center,24.0,OK,MONITORING,True,24.0,,,,,,,2026-10-07 17:41:51.779000+00:00,0.0,0.0,,24.0,0.0,0.0,,False,False,False,False,False,False,25.46,1.4600000000000009,NORMAL,False,False,,False,False,False,False,False,False,False,False,NORMAL
2026-10-07 17:41:51.783349+00:00,,guardian_state,True,0.97,rear_center,24.0,OK,MONITORING,True,24.0,,,,,,,2026-10-07 17:41:51.783349+00:00,0.0,0.0,,24.0,0.0,0.0,,False,False,False,False,False,False,25.46,1.4600000000000009,NORMAL,False,False,,False,False,False,False,False,False,False,False,NORMAL
2026-10-07 17:41:53.786280+00:00,1791394913783.0,temperature,True,0.97,rear_center,24.0,OK,MONITORING,True,24.0,,,,,,,2026-10-07 17:41:53.783000+00:00,0.0,0.0,,24.0,0.0,0.0,,False,False,False,False,False,False,25.46,1.4600000000000009,NORMAL,False,False,,False,False,False,False,False,False,False,False,NORMAL
2026-10-07 17:41:53.787086+00:00,,guardian_state,True,0.97,rear_center,24.0,OK,MONITORING,True,24.0,,,,,,,2026-10-07 17:41:53.787086+00:00,0.0,0.0,,24.0,0.0,0.0,,False,False,False,False,False,False,25.46,1.4600000000000009,NORMAL,False,False,,False,False,False,False,False,False,False,False,NORMAL
2026-10-07 17:41:55.788713+00:00,1791394915786.0,temperature,True,0.97,rear_center,24.0,OK,MONITORING,True,24.0,,,,,,,2026-10-07 17:41:55.786000+00:00,0.0,0.0,,24.0,0.0,0.0,,False,False,False,False,False,False,25.69,1.6900000000000013,NORMAL,False,False,,False,False,False,False,False,False,False,False,NORMAL
2026-10-07 17:41:55.789517+00:00,,guardian_state,True,0.97,rear_center,24.0,OK,MONITORING,True,24.0,,,,,,,2026-10-07 17:41:55.789517+00:00,0.0,0.0,,24.0,0.0,0.0,,False,False,False,False,False,False,25.69,1.6900000000000013,NORMAL,False,False,,False,False,False,False,False,False,False,False,NORMAL
2026-10-07 17:41:57.789935+00:00,1791394917787.0,temperature,True,0.97,rear_center,24.0,OK,MONITORING,True,24.0,,,,,,,2026-10-07 17:41:57.787000+00:00,0.0,0.0,,24.0,0.0,0.0,,False,False,False,False,False,False,25.69,1.6900000000000013,NORMAL,False,False,,False,False,False,False,False,False,False,False,NORMAL
2026-10-07 17:41:57.790522+00:00,,guardian_state,True,0.97,rear_center,24.0,OK,MONITORING,True,24.0,,,,,,,2026-10-07 17:41:57.790522+00:00,0.0,0.0,,24.0,0.0,0.0,,False,False,False,False,False,False,25.69,1.6900000000000013,NORMAL,False,False,,False,False,False,False,False,False,False,False,NORMAL
2026-10-07 17:41:58.092557+00:00,1791394918090.0,child_presence,True,0.97,rear_center,24.0,OK,MONITORING,True,24.0,,,,,,,2026-10-07 17:41:58.090000+00:00,0.0,0.0,,24.0,0.0,0.0,,False,False,False,False,False,False,25.69,1.6900000000000013,NORMAL,False,False,,False,False,False,False,False,False,False,False,NORMAL
2026-10-07 17:41:58.093474+00:00,,guardian_state,True,0.97,rear_center,24.0,OK,MONITORING,True,24.0,,,,,,,2026-10-07 17:41:58.093474+00:00,0.0,0.0,,24.0,0.0,0.0,,False,False,False,False,False,False,25.69,1.6900000000000013,NORMAL,False,False,,False,False,False,False,False,False,False,False,NORMAL
2026-10-07 17:41:59.792130+00:00,1791394919789.0,temperature,True,0.97,rear_center,24.0,OK,MONITORING,True,24.0,,,,,,,2026-10-07 17:41:59.789000+00:00,0.0,0.0,,24.0,0.0,0.0,,False,False,False,False,False,False,25.69,1.6900000000000013,NORMAL,False,False,,False,False,False,False,False,False,False,False,NORMAL
2026-10-07 17:41:59.792969+00:00,,guardian_state,True,0.97,rear_center,24.0,OK,MONITORING,True,24.0,,,,,,,2026-10-07 17:41:59.792969+00:00,0.0,0.0,,24.0,0.0,0.0,,False,False,False,False,False,False,25.69,1.6900000000000013,NORMAL,False,False,,False,False,False,False,False,False,False,False,NORMAL
2026-10-07 17:42:01.797889+00:00,1791394921795.0,temperature,True,0.97,rear_center,24.0,OK,MONITORING,True,24.0,,,,,,,2026-10-07 17:42:01.795000+00:00,0.0,0.0,,24.0,0.0,0.0,,False,False,False,False,False,False,26.02,2.0199999999999996,SPIKE,False,False,,False,True,False,False,False,False,False,False,HIGH
2026-10-07 17:42:01.798549+00:00,,guardian_state,True,0.97,rear_center,24.0,OK,MONITORING,True,24.0,,,,,,,2026-10-07 17:42:01.798549+00:00,0.0,0.0,,24.0,0.0,0.0,,False,False,False,False,False,False,26.02,2.0199999999999996,SPIKE,False,False,,False,True,False,False,False,False,False,False,HIGH
2026-10-07 17:42:03.803260+00:00,1791394923800.0,temperature,True,0.97,rear_center,24.0,OK,MONITORING,True,24.0,,,,,,,2026-10-07 17:42:03.800000+00:00,0.0,0.0,,24.0,0.0,0.0,,False,False,False,False,False,False,26.02,2.0199999999999996,SPIKE,False,False,,False,True,False,False,False,False,False,False,HIGH
2026-10-07 17:42:03.803952+00:00,,guardian_state,True,0.97,rear_center,24.0,OK,MONITORING,True,24.0,,,,,,,2026-10-07 17:42:03.803952+00:00,0.0,0.0,,24.0,0.0,0.0,,False,False,False,False,False,False,26.02,2.0199999999999996,SPIKE,False,False,,False,True,False,False,False,False,False,False,HIGH
2026-10-07 17:42:05.812696+00:00,1791394925810.0,temperature,True,0.97,rear_center,24.0,OK,MONITORING,True,24.0,,,,,,,2026-10-07 17:42:05.810000+00:00,0.0,0.0,,24.0,0.0,0.0,,False,False,False,False,False,False,26.25,2.25,SPIKE,False,False,,False,True,False,False,False,False,False,False,HIGH
2026-10-07 17:42:05.813509+00:00,,guardian_state,True,0.97,rear_center,24.0,OK,MONITORING,True,24.0,,,,,,,2026-10-07 17:42:05.813509+00:00,0.0,0.0,,24.0,0.0,0.0,,False,False,False,False,False,False,26.25,2.25,SPIKE,False,False,,False,True,False,False,False,False,False,False,HIGH
2026-10-07 17:42:07.821668+00:00,1791394927819.0,temperature,True,0.97,rear_center,24.0,OK,MONITORING,True,24.0,,,,,,,2026-10-07 17:42:07.819000+00:00,0.0,0.0,,24.0,0.0,0.0,,False,False,False,False,False,False,26.25,2.25,SPIKE,False,False,,False,True,False,False,False,False,False,False,HIGH
2026-10-07 17:42:07.822363+00:00,,guardian_state,True,0.97,rear_center,24.0,OK,MONITORING,True,24.0,,,,,,,2026-10-07 17:42:07.822363+00:00,0.0,0.0,,24.0,0.0,0.0,,False,False,False,False,False,False,26.25,2.25,SPIKE,False,False,,False,True,False,False,False,False,False,False,HIGH
2026-10-07 17:42:09.825775+00:00,1791394929823.0,temperature,True,0.97,rear_center,24.0,OK,MONITORING,True,24.0,,,,,,,2026-10-07 17:42:09.823000+00:00,0.0,0.0,,24.0,0.0,0.0,,False,False,False,False,False,False,26.25,2.25,SPIKE,False,False,,False,True,False,False,False,False,False,False,HIGH
2026-10-07 17:42:09.826784+00:00,,guardian_state,True,0.97,rear_center,24.0,OK,MONITORING,True,24.0,,,,,,,2026-10-07 17:42:09.826784+00:00,0.0,0.0,,24.0,0.0,0.0,,False,False,False,False,False,False,26.25,2.25,SPIKE,False,False,,False,True,False,False,False,False,False,False,HIGH
2026-10-07 17:42:10.100526+00:00,1791394930098.0,child_presence,True,0.97,rear_center,24.0,OK,MONITORING,True,24.0,,,,,,,2026-10-07 17:42:10.098000+00:00,0.0,0.0,,24.0,0.0,0.0,,False,False,False,False,False,False,26.25,2.25,SPIKE,False,False,,False,True,False,False,False,False,False,False,HIGH
2026-10-07 17:42:10.101427+00:00,,guardian_state,True,0.97,rear_center,24.0,OK,MONITORING,True,24.0,,,,,,,2026-10-07 17:42:10.101427+00:00,0.0,0.0,,24.0,0.0,0.0,,False,False,False,False,False,False,26.25,2.25,SPIKE,False,False,,False,True,False,False,False,False,False,False,HIGH
2026-10-07 17:42:35.097602+00:00,1791394931828.0,temperature,True,0.97,rear_center,24.0,OK,MONITORING,True,24.0,,,,,,,2026-10-07 17:42:11.828000+00:00,0.0,0.0,,24.0,0.0,0.0,,False,False,False,False,False,False,26.58,2.5799999999999983,SPIKE,False,False,,False,True,False,False,False,False,False,False,HIGH
2026-10-07 17:42:37.105962+00:00,1791394933838.0,temperature,True,0.97,rear_center,24.0,OK,MONITORING,True,24.0,,,,,,,2026-10-07 17:42:13.838000+00:00,0.0,0.0,,24.0,0.0,0.0,,False,False,False,False,False,False,26.58,2.5799999999999983,SPIKE,False,False,,False,True,False,False,False,False,False,False,HIGH
2026-10-07 17:42:39.113512+00:00,1791394935845.0,temperature,True,0.97,rear_center,24.0,OK,MONITORING,True,24.0,,,,,,,2026-10-07 17:42:15.845000+00:00,0.0,0.0,,24.0,0.0,0.0,,False,False,False,False,False,False,26.81,2.8099999999999987,SPIKE,False,False,,False,True,False,False,False,False,False,False,HIGH
2026-10-07 17:42:35.121003+00:00,,guardian_state,True,0.97,rear_center,24.0,OK,MONITORING,True,24.0,,,,,,,2026-10-07 17:42:35.121003+00:00,0.0,0.0,,24.0,0.0,0.0,,False,False,False,False,False,False,27.93,3.9299999999999997,SPIKE,False,False,,False,True,False,False,False,False,False,False,HIGH
2026-10-07 17:42:37.106878+00:00,,guardian_state,True,0.97,rear_center,24.0,OK,MONITORING,True,24.0,,,,,,,2026-10-07 17:42:37.106878+00:00,0.0,0.0,,24.0,0.0,0.0,,False,False,False,False,False,False,27.93,3.9299999999999997,SPIKE,False,False,,False,True,False,False,False,False,False,False,HIGH
2026-10-07 17:42:39.114635+00:00,,guardian_state,True,0.97,rear_center,24.0,OK,MONITORING,True,24.0,,,,,,,2026-10-07 17:42:39.114635+00:00,0.0,0.0,,24.0,0.0,0.0,,False,False,False,False,False,False,27.93,3.9299999999999997,SPIKE,False,False,,False,True,False,False,False,False,False,False,HIGH
2026-10-07 17:42:41.118991+00:00,1791394961115.0,temperature,True,0.97,rear_center,24.0,OK,MONITORING,True,24.0,,,,,,,2026-10-07 17:42:41.115000+00:00,0.0,0.0,,24.0,0.0,0.0,,False,False,False,False,False,False,28.27,4.27,SPIKE,False,False,,False,True,False,False,False,False,False,False,HIGH
2026-10-07 17:42:41.119916+00:00,,guardian_state,True,0.97,rear_center,24.0,OK,MONITORING,True,24.0,,,,,,,2026-10-07 17:42:41.119916+00:00,0.0,0.0,,24.0,0.0,0.0,,False,False,False,False,False,False,28.27,4.27,SPIKE,False,False,,False,True,False,False,False,False,False,False,HIGH
2026-10-07 17:42:43.120298+00:00,1791394963116.0,temperature,True,0.97,rear_center,24.0,OK,MONITORING,True,24.0,,,,,,,2026-10-07 17:42:43.116000+00:00,0.0,0.0,,24.0,0.0,0.0,,False,False,False,False,False,False,28.27,4.27,SPIKE,False,False,,False,True,False,False,False,False,False,False,HIGH
2026-10-07 17:42:43.121089+00:00,,guardian_state,True,0.97,rear_center,24.0,OK,MONITORING,True,24.0,,,,,,,2026-10-07 17:42:43.121089+00:00,0.0,0.0,,24.0,0.0,0.0,,False,False,False,False,False,False,28.27,4.27,SPIKE,False,False,,False,True,False,False,False,False,False,False,HIGH
2026-10-07 17:42:45.129052+00:00,1791394965125.0,temperature,True,0.97,rear_center,24.0,OK,MONITORING,True,24.0,,,,,,,2026-10-07 17:42:45.125000+00:00,0.0,0.0,,24.0,0.0,0.0,,False,False,False,False,False,False,28.49,4.489999999999998,SPIKE,False,False,,False,True,False,False,False,False,False,False,HIGH
2026-10-07 17:42:45.129811+00:00,,guardian_state,True,0.97,rear_center,24.0,OK,MONITORING,True,24.0,,,,,,,2026-10-07 17:42:45.129811+00:00,0.0,0.0,,24.0,0.0,0.0,,False,False,False,False,False,False,28.49,4.489999999999998,SPIKE,False,False,,False,True,False,False,False,False,False,False,HIGH
2026-10-07 17:42:45.369794+00:00,1791394965366.0,child_presence,True,0.97,rear_center,24.0,OK,MONITORING,True,24.0,,,,,,,2026-10-07 17:42:45.366000+00:00,0.0,0.0,,24.0,0.0,0.0,,False,False,False,False,False,False,28.49,4.489999999999998,SPIKE,False,False,,False,True,False,False,False,False,False,False,HIGH
2026-10-07 17:42:45.370622+00:00,,guardian_state,True,0.97,rear_center,24.0,OK,MONITORING,True,24.0,,,,,,,2026-10-07 17:42:45.370622+00:00,0.0,0.0,,24.0,0.0,0.0,,False,False,False,False,False,False,28.49,4.489999999999998,SPIKE,False,False,,False,True,False,False,False,False,False,False,HIGH
2026-10-07 17:42:47.130872+00:00,1791394967127.0,temperature,True,0.97,rear_center,24.0,OK,MONITORING,True,24.0,,,,,,,2026-10-07 17:42:47.127000+00:00,0.0,0.0,,24.0,0.0,0.0,,False,False,False,False,False,False,28.49,4.489999999999998,SPIKE,False,False,,False,True,False,False,False,False,False,False,HIGH
2026-10-07 17:42:47.131842+00:00,,guardian_state,True,0.97,rear_center,24.0,OK,MONITORING,True,24.0,,,,,,,2026-10-07 17:42:47.131842+00:00,0.0,0.0,,24.0,0.0,0.0,,False,False,False,False,False,False,28.49,4.489999999999998,SPIKE,False,False,,False,True,False,False,False,False,False,False,HIGH
2026-10-07 17:42:49.138064+00:00,1791394969134.0,temperature,True,0.97,rear_center,24.0,OK,MONITORING,True,24.0,,,,,,,2026-10-07 17:42:49.134000+00:00,0.0,0.0,,24.0,0.0,0.0,,False,False,False,False,False,False,28.49,4.489999999999998,SPIKE,False,False,,False,True,False,False,False,False,False,False,HIGH
2026-10-07 17:42:49.138815+00:00,,guardian_state,True,0.97,rear_center,24.0,OK,MONITORING,True,24.0,,,,,,,2026-10-07 17:42:49.138815+00:00,0.0,0.0,,24.0,0.0,0.0,,False,False,False,False,False,False,28.49,4.489999999999998,SPIKE,False,False,,False,True,False,False,False,False,False,False,HIGH
2026-10-07 17:42:51.142659+00:00,1791394971139.0,temperature,True,0.97,rear_center,24.0,OK,MONITORING,True,24.0,,,,,,,2026-10-07 17:42:51.139000+00:00,0.0,0.0,,24.0,0.0,0.0,,False,False,False,False,False,False,28.83,4.829999999999998,SPIKE,False,False,,False,True,False,False,False,False,False,False,HIGH
2026-10-07 17:42:51.143388+00:00,,guardian_state,True,0.97,rear_center,24.0,OK,MONITORING,True,24.0,,,,,,,2026-10-07 17:42:51.143388+00:00,0.0,0.0,,24.0,0.0,0.0,,False,False,False,False,False,False,28.83,4.829999999999998,SPIKE,False,False,,False,True,False,False,False,False,False,False,HIGH
2026-10-07 17:42:53.144676+00:00,1791394973141.0,temperature,True,0.97,rear_center,24.0,OK,MONITORING,True,24.0,,,,,,,2026-10-07 17:42:53.141000+00:00,0.0,0.0,,24.0,0.0,0.0,,False,False,False,False,False,False,28.83,4.829999999999998,SPIKE,False,False,,False,True,False,False,False,False,False,False,HIGH
2026-10-07 17:42:53.145431+00:00,,guardian_state,True,0.97,rear_center,24.0,OK,MONITORING,True,24.0,,,,,,,2026-10-07 17:42:53.145431+00:00,0.0,0.0,,24.0,0.0,0.0,,False,False,False,False,False,False,28.83,4.829999999999998,SPIKE,False,False,,False,True,False,False,False,False,False,False,HIGH
2026-10-07 17:42:55.156211+00:00,1791394975152.0,temperature,True,0.97,rear_center,24.0,OK,MONITORING,True,24.0,,,,,,,2026-10-07 17:42:55.152000+00:00,0.0,0.0,,24.0,0.0,0.0,,False,False,False,False,False,False,24.0,0.0,NORMAL,False,False,,False,False,False,False,False,False,False,False,NORMAL
2026-10-07 17:42:55.157065+00:00,,guardian_state,True,0.97,rear_center,24.0,OK,MONITORING,True,24.0,,,,,,,2026-10-07 17:42:55.157065+00:00,0.0,0.0,,24.0,0.0,0.0,,False,False,False,False,False,False,24.0,0.0,NORMAL,False,False,,False,False,False,False,False,False,False,False,NORMAL
2026-10-07 17:42:57.163015+00:00,1791394977159.0,temperature,True,0.97,rear_center,24.0,OK,MONITORING,True,24.0,,,,,,,2026-10-07 17:42:57.159000+00:00,0.0,0.0,,24.0,0.0,0.0,,False,False,False,False,False,False,24.0,0.0,NORMAL,False,False,,False,False,False,False,False,False,False,False,NORMAL
2026-10-07 17:42:57.164381+00:00,,guardian_state,True,0.97,rear_center,24.0,OK,MONITORING,True,24.0,,,,,,,2026-10-07 17:42:57.164381+00:00,0.0,0.0,,24.0,0.0,0.0,,False,False,False,False,False,False,24.0,0.0,NORMAL,False,False,,False,False,False,False,False,False,False,False,NORMAL
2026-10-07 17:42:57.371911+00:00,1791394977368.0,child_presence,True,0.97,rear_center,24.0,OK,MONITORING,True,24.0,,,,,,,2026-10-07 17:42:57.368000+00:00,0.0,0.0,,24.0,0.0,0.0,,False,False,False,False,False,False,24.0,0.0,NORMAL,False,False,,False,False,False,False,False,False,False,False,NORMAL
2026-10-07 17:42:57.372563+00:00,,guardian_state,True,0.97,rear_center,24.0,OK,MONITORING,True,24.0,,,,,,,2026-10-07 17:42:57.372563+00:00,0.0,0.0,,24.0,0.0,0.0,,False,False,False,False,False,False,24.0,0.0,NORMAL,False,False,,False,False,False,False,False,False,False,False,NORMAL
2026-10-07 17:42:59.168160+00:00,1791394979164.0,temperature,True,0.97,rear_center,24.0,OK,MONITORING,True,24.0,,,,,,,2026-10-07 17:42:59.164000+00:00,0.0,0.0,,24.0,0.0,0.0,,False,False,False,False,False,False,24.0,0.0,NORMAL,False,False,,False,False,False,False,False,False,False,False,NORMAL
2026-10-07 17:42:59.168937+00:00,,guardian_state,True,0.97,rear_center,24.0,OK,MONITORING,True,24.0,,,,,,,2026-10-07 17:42:59.168937+00:00,0.0,0.0,,24.0,0.0,0.0,,False,False,False,False,False,False,24.0,0.0,NORMAL,False,False,,False,False,False,False,False,False,False,False,NORMAL
2026-10-07 17:43:01.172799+00:00,1791394981169.0,temperature,True,0.97,rear_center,24.0,OK,MONITORING,True,24.0,,,,,,,2026-10-07 17:43:01.169000+00:00,0.0,0.0,,24.0,0.0,0.0,,False,False,False,False,False,False,24.24,0.23999999999999844,NORMAL,False,False,,False,False,False,False,False,False,False,False,NORMAL
2026-10-07 17:43:01.173566+00:00,,guardian_state,True,0.97,rear_center,24.0,OK,MONITORING,True,24.0,,,,,,,2026-10-07 17:43:01.173566+00:00,0.0,0.0,,24.0,0.0,0.0,,False,False,False,False,False,False,24.24,0.23999999999999844,NORMAL,False,False,,False,False,False,False,False,False,False,False,NORMAL
2026-10-07 17:43:03.184160+00:00,1791394983180.0,temperature,True,0.97,rear_center,24.0,OK,MONITORING,True,24.0,,,,,,,2026-10-07 17:43:03.180000+00:00,0.0,0.0,,24.0,0.0,0.0,,False,False,False,False,False,False,24.24,0.23999999999999844,NORMAL,False,False,,False,False,False,False,False,False,False,False,NORMAL
2026-10-07 17:43:03.184854+00:00,,guardian_state,True,0.97,rear_center,24.0,OK,MONITORING,True,24.0,,,,,,,2026-10-07 17:43:03.184854+00:00,0.0,0.0,,24.0,0.0,0.0,,False,False,False,False,False,False,24.24,0.23999999999999844,NORMAL,False,False,,False,False,False,False,False,False,False,False,NORMAL
2026-10-07 17:43:05.187848+00:00,1791394985184.0,temperature,True,0.97,rear_center,24.0,OK,MONITORING,True,24.0,,,,,,,2026-10-07 17:43:05.184000+00:00,0.0,0.0,,24.0,0.0,0.0,,False,False,False,False,False,False,24.4,0.3999999999999986,NORMAL,False,False,,False,False,False,False,False,False,False,False,NORMAL
2026-10-07 17:43:05.188696+00:00,,guardian_state,True,0.97,rear_center,24.0,OK,MONITORING,True,24.0,,,,,,,2026-10-07 17:43:05.188696+00:00,0.0,0.0,,24.0,0.0,0.0,,False,False,False,False,False,False,24.4,0.3999999999999986,NORMAL,False,False,,False,False,False,False,False,False,False,False,NORMAL
2026-10-07 17:43:07.191623+00:00,1791394987188.0,temperature,True,0.97,rear_center,24.0,OK,MONITORING,True,24.0,,,,,,,2026-10-07 17:43:07.188000+00:00,0.0,0.0,,24.0,0.0,0.0,,False,False,False,False,False,False,24.4,0.3999999999999986,NORMAL,False,False,,False,False,False,False,False,False,False,False,NORMAL
2026-10-07 17:43:07.192576+00:00,,guardian_state,True,0.97,rear_center,24.0,OK,MONITORING,True,24.0,,,,,,,2026-10-07 17:43:07.192576+00:00,0.0,0.0,,24.0,0.0,0.0,,False,False,False,False,False,False,24.4,0.3999999999999986,NORMAL,False,False,,False,False,False,False,False,False,False,False,NORMAL
2026-10-07 17:43:09.193259+00:00,1791394989190.0,temperature,True,0.97,rear_center,24.0,OK,MONITORING,True,24.0,,,,,,,2026-10-07 17:43:09.190000+00:00,0.0,0.0,,24.0,0.0,0.0,,False,False,False,False,False,False,24.4,0.3999999999999986,NORMAL,False,False,,False,False,False,False,False,False,False,False,NORMAL
2026-10-07 17:43:09.194047+00:00,,guardian_state,True,0.97,rear_center,24.0,OK,MONITORING,True,24.0,,,,,,,2026-10-07 17:43:09.194047+00:00,0.0,0.0,,24.0,0.0,0.0,,False,False,False,False,False,False,24.4,0.3999999999999986,NORMAL,False,False,,False,False,False,False,False,False,False,False,NORMAL
2026-10-07 17:43:09.382543+00:00,1791394989379.0,child_presence,True,0.97,rear_center,24.0,OK,MONITORING,True,24.0,,,,,,,2026-10-07 17:43:09.379000+00:00,0.0,0.0,,24.0,0.0,0.0,,False,False,False,False,False,False,24.4,0.3999999999999986,NORMAL,False,False,,False,False,False,False,False,False,False,False,NORMAL
2026-10-07 17:43:09.383251+00:00,,guardian_state,True,0.97,rear_center,24.0,OK,MONITORING,True,24.0,,,,,,,2026-10-07 17:43:09.383251+00:00,0.0,0.0,,24.0,0.0,0.0,,False,False,False,False,False,False,24.4,0.3999999999999986,NORMAL,False,False,,False,False,False,False,False,False,False,False,NORMAL
2026-10-07 17:43:11.197277+00:00,1791394991194.0,temperature,True,0.97,rear_center,24.0,OK,MONITORING,True,24.0,,,,,,,2026-10-07 17:43:11.194000+00:00,0.0,0.0,,24.0,0.0,0.0,,False,False,False,False,False,False,24.65,0.6499999999999986,NORMAL,False,False,,False,False,False,False,False,False,False,False,NORMAL
2026-10-07 17:43:11.198001+00:00,,guardian_state,True,0.97,rear_center,24.0,OK,MONITORING,True,24.0,,,,,,,2026-10-07 17:43:11.198001+00:00,0.0,0.0,,24.0,0.0,0.0,,False,False,False,False,False,False,24.65,0.6499999999999986,NORMAL,False,False,,False,False,False,False,False,False,False,False,NORMAL
2026-10-07 17:43:13.199542+00:00,1791394993196.0,temperature,True,0.97,rear_center,24.0,OK,MONITORING,True,24.0,,,,,,,2026-10-07 17:43:13.196000+00:00,0.0,0.0,,24.0,0.0,0.0,,False,False,False,False,False,False,24.65,0.6499999999999986,NORMAL,False,False,,False,False,False,False,False,False,False,False,NORMAL
2026-10-07 17:43:13.200472+00:00,,guardian_state,True,0.97,rear_center,24.0,OK,MONITORING,True,24.0,,,,,,,2026-10-07 17:43:13.200472+00:00,0.0,0.0,,24.0,0.0,0.0,,False,False,False,False,False,False,24.65,0.6499999999999986,NORMAL,False,False,,False,False,False,False,False,False,False,False,NORMAL
2026-10-07 17:43:15.205137+00:00,1791394995201.0,temperature,True,0.97,rear_center,24.0,OK,MONITORING,True,24.0,,,,,,,2026-10-07 17:43:15.201000+00:00,0.0,0.0,,24.0,0.0,0.0,,False,False,False,False,False,False,24.81,0.8099999999999987,NORMAL,False,False,,False,False,False,False,False,False,False,False,NORMAL
2026-10-07 17:43:15.205736+00:00,,guardian_state,True,0.97,rear_center,24.0,OK,MONITORING,True,24.0,,,,,,,2026-10-07 17:43:15.205736+00:00,0.0,0.0,,24.0,0.0,0.0,,False,False,False,False,False,False,24.81,0.8099999999999987,NORMAL,False,False,,False,False,False,False,False,False,False,False,NORMAL
2026-10-07 17:43:17.209331+00:00,1791394997205.0,temperature,True,0.97,rear_center,24.0,OK,MONITORING,True,24.0,,,,,,,2026-10-07 17:43:17.205000+00:00,0.0,0.0,,24.0,0.0,0.0,,False,False,False,False,False,False,24.81,0.8099999999999987,NORMAL,False,False,,False,False,False,False,False,False,False,False,NORMAL
2026-10-07 17:43:17.210227+00:00,,guardian_state,True,0.97,rear_center,24.0,OK,MONITORING,True,24.0,,,,,,,2026-10-07 17:43:17.210227+00:00,0.0,0.0,,24.0,0.0,0.0,,False,False,False,False,False,False,24.81,0.8099999999999987,NORMAL,False,False,,False,False,False,False,False,False,False,False,NORMAL
2026-10-07 17:43:19.219535+00:00,1791394999216.0,temperature,True,0.97,rear_center,24.0,OK,MONITORING,True,24.0,,,,,,,2026-10-07 17:43:19.216000+00:00,0.0,0.0,,24.0,0.0,0.0,,False,False,False,False,False,False,24.81,0.8099999999999987,NORMAL,False,False,,False,False,False,False,False,False,False,False,NORMAL
2026-10-07 17:43:19.220645+00:00,,guardian_state,True,0.97,rear_center,24.0,OK,MONITORING,True,24.0,,,,,,,2026-10-07 17:43:19.220645+00:00,0.0,0.0,,24.0,0.0,0.0,,False,False,False,False,False,False,24.81,0.8099999999999987,NORMAL,False,False,,False,False,False,False,False,False,False,False,NORMAL
2026-10-07 17:43:21.222043+00:00,1791395001219.0,temperature,True,0.97,rear_center,24.0,OK,MONITORING,True,24.0,,,,,,,2026-10-07 17:43:21.219000+00:00,0.0,0.0,,24.0,0.0,0.0,,False,False,False,False,False,False,25.05,1.0500000000000007,NORMAL,False,False,,False,False,False,False,False,False,False,False,NORMAL
2026-10-07 17:43:21.222912+00:00,,guardian_state,True,0.97,rear_center,24.0,OK,MONITORING,True,24.0,,,,,,,2026-10-07 17:43:21.222912+00:00,0.0,0.0,,24.0,0.0,0.0,,False,False,False,False,False,False,25.05,1.0500000000000007,NORMAL,False,False,,False,False,False,False,False,False,False,False,NORMAL
2026-10-07 17:43:21.390031+00:00,1791395001387.0,child_presence,True,0.97,rear_center,24.0,OK,MONITORING,True,24.0,,,,,,,2026-10-07 17:43:21.387000+00:00,0.0,0.0,,24.0,0.0,0.0,,False,False,False,False,False,False,25.05,1.0500000000000007,NORMAL,False,False,,False,False,False,False,False,False,False,False,NORMAL
2026-10-07 17:43:21.390851+00:00,,guardian_state,True,0.97,rear_center,24.0,OK,MONITORING,True,24.0,,,,,,,2026-10-07 17:43:21.390851+00:00,0.0,0.0,,24.0,0.0,0.0,,False,False,False,False,False,False,25.05,1.0500000000000007,NORMAL,False,False,,False,False,False,False,False,False,False,False,NORMAL
2026-10-07 17:44:04.279510+00:00,1791395003221.0,temperature,True,0.97,rear_center,24.0,OK,MONITORING,True,24.0,,,,,,,2026-10-07 17:43:23.221000+00:00,0.0,0.0,,24.0,0.0,0.0,,False,False,False,False,False,False,25.05,1.0500000000000007,NORMAL,False,False,,False,False,False,False,False,False,False,False,NORMAL
2026-10-07 17:44:06.282358+00:00,1791395005225.0,temperature,True,0.97,rear_center,24.0,OK,MONITORING,True,24.0,,,,,,,2026-10-07 17:43:25.225000+00:00,0.0,0.0,,24.0,0.0,0.0,,False,False,False,False,False,False,25.21,1.2100000000000009,NORMAL,False,False,,False,False,False,False,False,False,False,False,NORMAL
2026-10-07 17:44:08.285054+00:00,1791395007227.0,temperature,True,0.97,rear_center,24.0,OK,MONITORING,True,24.0,,,,,,,2026-10-07 17:43:27.227000+00:00,0.0,0.0,,24.0,0.0,0.0,,False,False,False,False,False,False,25.21,1.2100000000000009,NORMAL,False,False,,False,False,False,False,False,False,False,False,NORMAL
2026-10-07 17:44:10.291381+00:00,1791395009234.0,temperature,True,0.97,rear_center,24.0,OK,MONITORING,True,24.0,,,,,,,2026-10-07 17:43:29.234000+00:00,0.0,0.0,,24.0,0.0,0.0,,False,False,False,False,False,False,25.21,1.2100000000000009,NORMAL,False,False,,False,False,False,False,False,False,False,False,NORMAL
2026-10-07 17:44:12.299078+00:00,1791395011241.0,temperature,True,0.97,rear_center,24.0,OK,MONITORING,True,24.0,,,,,,,2026-10-07 17:43:31.241000+00:00,0.0,0.0,,24.0,0.0,0.0,,False,False,False,False,False,False,25.45,1.4499999999999993,NORMAL,False,False,,False,False,False,False,False,False,False,False,NORMAL
2026-10-07 17:44:14.307128+00:00,1791395013249.0,temperature,True,0.97,rear_center,24.0,OK,MONITORING,True,24.0,,,,,,,2026-10-07 17:43:33.249000+00:00,0.0,0.0,,24.0,0.0,0.0,,False,False,False,False,False,False,25.45,1.4499999999999993,NORMAL,False,False,,False,False,False,False,False,False,False,False,NORMAL
2026-10-07 17:44:14.451027+00:00,1791395013393.0,child_presence,True,0.97,rear_center,24.0,OK,MONITORING,True,24.0,,,,,,,2026-10-07 17:43:33.393000+00:00,0.0,0.0,,24.0,0.0,0.0,,False,False,False,False,False,False,25.45,1.4499999999999993,NORMAL,False,False,,False,False,False,False,False,False,False,False,NORMAL
2026-10-07 17:44:16.311040+00:00,1791395015254.0,temperature,True,0.97,rear_center,24.0,OK,MONITORING,True,24.0,,,,,,,2026-10-07 17:43:35.254000+00:00,0.0,0.0,,24.0,0.0,0.0,,False,False,False,False,False,False,25.62,1.620000000000001,NORMAL,False,False,,False,False,False,False,False,False,False,False,NORMAL
2026-10-07 17:44:18.315358+00:00,1791395017258.0,temperature,True,0.97,rear_center,24.0,OK,MONITORING,True,24.0,,,,,,,2026-10-07 17:43:37.258000+00:00,0.0,0.0,,24.0,0.0,0.0,,False,False,False,False,False,False,25.62,1.620000000000001,NORMAL,False,False,,False,False,False,False,False,False,False,False,NORMAL
2026-10-07 17:44:20.320568+00:00,1791395019263.0,temperature,True,0.97,rear_center,24.0,OK,MONITORING,True,24.0,,,,,,,2026-10-07 17:43:39.263000+00:00,0.0,0.0,,24.0,0.0,0.0,,False,False,False,False,False,False,25.62,1.620000000000001,NORMAL,False,False,,False,False,False,False,False,False,False,False,NORMAL
2026-10-07 17:44:04.280194+00:00,,guardian_state,True,0.97,rear_center,24.0,OK,MONITORING,True,24.0,,,,,,,2026-10-07 17:44:04.280194+00:00,0.0,0.0,,24.0,0.0,0.0,,False,False,False,False,False,False,26.67,2.6700000000000017,SPIKE,False,False,,False,True,False,False,False,False,False,False,HIGH
2026-10-07 17:44:06.283131+00:00,,guardian_state,True,0.97,rear_center,24.0,OK,MONITORING,True,24.0,,,,,,,2026-10-07 17:44:06.283131+00:00,0.0,0.0,,24.0,0.0,0.0,,False,False,False,False,False,False,26.83,2.8299999999999983,SPIKE,False,False,,False,True,False,False,False,False,False,False,HIGH
2026-10-07 17:44:08.285998+00:00,,guardian_state,True,0.97,rear_center,24.0,OK,MONITORING,True,24.0,,,,,,,2026-10-07 17:44:08.285998+00:00,0.0,0.0,,24.0,0.0,0.0,,False,False,False,False,False,False,26.83,2.8299999999999983,SPIKE,False,False,,False,True,False,False,False,False,False,False,HIGH
2026-10-07 17:44:10.292222+00:00,,guardian_state,True,0.97,rear_center,24.0,OK,MONITORING,True,24.0,,,,,,,2026-10-07 17:44:10.292222+00:00,0.0,0.0,,24.0,0.0,0.0,,False,False,False,False,False,False,26.83,2.8299999999999983,SPIKE,False,False,,False,True,False,False,False,False,False,False,HIGH
2026-10-07 17:44:12.299929+00:00,,guardian_state,True,0.97,rear_center,24.0,OK,MONITORING,True,24.0,,,,,,,2026-10-07 17:44:12.299929+00:00,0.0,0.0,,24.0,0.0,0.0,,False,False,False,False,False,False,27.07,3.0700000000000003,SPIKE,False,False,,False,True,False,False,False,False,False,False,HIGH
2026-10-07 17:44:14.308010+00:00,,guardian_state,True,0.97,rear_center,24.0,OK,MONITORING,True,24.0,,,,,,,2026-10-07 17:44:14.308010+00:00,0.0,0.0,,24.0,0.0,0.0,,False,False,False,False,False,False,27.07,3.0700000000000003,SPIKE,False,False,,False,True,False,False,False,False,False,False,HIGH
2026-10-07 17:44:14.451958+00:00,,guardian_state,True,0.97,rear_center,24.0,OK,MONITORING,True,24.0,,,,,,,2026-10-07 17:44:14.451958+00:00,0.0,0.0,,24.0,0.0,0.0,,False,False,False,False,False,False,27.07,3.0700000000000003,SPIKE,False,False,,False,True,False,False,False,False,False,False,HIGH
2026-10-07 17:44:16.311704+00:00,,guardian_state,True,0.97,rear_center,24.0,OK,MONITORING,True,24.0,,,,,,,2026-10-07 17:44:16.311704+00:00,0.0,0.0,,24.0,0.0,0.0,,False,False,False,False,False,False,27.23,3.2300000000000004,SPIKE,False,False,,False,True,False,False,False,False,False,False,HIGH
2026-10-07 17:44:18.316447+00:00,,guardian_state,True,0.97,rear_center,24.0,OK,MONITORING,True,24.0,,,,,,,2026-10-07 17:44:18.316447+00:00,0.0,0.0,,24.0,0.0,0.0,,False,False,False,False,False,False,27.23,3.2300000000000004,SPIKE,False,False,,False,True,False,False,False,False,False,False,HIGH
2026-10-07 17:44:20.321213+00:00,,guardian_state,True,0.97,rear_center,24.0,OK,MONITORING,True,24.0,,,,,,,2026-10-07 17:44:20.321213+00:00,0.0,0.0,,24.0,0.0,0.0,,False,False,False,False,False,False,27.23,3.2300000000000004,SPIKE,False,False,,False,True,False,False,False,False,False,False,HIGH
2026-10-07 17:44:22.325181+00:00,1791395062321.0,temperature,True,0.97,rear_center,24.0,OK,MONITORING,True,24.0,,,,,,,2026-10-07 17:44:22.321000+00:00,0.0,0.0,,24.0,0.0,0.0,,False,False,False,False,False,False,27.47,3.469999999999999,SPIKE,False,False,,False,True,False,False,False,False,False,False,HIGH
2026-10-07 17:44:22.327192+00:00,,guardian_state,True,0.97,rear_center,24.0,OK,MONITORING,True,24.0,,,,,,,2026-10-07 17:44:22.327192+00:00,0.0,0.0,,24.0,0.0,0.0,,False,False,False,False,False,False,27.47,3.469999999999999,SPIKE,False,False,,False,True,False,False,False,False,False,False,HIGH
2026-10-07 17:44:24.329210+00:00,1791395064325.0,temperature,True,0.97,rear_center,24.0,OK,MONITORING,True,24.0,,,,,,,2026-10-07 17:44:24.325000+00:00,0.0,0.0,,24.0,0.0,0.0,,False,False,False,False,False,False,27.47,3.469999999999999,SPIKE,False,False,,False,True,False,False,False,False,False,False,HIGH
2026-10-07 17:44:24.329906+00:00,,guardian_state,True,0.97,rear_center,24.0,OK,MONITORING,True,24.0,,,,,,,2026-10-07 17:44:24.329906+00:00,0.0,0.0,,24.0,0.0,0.0,,False,False,False,False,False,False,27.47,3.469999999999999,SPIKE,False,False,,False,True,False,False,False,False,False,False,HIGH
2026-10-07 17:44:26.336253+00:00,1791395066332.0,temperature,True,0.97,rear_center,24.0,OK,MONITORING,True,24.0,,,,,,,2026-10-07 17:44:26.332000+00:00,0.0,0.0,,24.0,0.0,0.0,,False,False,False,False,False,False,27.64,3.6400000000000006,SPIKE,False,False,,False,True,False,False,False,False,False,False,HIGH
2026-10-07 17:44:26.337114+00:00,,guardian_state,True,0.97,rear_center,24.0,OK,MONITORING,True,24.0,,,,,,,2026-10-07 17:44:26.337114+00:00,0.0,0.0,,24.0,0.0,0.0,,False,False,False,False,False,False,27.64,3.6400000000000006,SPIKE,False,False,,False,True,False,False,False,False,False,False,HIGH
2026-10-07 17:44:26.451813+00:00,1791395066448.0,child_presence,True,0.97,rear_center,24.0,OK,MONITORING,True,24.0,,,,,,,2026-10-07 17:44:26.448000+00:00,0.0,0.0,,24.0,0.0,0.0,,False,False,False,False,False,False,27.64,3.6400000000000006,SPIKE,False,False,,False,True,False,False,False,False,False,False,HIGH
2026-10-07 17:44:26.452471+00:00,,guardian_state,True,0.97,rear_center,24.0,OK,MONITORING,True,24.0,,,,,,,2026-10-07 17:44:26.452471+00:00,0.0,0.0,,24.0,0.0,0.0,,False,False,False,False,False,False,27.64,3.6400000000000006,SPIKE,False,False,,False,True,False,False,False,False,False,False,HIGH
2026-10-07 17:44:28.340185+00:00,1791395068336.0,temperature,True,0.97,rear_center,24.0,OK,MONITORING,True,24.0,,,,,,,2026-10-07 17:44:28.336000+00:00,0.0,0.0,,24.0,0.0,0.0,,False,False,False,False,False,False,27.64,3.6400000000000006,SPIKE,False,False,,False,True,False,False,False,False,False,False,HIGH
2026-10-07 17:44:28.341175+00:00,,guardian_state,True,0.97,rear_center,24.0,OK,MONITORING,True,24.0,,,,,,,2026-10-07 17:44:28.341175+00:00,0.0,0.0,,24.0,0.0,0.0,,False,False,False,False,False,False,27.64,3.6400000000000006,SPIKE,False,False,,False,True,False,False,False,False,False,False,HIGH
2026-10-07 17:44:30.347186+00:00,1791395070343.0,temperature,True,0.97,rear_center,24.0,OK,MONITORING,True,24.0,,,,,,,2026-10-07 17:44:30.343000+00:00,0.0,0.0,,24.0,0.0,0.0,,False,False,False,False,False,False,27.64,3.6400000000000006,SPIKE,False,False,,False,True,False,False,False,False,False,False,HIGH
2026-10-07 17:44:30.348014+00:00,,guardian_state,True,0.97,rear_center,24.0,OK,MONITORING,True,24.0,,,,,,,2026-10-07 17:44:30.348014+00:00,0.0,0.0,,24.0,0.0,0.0,,False,False,False,False,False,False,27.64,3.6400000000000006,SPIKE,False,False,,False,True,False,False,False,False,False,False,HIGH
2026-10-07 17:44:32.349089+00:00,1791395072345.0,temperature,True,0.97,rear_center,24.0,OK,MONITORING,True,24.0,,,,,,,2026-10-07 17:44:32.345000+00:00,0.0,0.0,,24.0,0.0,0.0,,False,False,False,False,False,False,27.88,3.879999999999999,SPIKE,False,False,,False,True,False,False,False,False,False,False,HIGH
2026-10-07 17:44:32.349853+00:00,,guardian_state,True,0.97,rear_center,24.0,OK,MONITORING,True,24.0,,,,,,,2026-10-07 17:44:32.349853+00:00,0.0,0.0,,24.0,0.0,0.0,,False,False,False,False,False,False,27.88,3.879999999999999,SPIKE,False,False,,False,True,False,False,False,False,False,False,HIGH
2026-10-07 17:44:34.352488+00:00,1791395074349.0,temperature,True,0.97,rear_center,24.0,OK,MONITORING,True,24.0,,,,,,,2026-10-07 17:44:34.349000+00:00,0.0,0.0,,24.0,0.0,0.0,,False,False,False,False,False,False,27.88,3.879999999999999,SPIKE,False,False,,False,True,False,False,False,False,False,False,HIGH
2026-10-07 17:44:34.353382+00:00,,guardian_state,True,0.97,rear_center,24.0,OK,MONITORING,True,24.0,,,,,,,2026-10-07 17:44:34.353382+00:00,0.0,0.0,,24.0,0.0,0.0,,False,False,False,False,False,False,27.88,3.879999999999999,SPIKE,False,False,,False,True,False,False,False,False,False,False,HIGH
2026-10-07 17:44:36.355501+00:00,1791395076352.0,temperature,True,0.97,rear_center,24.0,OK,MONITORING,True,24.0,,,,,,,2026-10-07 17:44:36.352000+00:00,0.0,0.0,,24.0,0.0,0.0,,False,False,False,False,False,False,27.0,3.0,SPIKE,False,False,,False,True,False,False,False,False,False,False,HIGH
2026-10-07 17:44:36.356322+00:00,,guardian_state,True,0.97,rear_center,24.0,OK,MONITORING,True,24.0,,,,,,,2026-10-07 17:44:36.356322+00:00,0.0,0.0,,24.0,0.0,0.0,,False,False,False,False,False,False,27.0,3.0,SPIKE,False,False,,False,True,False,False,False,False,False,False,HIGH
2026-10-07 17:44:38.360597+00:00,1791395078357.0,temperature,True,0.97,rear_center,24.0,OK,MONITORING,True,24.0,,,,,,,2026-10-07 17:44:38.357000+00:00,0.0,0.0,,24.0,0.0,0.0,,False,False,False,False,False,False,27.0,3.0,SPIKE,False,False,,False,True,False,False,False,False,False,False,HIGH
2026-10-07 17:44:38.361470+00:00,,guardian_state,True,0.97,rear_center,24.0,OK,MONITORING,True,24.0,,,,,,,2026-10-07 17:44:38.361470+00:00,0.0,0.0,,24.0,0.0,0.0,,False,False,False,False,False,False,27.0,3.0,SPIKE,False,False,,False,True,False,False,False,False,False,False,HIGH
2026-10-07 17:44:38.462078+00:00,1791395078459.0,child_presence,True,0.97,rear_center,24.0,OK,MONITORING,True,24.0,,,,,,,2026-10-07 17:44:38.459000+00:00,0.0,0.0,,24.0,0.0,0.0,,False,False,False,False,False,False,27.0,3.0,SPIKE,False,False,,False,True,False,False,False,False,False,False,HIGH
2026-10-07 17:44:38.462745+00:00,,guardian_state,True,0.97,rear_center,24.0,OK,MONITORING,True,24.0,,,,,,,2026-10-07 17:44:38.462745+00:00,0.0,0.0,,24.0,0.0,0.0,,False,False,False,False,False,False,27.0,3.0,SPIKE,False,False,,False,True,False,False,False,False,False,False,HIGH
2026-10-07 17:44:40.372305+00:00,1791395080368.0,temperature,True,0.97,rear_center,24.0,OK,MONITORING,True,24.0,,,,,,,2026-10-07 17:44:40.368000+00:00,0.0,0.0,,24.0,0.0,0.0,,False,False,False,False,False,False,27.0,3.0,SPIKE,False,False,,False,True,False,False,False,False,False,False,HIGH
2026-10-07 17:44:40.373187+00:00,,guardian_state,True,0.97,rear_center,24.0,OK,MONITORING,True,24.0,,,,,,,2026-10-07 17:44:40.373187+00:00,0.0,0.0,,24.0,0.0,0.0,,False,False,False,False,False,False,27.0,3.0,SPIKE,False,False,,False,True,False,False,False,False,False,False,HIGH
2026-10-07 17:44:42.374001+00:00,1791395082370.0,temperature,True,0.97,rear_center,24.0,OK,MONITORING,True,24.0,,,,,,,2026-10-07 17:44:42.370000+00:00,0.0,0.0,,24.0,0.0,0.0,,False,False,False,False,False,False,27.24,3.2399999999999984,SPIKE,False,False,,False,True,False,False,False,False,False,False,HIGH
2026-10-07 17:44:42.374836+00:00,,guardian_state,True,0.97,rear_center,24.0,OK,MONITORING,True,24.0,,,,,,,2026-10-07 17:44:42.374836+00:00,0.0,0.0,,24.0,0.0,0.0,,False,False,False,False,False,False,27.24,3.2399999999999984,SPIKE,False,False,,False,True,False,False,False,False,False,False,HIGH
2026-10-07 17:44:44.378886+00:00,1791395084375.0,temperature,True,0.97,rear_center,24.0,OK,MONITORING,True,24.0,,,,,,,2026-10-07 17:44:44.375000+00:00,0.0,0.0,,24.0,0.0,0.0,,False,False,False,False,False,False,27.24,3.2399999999999984,SPIKE,False,False,,False,True,False,False,False,False,False,False,HIGH
2026-10-07 17:44:44.379997+00:00,,guardian_state,True,0.97,rear_center,24.0,OK,MONITORING,True,24.0,,,,,,,2026-10-07 17:44:44.379997+00:00,0.0,0.0,,24.0,0.0,0.0,,False,False,False,False,False,False,27.24,3.2399999999999984,SPIKE,False,False,,False,True,False,False,False,False,False,False,HIGH
2026-10-07 17:44:46.379946+00:00,1791395086376.0,temperature,True,0.97,rear_center,24.0,OK,MONITORING,True,24.0,,,,,,,2026-10-07 17:44:46.376000+00:00,0.0,0.0,,24.0,0.0,0.0,,False,False,False,False,False,False,27.4,3.3999999999999986,SPIKE,False,False,,False,True,False,False,False,False,False,False,HIGH
2026-10-07 17:44:46.380879+00:00,,guardian_state,True,0.97,rear_center,24.0,OK,MONITORING,True,24.0,,,,,,,2026-10-07 17:44:46.380879+00:00,0.0,0.0,,24.0,0.0,0.0,,False,False,False,False,False,False,27.4,3.3999999999999986,SPIKE,False,False,,False,True,False,False,False,False,False,False,HIGH
2026-10-07 17:44:48.381741+00:00,1791395088378.0,temperature,True,0.97,rear_center,24.0,OK,MONITORING,True,24.0,,,,,,,2026-10-07 17:44:48.378000+00:00,0.0,0.0,,24.0,0.0,0.0,,False,False,False,False,False,False,27.4,3.3999999999999986,SPIKE,False,False,,False,True,False,False,False,False,False,False,HIGH
2026-10-07 17:44:48.383430+00:00,,guardian_state,True,0.97,rear_center,24.0,OK,MONITORING,True,24.0,,,,,,,2026-10-07 17:44:48.383430+00:00,0.0,0.0,,24.0,0.0,0.0,,False,False,False,False,False,False,27.4,3.3999999999999986,SPIKE,False,False,,False,True,False,False,False,False,False,False,HIGH
2026-10-07 17:44:50.382867+00:00,1791395090379.0,temperature,True,0.97,rear_center,24.0,OK,MONITORING,True,24.0,,,,,,,2026-10-07 17:44:50.379000+00:00,0.0,0.0,,24.0,0.0,0.0,,False,False,False,False,False,False,27.4,3.3999999999999986,SPIKE,False,False,,False,True,False,False,False,False,False,False,HIGH
2026-10-07 17:44:50.383748+00:00,,guardian_state,True,0.97,rear_center,24.0,OK,MONITORING,True,24.0,,,,,,,2026-10-07 17:44:50.383748+00:00,0.0,0.0,,24.0,0.0,0.0,,False,False,False,False,False,False,27.4,3.3999999999999986,SPIKE,False,False,,False,True,False,False,False,False,False,False,HIGH
2026-10-07 17:44:50.464457+00:00,1791395090461.0,child_presence,True,0.97,rear_center,24.0,OK,MONITORING,True,24.0,,,,,,,2026-10-07 17:44:50.461000+00:00,0.0,0.0,,24.0,0.0,0.0,,False,False,False,False,False,False,27.4,3.3999999999999986,SPIKE,False,False,,False,True,False,False,False,False,False,False,HIGH
2026-10-07 17:44:50.465118+00:00,,guardian_state,True,0.97,rear_center,24.0,OK,MONITORING,True,24.0,,,,,,,2026-10-07 17:44:50.465118+00:00,0.0,0.0,,24.0,0.0,0.0,,False,False,False,False,False,False,27.4,3.3999999999999986,SPIKE,False,False,,False,True,False,False,False,False,False,False,HIGH
2026-10-07 17:44:52.387542+00:00,1791395092384.0,temperature,True,0.97,rear_center,24.0,OK,MONITORING,True,24.0,,,,,,,2026-10-07 17:44:52.384000+00:00,0.0,0.0,,24.0,0.0,0.0,,False,False,False,False,False,False,27.65,3.6499999999999986,SPIKE,False,False,,False,True,False,False,False,False,False,False,HIGH
2026-10-07 17:44:52.388108+00:00,,guardian_state,True,0.97,rear_center,24.0,OK,MONITORING,True,24.0,,,,,,,2026-10-07 17:44:52.388108+00:00,0.0,0.0,,24.0,0.0,0.0,,False,False,False,False,False,False,27.65,3.6499999999999986,SPIKE,False,False,,False,True,False,False,False,False,False,False,HIGH
2026-10-07 17:44:54.390416+00:00,1791395094386.0,temperature,True,0.97,rear_center,24.0,OK,MONITORING,True,24.0,,,,,,,2026-10-07 17:44:54.386000+00:00,0.0,0.0,,24.0,0.0,0.0,,False,False,False,False,False,False,27.65,3.6499999999999986,SPIKE,False,False,,False,True,False,False,False,False,False,False,HIGH
2026-10-07 17:44:54.391913+00:00,,guardian_state,True,0.97,rear_center,24.0,OK,MONITORING,True,24.0,,,,,,,2026-10-07 17:44:54.391913+00:00,0.0,0.0,,24.0,0.0,0.0,,False,False,False,False,False,False,27.65,3.6499999999999986,SPIKE,False,False,,False,True,False,False,False,False,False,False,HIGH
2026-10-07 17:44:56.392357+00:00,1791395096389.0,temperature,True,0.97,rear_center,24.0,OK,MONITORING,True,24.0,,,,,,,2026-10-07 17:44:56.389000+00:00,0.0,0.0,,24.0,0.0,0.0,,False,False,False,False,False,False,27.81,3.8099999999999987,SPIKE,False,False,,False,True,False,False,False,False,False,False,HIGH
2026-10-07 17:44:56.393431+00:00,,guardian_state,True,0.97,rear_center,24.0,OK,MONITORING,True,24.0,,,,,,,2026-10-07 17:44:56.393431+00:00,0.0,0.0,,24.0,0.0,0.0,,False,False,False,False,False,False,27.81,3.8099999999999987,SPIKE,False,False,,False,True,False,False,False,False,False,False,HIGH
2026-10-07 17:44:58.394351+00:00,1791395098391.0,temperature,True,0.97,rear_center,24.0,OK,MONITORING,True,24.0,,,,,,,2026-10-07 17:44:58.391000+00:00,0.0,0.0,,24.0,0.0,0.0,,False,False,False,False,False,False,27.81,3.8099999999999987,SPIKE,False,False,,False,True,False,False,False,False,False,False,HIGH
2026-10-07 17:44:58.395099+00:00,,guardian_state,True,0.97,rear_center,24.0,OK,MONITORING,True,24.0,,,,,,,2026-10-07 17:44:58.395099+00:00,0.0,0.0,,24.0,0.0,0.0,,False,False,False,False,False,False,27.81,3.8099999999999987,SPIKE,False,False,,False,True,False,False,False,False,False,False,HIGH
2026-10-07 17:45:00.395644+00:00,1791395100392.0,temperature,True,0.97,rear_center,24.0,OK,MONITORING,True,24.0,,,,,,,2026-10-07 17:45:00.392000+00:00,0.0,0.0,,24.0,0.0,0.0,,False,False,False,False,False,False,27.81,3.8099999999999987,SPIKE,False,False,,False,True,False,False,False,False,False,False,HIGH
2026-10-07 17:45:00.396584+00:00,,guardian_state,True,0.97,rear_center,24.0,OK,MONITORING,True,24.0,,,,,,,2026-10-07 17:45:00.396584+00:00,0.0,0.0,,24.0,0.0,0.0,,False,False,False,False,False,False,27.81,3.8099999999999987,SPIKE,False,False,,False,True,False,False,False,False,False,False,HIGH
2026-10-07 17:45:02.398167+00:00,1791395102395.0,temperature,True,0.97,rear_center,24.0,OK,MONITORING,True,24.0,,,,,,,2026-10-07 17:45:02.395000+00:00,0.0,0.0,,24.0,0.0,0.0,,False,False,False,False,False,False,28.05,4.050000000000001,SPIKE,False,False,,False,True,False,False,False,False,False,False,HIGH
2026-10-07 17:45:02.398899+00:00,,guardian_state,True,0.97,rear_center,24.0,OK,MONITORING,True,24.0,,,,,,,2026-10-07 17:45:02.398899+00:00,0.0,0.0,,24.0,0.0,0.0,,False,False,False,False,False,False,28.05,4.050000000000001,SPIKE,False,False,,False,True,False,False,False,False,False,False,HIGH
2026-10-07 17:45:02.465998+00:00,1791395102462.0,child_presence,True,0.97,rear_center,24.0,OK,MONITORING,True,24.0,,,,,,,2026-10-07 17:45:02.462000+00:00,0.0,0.0,,24.0,0.0,0.0,,False,False,False,False,False,False,28.05,4.050000000000001,SPIKE,False,False,,False,True,False,False,False,False,False,False,HIGH
2026-10-07 17:45:02.469903+00:00,,guardian_state,True,0.97,rear_center,24.0,OK,MONITORING,True,24.0,,,,,,,2026-10-07 17:45:02.469903+00:00,0.0,0.0,,24.0,0.0,0.0,,False,False,False,False,False,False,28.05,4.050000000000001,SPIKE,False,False,,False,True,False,False,False,False,False,False,HIGH
2026-10-07 17:45:04.403366+00:00,1791395104400.0,temperature,True,0.97,rear_center,24.0,OK,MONITORING,True,24.0,,,,,,,2026-10-07 17:45:04.400000+00:00,0.0,0.0,,24.0,0.0,0.0,,False,False,False,False,False,False,28.05,4.050000000000001,SPIKE,False,False,,False,True,False,False,False,False,False,False,HIGH
2026-10-07 17:45:04.403711+00:00,,guardian_state,True,0.97,rear_center,24.0,OK,MONITORING,True,24.0,,,,,,,2026-10-07 17:45:04.403711+00:00,0.0,0.0,,24.0,0.0,0.0,,False,False,False,False,False,False,28.05,4.050000000000001,SPIKE,False,False,,False,True,False,False,False,False,False,False,HIGH
2026-10-07 17:45:06.407835+00:00,1791395106404.0,temperature,True,0.97,rear_center,24.0,OK,MONITORING,True,24.0,,,,,,,2026-10-07 17:45:06.404000+00:00,0.0,0.0,,24.0,0.0,0.0,,False,False,False,False,False,False,28.21,4.210000000000001,SPIKE,False,False,,False,True,False,False,False,False,False,False,HIGH
2026-10-07 17:45:06.408693+00:00,,guardian_state,True,0.97,rear_center,24.0,OK,MONITORING,True,24.0,,,,,,,2026-10-07 17:45:06.408693+00:00,0.0,0.0,,24.0,0.0,0.0,,False,False,False,False,False,False,28.21,4.210000000000001,SPIKE,False,False,,False,True,False,False,False,False,False,False,HIGH
2026-10-07 17:45:08.412250+00:00,1791395108409.0,temperature,True,0.97,rear_center,24.0,OK,MONITORING,True,24.0,,,,,,,2026-10-07 17:45:08.409000+00:00,0.0,0.0,,24.0,0.0,0.0,,False,False,False,False,False,False,28.21,4.210000000000001,SPIKE,False,False,,False,True,False,False,False,False,False,False,HIGH
2026-10-07 17:45:08.413034+00:00,,guardian_state,True,0.97,rear_center,24.0,OK,MONITORING,True,24.0,,,,,,,2026-10-07 17:45:08.413034+00:00,0.0,0.0,,24.0,0.0,0.0,,False,False,False,False,False,False,28.21,4.210000000000001,SPIKE,False,False,,False,True,False,False,False,False,False,False,HIGH
2026-10-07 17:45:10.418423+00:00,1791395110415.0,temperature,True,0.97,rear_center,24.0,OK,MONITORING,True,24.0,,,,,,,2026-10-07 17:45:10.415000+00:00,0.0,0.0,,24.0,0.0,0.0,,False,False,False,False,False,False,28.21,4.210000000000001,SPIKE,False,False,,False,True,False,False,False,False,False,False,HIGH
2026-10-07 17:45:10.419188+00:00,,guardian_state,True,0.97,rear_center,24.0,OK,MONITORING,True,24.0,,,,,,,2026-10-07 17:45:10.419188+00:00,0.0,0.0,,24.0,0.0,0.0,,False,False,False,False,False,False,28.21,4.210000000000001,SPIKE,False,False,,False,True,False,False,False,False,False,False,HIGH
2026-10-07 17:45:12.420313+00:00,1791395112417.0,temperature,True,0.97,rear_center,24.0,OK,MONITORING,True,24.0,,,,,,,2026-10-07 17:45:12.417000+00:00,0.0,0.0,,24.0,0.0,0.0,,False,False,False,False,False,False,28.45,4.449999999999999,SPIKE,False,False,,False,True,False,False,False,False,False,False,HIGH
2026-10-07 17:45:12.421291+00:00,,guardian_state,True,0.97,rear_center,24.0,OK,MONITORING,True,24.0,,,,,,,2026-10-07 17:45:12.421291+00:00,0.0,0.0,,24.0,0.0,0.0,,False,False,False,False,False,False,28.45,4.449999999999999,SPIKE,False,False,,False,True,False,False,False,False,False,False,HIGH
2026-10-07 17:45:14.422583+00:00,1791395114419.0,temperature,True,0.97,rear_center,24.0,OK,MONITORING,True,24.0,,,,,,,2026-10-07 17:45:14.419000+00:00,0.0,0.0,,24.0,0.0,0.0,,False,False,False,False,False,False,28.45,4.449999999999999,SPIKE,False,False,,False,True,False,False,False,False,False,False,HIGH
2026-10-07 17:45:14.423360+00:00,,guardian_state,True,0.97,rear_center,24.0,OK,MONITORING,True,24.0,,,,,,,2026-10-07 17:45:14.423360+00:00,0.0,0.0,,24.0,0.0,0.0,,False,False,False,False,False,False,28.45,4.449999999999999,SPIKE,False,False,,False,True,False,False,False,False,False,False,HIGH
2026-10-07 17:45:14.467276+00:00,1791395114464.0,child_presence,True,0.97,rear_center,24.0,OK,MONITORING,True,24.0,,,,,,,2026-10-07 17:45:14.464000+00:00,0.0,0.0,,24.0,0.0,0.0,,False,False,False,False,False,False,28.45,4.449999999999999,SPIKE,False,False,,False,True,False,False,False,False,False,False,HIGH
2026-10-07 17:45:14.468021+00:00,,guardian_state,True,0.97,rear_center,24.0,OK,MONITORING,True,24.0,,,,,,,2026-10-07 17:45:14.468021+00:00,0.0,0.0,,24.0,0.0,0.0,,False,False,False,False,False,False,28.45,4.449999999999999,SPIKE,False,False,,False,True,False,False,False,False,False,False,HIGH
2026-10-07 17:45:16.424144+00:00,1791395116421.0,temperature,True,0.97,rear_center,24.0,OK,MONITORING,True,24.0,,,,,,,2026-10-07 17:45:16.421000+00:00,0.0,0.0,,24.0,0.0,0.0,,False,False,False,False,False,False,28.62,4.620000000000001,SPIKE,False,False,,False,True,False,False,False,False,False,False,HIGH
2026-10-07 17:45:16.425013+00:00,,guardian_state,True,0.97,rear_center,24.0,OK,MONITORING,True,24.0,,,,,,,2026-10-07 17:45:16.425013+00:00,0.0,0.0,,24.0,0.0,0.0,,False,False,False,False,False,False,28.62,4.620000000000001,SPIKE,False,False,,False,True,False,False,False,False,False,False,HIGH
2026-10-07 17:45:18.428164+00:00,1791395118424.0,temperature,True,0.97,rear_center,24.0,OK,MONITORING,True,24.0,,,,,,,2026-10-07 17:45:18.424000+00:00,0.0,0.0,,24.0,0.0,0.0,,False,False,False,False,False,False,28.62,4.620000000000001,SPIKE,False,False,,False,True,False,False,False,False,False,False,HIGH
2026-10-07 17:45:18.429110+00:00,,guardian_state,True,0.97,rear_center,24.0,OK,MONITORING,True,24.0,,,,,,,2026-10-07 17:45:18.429110+00:00,0.0,0.0,,24.0,0.0,0.0,,False,False,False,False,False,False,28.62,4.620000000000001,SPIKE,False,False,,False,True,False,False,False,False,False,False,HIGH
2026-10-07 17:45:20.430227+00:00,1791395120427.0,temperature,True,0.97,rear_center,24.0,OK,MONITORING,True,24.0,,,,,,,2026-10-07 17:45:20.427000+00:00,0.0,0.0,,24.0,0.0,0.0,,False,False,False,False,False,False,28.62,4.620000000000001,SPIKE,False,False,,False,True,False,False,False,False,False,False,HIGH
2026-10-07 17:45:20.431268+00:00,,guardian_state,True,0.97,rear_center,24.0,OK,MONITORING,True,24.0,,,,,,,2026-10-07 17:45:20.431268+00:00,0.0,0.0,,24.0,0.0,0.0,,False,False,False,False,False,False,28.62,4.620000000000001,SPIKE,False,False,,False,True,False,False,False,False,False,False,HIGH
2026-10-07 17:45:22.435944+00:00,1791395122432.0,temperature,True,0.97,rear_center,24.0,OK,MONITORING,True,24.0,,,,,,,2026-10-07 17:45:22.432000+00:00,0.0,0.0,,24.0,0.0,0.0,,False,False,False,False,False,False,28.86,4.859999999999999,SPIKE,False,False,,False,True,False,False,False,False,False,False,HIGH
2026-10-07 17:45:22.436900+00:00,,guardian_state,True,0.97,rear_center,24.0,OK,MONITORING,True,24.0,,,,,,,2026-10-07 17:45:22.436900+00:00,0.0,0.0,,24.0,0.0,0.0,,False,False,False,False,False,False,28.86,4.859999999999999,SPIKE,False,False,,False,True,False,False,False,False,False,False,HIGH
2026-10-07 17:45:24.440590+00:00,1791395124437.0,temperature,True,0.97,rear_center,24.0,OK,MONITORING,True,24.0,,,,,,,2026-10-07 17:45:24.437000+00:00,0.0,0.0,,24.0,0.0,0.0,,False,False,False,False,False,False,28.86,4.859999999999999,SPIKE,False,False,,False,True,False,False,False,False,False,False,HIGH
2026-10-07 17:45:24.441597+00:00,,guardian_state,True,0.97,rear_center,24.0,OK,MONITORING,True,24.0,,,,,,,2026-10-07 17:45:24.441597+00:00,0.0,0.0,,24.0,0.0,0.0,,False,False,False,False,False,False,28.86,4.859999999999999,SPIKE,False,False,,False,True,False,False,False,False,False,False,HIGH
2026-10-07 17:45:26.446336+00:00,1791395126443.0,temperature,True,0.97,rear_center,24.0,OK,MONITORING,True,24.0,,,,,,,2026-10-07 17:45:26.443000+00:00,0.0,0.0,,24.0,0.0,0.0,,False,False,False,False,False,False,29.02,5.02,SPIKE,False,False,,False,True,False,False,False,False,False,False,HIGH
2026-10-07 17:45:26.447157+00:00,,guardian_state,True,0.97,rear_center,24.0,OK,MONITORING,True,24.0,,,,,,,2026-10-07 17:45:26.447157+00:00,0.0,0.0,,24.0,0.0,0.0,,False,False,False,False,False,False,29.02,5.02,SPIKE,False,False,,False,True,False,False,False,False,False,False,HIGH
2026-10-07 17:45:26.468729+00:00,1791395126465.0,child_presence,True,0.97,rear_center,24.0,OK,MONITORING,True,24.0,,,,,,,2026-10-07 17:45:26.465000+00:00,0.0,0.0,,24.0,0.0,0.0,,False,False,False,False,False,False,29.02,5.02,SPIKE,False,False,,False,True,False,False,False,False,False,False,HIGH
2026-10-07 17:45:26.469605+00:00,,guardian_state,True,0.97,rear_center,24.0,OK,MONITORING,True,24.0,,,,,,,2026-10-07 17:45:26.469605+00:00,0.0,0.0,,24.0,0.0,0.0,,False,False,False,False,False,False,29.02,5.02,SPIKE,False,False,,False,True,False,False,False,False,False,False,HIGH
2026-10-07 17:45:28.449832+00:00,1791395128447.0,temperature,True,0.97,rear_center,24.0,OK,MONITORING,True,24.0,,,,,,,2026-10-07 17:45:28.447000+00:00,0.0,0.0,,24.0,0.0,0.0,,False,False,False,False,False,False,29.02,5.02,SPIKE,False,False,,False,True,False,False,False,False,False,False,HIGH
2026-10-07 17:45:28.450246+00:00,,guardian_state,True,0.97,rear_center,24.0,OK,MONITORING,True,24.0,,,,,,,2026-10-07 17:45:28.450246+00:00,0.0,0.0,,24.0,0.0,0.0,,False,False,False,False,False,False,29.02,5.02,SPIKE,False,False,,False,True,False,False,False,False,False,False,HIGH
2026-10-07 17:45:30.453053+00:00,1791395130450.0,temperature,True,0.97,rear_center,24.0,OK,MONITORING,True,24.0,,,,,,,2026-10-07 17:45:30.450000+00:00,0.0,0.0,,24.0,0.0,0.0,,False,False,False,False,False,False,29.02,5.02,SPIKE,False,False,,False,True,False,False,False,False,False,False,HIGH
2026-10-07 17:45:30.454025+00:00,,guardian_state,True,0.97,rear_center,24.0,OK,MONITORING,True,24.0,,,,,,,2026-10-07 17:45:30.454025+00:00,0.0,0.0,,24.0,0.0,0.0,,False,False,False,False,False,False,29.02,5.02,SPIKE,False,False,,False,True,False,False,False,False,False,False,HIGH
2026-10-07 17:45:32.457434+00:00,1791395132454.0,temperature,True,0.97,rear_center,24.0,OK,MONITORING,True,24.0,,,,,,,2026-10-07 17:45:32.454000+00:00,0.0,0.0,,24.0,0.0,0.0,,False,False,False,False,False,False,29.26,5.260000000000002,SPIKE,False,False,,False,True,False,False,False,False,False,False,HIGH
2026-10-07 17:45:32.458335+00:00,,guardian_state,True,0.97,rear_center,24.0,OK,MONITORING,True,24.0,,,,,,,2026-10-07 17:45:32.458335+00:00,0.0,0.0,,24.0,0.0,0.0,,False,False,False,False,False,False,29.26,5.260000000000002,SPIKE,False,False,,False,True,False,False,False,False,False,False,HIGH
2026-10-07 17:45:34.462236+00:00,1791395134459.0,temperature,True,0.97,rear_center,24.0,OK,MONITORING,True,24.0,,,,,,,2026-10-07 17:45:34.459000+00:00,0.0,0.0,,24.0,0.0,0.0,,False,False,False,False,False,False,29.26,5.260000000000002,SPIKE,False,False,,False,True,False,False,False,False,False,False,HIGH
2026-10-07 17:45:34.463097+00:00,,guardian_state,True,0.97,rear_center,24.0,OK,MONITORING,True,24.0,,,,,,,2026-10-07 17:45:34.463097+00:00,0.0,0.0,,24.0,0.0,0.0,,False,False,False,False,False,False,29.26,5.260000000000002,SPIKE,False,False,,False,True,False,False,False,False,False,False,HIGH
2026-10-07 17:45:36.468239+00:00,1791395136465.0,temperature,True,0.97,rear_center,24.0,OK,MONITORING,True,24.0,,,,,,,2026-10-07 17:45:36.465000+00:00,0.0,0.0,,24.0,0.0,0.0,,False,False,False,False,False,False,29.42,5.420000000000002,SPIKE,False,False,,False,True,False,False,False,False,False,False,HIGH
2026-10-07 17:45:36.469152+00:00,,guardian_state,True,0.97,rear_center,24.0,OK,MONITORING,True,24.0,,,,,,,2026-10-07 17:45:36.469152+00:00,0.0,0.0,,24.0,0.0,0.0,,False,False,False,False,False,False,29.42,5.420000000000002,SPIKE,False,False,,False,True,False,False,False,False,False,False,HIGH
2026-10-07 17:45:38.472153+00:00,1791395138468.0,child_presence,True,0.97,rear_center,24.0,OK,MONITORING,True,24.0,,,,,,,2026-10-07 17:45:38.468000+00:00,0.0,0.0,,24.0,0.0,0.0,,False,False,False,False,False,False,29.42,5.420000000000002,SPIKE,False,False,,False,True,False,False,False,False,False,False,HIGH
2026-10-07 17:45:38.473055+00:00,1791395138468.0,temperature,True,0.97,rear_center,24.0,OK,MONITORING,True,24.0,,,,,,,2026-10-07 17:45:38.468000+00:00,0.0,0.0,,24.0,0.0,,,False,False,False,False,False,False,29.42,5.420000000000002,SPIKE,False,False,,False,True,False,False,False,False,False,False,HIGH
2026-10-07 17:45:38.473373+00:00,,guardian_state,True,0.97,rear_center,24.0,OK,MONITORING,True,24.0,,,,,,,2026-10-07 17:45:38.473373+00:00,0.0,0.0,,24.0,0.0,0.0,,False,False,False,False,False,False,29.42,5.420000000000002,SPIKE,False,False,,False,True,False,False,False,False,False,False,HIGH
2026-10-07 17:45:38.473554+00:00,,guardian_state,True,0.97,rear_center,24.0,OK,MONITORING,True,24.0,,,,,,,2026-10-07 17:45:38.473554+00:00,0.0,0.0,,24.0,0.0,0.0,,False,False,False,False,False,False,29.42,5.420000000000002,SPIKE,False,False,,False,True,False,False,False,False,False,False,HIGH
2026-10-07 17:45:40.475878+00:00,1791395140473.0,temperature,True,0.97,rear_center,24.0,OK,MONITORING,True,24.0,,,,,,,2026-10-07 17:45:40.473000+00:00,0.0,0.0,,24.0,0.0,0.0,,False,False,False,False,False,False,29.42,5.420000000000002,SPIKE,False,False,,False,True,False,False,False,False,False,False,HIGH
2026-10-07 17:45:40.476752+00:00,,guardian_state,True,0.97,rear_center,24.0,OK,MONITORING,True,24.0,,,,,,,2026-10-07 17:45:40.476752+00:00,0.0,0.0,,24.0,0.0,0.0,,False,False,False,False,False,False,29.42,5.420000000000002,SPIKE,False,False,,False,True,False,False,False,False,False,False,HIGH
2026-10-07 17:45:42.478398+00:00,1791395142475.0,temperature,True,0.97,rear_center,24.0,OK,MONITORING,True,24.0,,,,,,,2026-10-07 17:45:42.475000+00:00,0.0,0.0,,24.0,0.0,0.0,,False,False,False,False,False,False,29.67,5.670000000000002,SPIKE,False,False,,False,True,False,False,False,False,False,False,HIGH
2026-10-07 17:45:42.479219+00:00,,guardian_state,True,0.97,rear_center,24.0,OK,MONITORING,True,24.0,,,,,,,2026-10-07 17:45:42.479219+00:00,0.0,0.0,,24.0,0.0,0.0,,False,False,False,False,False,False,29.67,5.670000000000002,SPIKE,False,False,,False,True,False,False,False,False,False,False,HIGH
2026-10-07 17:45:44.482671+00:00,1791395144480.0,temperature,True,0.97,rear_center,24.0,OK,MONITORING,True,24.0,,,,,,,2026-10-07 17:45:44.480000+00:00,0.0,0.0,,24.0,0.0,0.0,,False,False,False,False,False,False,29.67,5.670000000000002,SPIKE,False,False,,False,True,False,False,False,False,False,False,HIGH
2026-10-07 17:45:44.483415+00:00,,guardian_state,True,0.97,rear_center,24.0,OK,MONITORING,True,24.0,,,,,,,2026-10-07 17:45:44.483415+00:00,0.0,0.0,,24.0,0.0,0.0,,False,False,False,False,False,False,29.67,5.670000000000002,SPIKE,False,False,,False,True,False,False,False,False,False,False,HIGH
2026-10-07 17:45:46.484479+00:00,1791395146481.0,temperature,True,0.97,rear_center,24.0,OK,MONITORING,True,24.0,,,,,,,2026-10-07 17:45:46.481000+00:00,0.0,0.0,,24.0,0.0,0.0,,False,False,False,False,False,False,29.83,5.829999999999998,SPIKE,False,False,,False,True,False,False,False,False,False,False,HIGH
2026-10-07 17:45:46.485221+00:00,,guardian_state,True,0.97,rear_center,24.0,OK,MONITORING,True,24.0,,,,,,,2026-10-07 17:45:46.485221+00:00,0.0,0.0,,24.0,0.0,0.0,,False,False,False,False,False,False,29.83,5.829999999999998,SPIKE,False,False,,False,True,False,False,False,False,False,False,HIGH
2026-10-07 17:45:48.487388+00:00,1791395148484.0,temperature,True,0.97,rear_center,24.0,OK,MONITORING,True,24.0,,,,,,,2026-10-07 17:45:48.484000+00:00,0.0,0.0,,24.0,0.0,0.0,,False,False,False,False,False,False,29.83,5.829999999999998,SPIKE,False,False,,False,True,False,False,False,False,False,False,HIGH
2026-10-07 17:45:48.488038+00:00,,guardian_state,True,0.97,rear_center,24.0,OK,MONITORING,True,24.0,,,,,,,2026-10-07 17:45:48.488038+00:00,0.0,0.0,,24.0,0.0,0.0,,False,False,False,False,False,False,29.83,5.829999999999998,SPIKE,False,False,,False,True,False,False,False,False,False,False,HIGH
2026-10-07 17:45:50.475892+00:00,1791395150473.0,child_presence,True,0.97,rear_center,24.0,OK,MONITORING,True,24.0,,,,,,,2026-10-07 17:45:50.473000+00:00,0.0,0.0,,24.0,0.0,0.0,,False,False,False,False,False,False,29.83,5.829999999999998,SPIKE,False,False,,False,True,False,False,False,False,False,False,HIGH
2026-10-07 17:45:50.476741+00:00,,guardian_state,True,0.97,rear_center,24.0,OK,MONITORING,True,24.0,,,,,,,2026-10-07 17:45:50.476741+00:00,0.0,0.0,,24.0,0.0,0.0,,False,False,False,False,False,False,29.83,5.829999999999998,SPIKE,False,False,,False,True,False,False,False,False,False,False,HIGH
2026-10-07 17:45:50.491116+00:00,1791395150487.0,temperature,True,0.97,rear_center,24.0,OK,MONITORING,True,24.0,,,,,,,2026-10-07 17:45:50.487000+00:00,0.0,0.0,,24.0,0.0,0.0,,False,False,False,False,False,False,29.83,5.829999999999998,SPIKE,False,False,,False,True,False,False,False,False,False,False,HIGH
2026-10-07 17:45:50.491889+00:00,,guardian_state,True,0.97,rear_center,24.0,OK,MONITORING,True,24.0,,,,,,,2026-10-07 17:45:50.491889+00:00,0.0,0.0,,24.0,0.0,0.0,,False,False,False,False,False,False,29.83,5.829999999999998,SPIKE,False,False,,False,True,False,False,False,False,False,False,HIGH
2026-10-07 17:45:52.492570+00:00,1791395152489.0,temperature,True,0.97,rear_center,24.0,OK,MONITORING,True,24.0,,,,,,,2026-10-07 17:45:52.489000+00:00,0.0,0.0,,24.0,0.0,0.0,,False,False,False,False,False,False,30.07,6.07,SPIKE,False,False,,False,True,False,False,False,False,False,False,HIGH
2026-10-07 17:45:52.493791+00:00,,guardian_state,True,0.97,rear_center,24.0,OK,MONITORING,True,24.0,,,,,,,2026-10-07 17:45:52.493791+00:00,0.0,0.0,,24.0,0.0,0.0,,False,False,False,False,False,False,30.07,6.07,SPIKE,False,False,,False,True,False,False,False,False,False,False,HIGH
2026-10-07 17:45:54.497846+00:00,1791395154494.0,temperature,True,0.97,rear_center,24.0,OK,MONITORING,True,24.0,,,,,,,2026-10-07 17:45:54.494000+00:00,0.0,0.0,,24.0,0.0,0.0,,False,False,False,False,False,False,30.07,6.07,SPIKE,False,False,,False,True,False,False,False,False,False,False,HIGH
2026-10-07 17:45:54.498646+00:00,,guardian_state,True,0.97,rear_center,24.0,OK,MONITORING,True,24.0,,,,,,,2026-10-07 17:45:54.498646+00:00,0.0,0.0,,24.0,0.0,0.0,,False,False,False,False,False,False,30.07,6.07,SPIKE,False,False,,False,True,False,False,False,False,False,False,HIGH
2026-10-07 17:45:56.500898+00:00,1791395156498.0,temperature,True,0.97,rear_center,24.0,OK,MONITORING,True,24.0,,,,,,,2026-10-07 17:45:56.498000+00:00,0.0,0.0,,24.0,0.0,0.0,,False,False,False,False,False,False,30.23,6.23,SPIKE,False,False,,False,True,False,False,False,False,False,False,HIGH
2026-10-07 17:45:56.501717+00:00,,guardian_state,True,0.97,rear_center,24.0,OK,MONITORING,True,24.0,,,,,,,2026-10-07 17:45:56.501717+00:00,0.0,0.0,,24.0,0.0,0.0,,False,False,False,False,False,False,30.23,6.23,SPIKE,False,False,,False,True,False,False,False,False,False,False,HIGH
2026-10-07 17:45:58.503645+00:00,1791395158501.0,temperature,True,0.97,rear_center,24.0,OK,MONITORING,True,24.0,,,,,,,2026-10-07 17:45:58.501000+00:00,0.0,0.0,,24.0,0.0,0.0,,False,False,False,False,False,False,30.23,6.23,SPIKE,False,False,,False,True,False,False,False,False,False,False,HIGH
2026-10-07 17:45:58.503976+00:00,,guardian_state,True,0.97,rear_center,24.0,OK,MONITORING,True,24.0,,,,,,,2026-10-07 17:45:58.503976+00:00,0.0,0.0,,24.0,0.0,0.0,,False,False,False,False,False,False,30.23,6.23,SPIKE,False,False,,False,True,False,False,False,False,False,False,HIGH
2026-10-07 17:46:00.509445+00:00,1791395160506.0,temperature,True,0.97,rear_center,24.0,OK,MONITORING,True,24.0,,,,,,,2026-10-07 17:46:00.506000+00:00,0.0,0.0,,24.0,0.0,0.0,,False,False,False,False,False,False,30.23,6.23,SPIKE,False,False,,False,True,False,False,False,False,False,False,HIGH
2026-10-07 17:46:00.510175+00:00,,guardian_state,True,0.97,rear_center,24.0,OK,MONITORING,True,24.0,,,,,,,2026-10-07 17:46:00.510175+00:00,0.0,0.0,,24.0,0.0,0.0,,False,False,False,False,False,False,30.23,6.23,SPIKE,False,False,,False,True,False,False,False,False,False,False,HIGH
2026-10-07 17:46:02.478888+00:00,1791395162476.0,child_presence,True,0.97,rear_center,24.0,OK,MONITORING,True,24.0,,,,,,,2026-10-07 17:46:02.476000+00:00,0.0,0.0,,24.0,0.0,0.0,,False,False,False,False,False,False,30.47,6.469999999999999,SPIKE,False,False,,False,True,False,False,False,False,False,False,HIGH
2026-10-07 17:46:02.479801+00:00,,guardian_state,True,0.97,rear_center,24.0,OK,MONITORING,True,24.0,,,,,,,2026-10-07 17:46:02.479801+00:00,0.0,0.0,,24.0,0.0,0.0,,False,False,False,False,False,False,30.47,6.469999999999999,SPIKE,False,False,,False,True,False,False,False,False,False,False,HIGH
2026-10-07 17:46:02.511059+00:00,1791395162508.0,temperature,True,0.97,rear_center,24.0,OK,MONITORING,True,24.0,,,,,,,2026-10-07 17:46:02.508000+00:00,0.0,0.0,,24.0,0.0,0.0,,False,False,False,False,False,False,30.47,6.469999999999999,SPIKE,False,False,,False,True,False,False,False,False,False,False,HIGH
2026-10-07 17:46:02.511643+00:00,,guardian_state,True,0.97,rear_center,24.0,OK,MONITORING,True,24.0,,,,,,,2026-10-07 17:46:02.511643+00:00,0.0,0.0,,24.0,0.0,0.0,,False,False,False,False,False,False,30.47,6.469999999999999,SPIKE,False,False,,False,True,False,False,False,False,False,False,HIGH
2026-10-07 17:46:04.518130+00:00,1791395164515.0,temperature,True,0.97,rear_center,24.0,OK,MONITORING,True,24.0,,,,,,,2026-10-07 17:46:04.515000+00:00,0.0,0.0,,24.0,0.0,0.0,,False,False,False,False,False,False,30.47,6.469999999999999,SPIKE,False,False,,False,True,False,False,False,False,False,False,HIGH
2026-10-07 17:46:04.518944+00:00,,guardian_state,True,0.97,rear_center,24.0,OK,MONITORING,True,24.0,,,,,,,2026-10-07 17:46:04.518944+00:00,0.0,0.0,,24.0,0.0,0.0,,False,False,False,False,False,False,30.47,6.469999999999999,SPIKE,False,False,,False,True,False,False,False,False,False,False,HIGH
2026-10-07 17:46:06.519020+00:00,1791395166516.0,temperature,True,0.97,rear_center,24.0,OK,MONITORING,True,24.0,,,,,,,2026-10-07 17:46:06.516000+00:00,0.0,0.0,,24.0,0.0,0.0,,False,False,False,False,False,False,30.64,6.640000000000001,SPIKE,False,False,,False,True,False,False,False,False,False,False,HIGH
2026-10-07 17:46:06.519808+00:00,,guardian_state,True,0.97,rear_center,24.0,OK,MONITORING,True,24.0,,,,,,,2026-10-07 17:46:06.519808+00:00,0.0,0.0,,24.0,0.0,0.0,,False,False,False,False,False,False,30.64,6.640000000000001,SPIKE,False,False,,False,True,False,False,False,False,False,False,HIGH
2026-10-07 17:46:08.522895+00:00,1791395168520.0,temperature,True,0.97,rear_center,24.0,OK,MONITORING,True,24.0,,,,,,,2026-10-07 17:46:08.520000+00:00,0.0,0.0,,24.0,0.0,0.0,,False,False,False,False,False,False,30.64,6.640000000000001,SPIKE,False,False,,False,True,False,False,False,False,False,False,HIGH
2026-10-07 17:46:08.523222+00:00,,guardian_state,True,0.97,rear_center,24.0,OK,MONITORING,True,24.0,,,,,,,2026-10-07 17:46:08.523222+00:00,0.0,0.0,,24.0,0.0,0.0,,False,False,False,False,False,False,30.64,6.640000000000001,SPIKE,False,False,,False,True,False,False,False,False,False,False,HIGH
2026-10-07 17:46:10.527043+00:00,1791395170524.0,temperature,True,0.97,rear_center,24.0,OK,MONITORING,True,24.0,,,,,,,2026-10-07 17:46:10.524000+00:00,0.0,0.0,,24.0,0.0,0.0,,False,False,False,False,False,False,30.64,6.640000000000001,SPIKE,False,False,,False,True,False,False,False,False,False,False,HIGH
2026-10-07 17:46:10.527851+00:00,,guardian_state,True,0.97,rear_center,24.0,OK,MONITORING,True,24.0,,,,,,,2026-10-07 17:46:10.527851+00:00,0.0,0.0,,24.0,0.0,0.0,,False,False,False,False,False,False,30.64,6.640000000000001,SPIKE,False,False,,False,True,False,False,False,False,False,False,HIGH
2026-10-07 17:46:12.528428+00:00,1791395172525.0,temperature,True,0.97,rear_center,24.0,OK,MONITORING,True,24.0,,,,,,,2026-10-07 17:46:12.525000+00:00,0.0,0.0,,24.0,0.0,0.0,,False,False,False,False,False,False,30.88,6.879999999999999,SPIKE,False,False,,False,True,False,False,False,False,False,False,HIGH
2026-10-07 17:46:12.529247+00:00,,guardian_state,True,0.97,rear_center,24.0,OK,MONITORING,True,24.0,,,,,,,2026-10-07 17:46:12.529247+00:00,0.0,0.0,,24.0,0.0,0.0,,False,False,False,False,False,False,30.88,6.879999999999999,SPIKE,False,False,,False,True,False,False,False,False,False,False,HIGH
2026-10-07 17:46:14.480836+00:00,1791395174478.0,child_presence,True,0.97,rear_center,24.0,OK,MONITORING,True,24.0,,,,,,,2026-10-07 17:46:14.478000+00:00,0.0,0.0,,24.0,0.0,0.0,,False,False,False,False,False,False,30.88,6.879999999999999,SPIKE,False,False,,False,True,False,False,False,False,False,False,HIGH
2026-10-07 17:46:14.481588+00:00,,guardian_state,True,0.97,rear_center,24.0,OK,MONITORING,True,24.0,,,,,,,2026-10-07 17:46:14.481588+00:00,0.0,0.0,,24.0,0.0,0.0,,False,False,False,False,False,False,30.88,6.879999999999999,SPIKE,False,False,,False,True,False,False,False,False,False,False,HIGH
2026-10-07 17:46:14.534524+00:00,1791395174532.0,temperature,True,0.97,rear_center,24.0,OK,MONITORING,True,24.0,,,,,,,2026-10-07 17:46:14.532000+00:00,0.0,0.0,,24.0,0.0,0.0,,False,False,False,False,False,False,30.88,6.879999999999999,SPIKE,False,False,,False,True,False,False,False,False,False,False,HIGH
2026-10-07 17:46:14.535244+00:00,,guardian_state,True,0.97,rear_center,24.0,OK,MONITORING,True,24.0,,,,,,,2026-10-07 17:46:14.535244+00:00,0.0,0.0,,24.0,0.0,0.0,,False,False,False,False,False,False,30.88,6.879999999999999,SPIKE,False,False,,False,True,False,False,False,False,False,False,HIGH
2026-10-07 17:46:16.537652+00:00,1791395176535.0,temperature,True,0.97,rear_center,24.0,OK,MONITORING,True,24.0,,,,,,,2026-10-07 17:46:16.535000+00:00,0.0,0.0,,24.0,0.0,0.0,,False,False,False,False,False,False,24.0,0.0,NORMAL,False,False,,False,False,False,False,False,False,False,False,NORMAL
2026-10-07 17:46:16.538627+00:00,,guardian_state,True,0.97,rear_center,24.0,OK,MONITORING,True,24.0,,,,,,,2026-10-07 17:46:16.538627+00:00,0.0,0.0,,24.0,0.0,0.0,,False,False,False,False,False,False,24.0,0.0,NORMAL,False,False,,False,False,False,False,False,False,False,False,NORMAL
2026-10-07 17:46:18.541353+00:00,1791395178538.0,temperature,True,0.97,rear_center,24.0,OK,MONITORING,True,24.0,,,,,,,2026-10-07 17:46:18.538000+00:00,0.0,0.0,,24.0,0.0,0.0,,False,False,False,False,False,False,24.0,0.0,NORMAL,False,False,,False,False,False,False,False,False,False,False,NORMAL
2026-10-07 17:46:18.542189+00:00,,guardian_state,True,0.97,rear_center,24.0,OK,MONITORING,True,24.0,,,,,,,2026-10-07 17:46:18.542189+00:00,0.0,0.0,,24.0,0.0,0.0,,False,False,False,False,False,False,24.0,0.0,NORMAL,False,False,,False,False,False,False,False,False,False,False,NORMAL
2026-10-07 17:46:20.546155+00:00,1791395180543.0,temperature,True,0.97,rear_center,24.0,OK,MONITORING,True,24.0,,,,,,,2026-10-07 17:46:20.543000+00:00,0.0,0.0,,24.0,0.0,0.0,,False,False,False,False,False,False,24.0,0.0,NORMAL,False,False,,False,False,False,False,False,False,False,False,NORMAL
2026-10-07 17:46:20.546922+00:00,,guardian_state,True,0.97,rear_center,24.0,OK,MONITORING,True,24.0,,,,,,,2026-10-07 17:46:20.546922+00:00,0.0,0.0,,24.0,0.0,0.0,,False,False,False,False,False,False,24.0,0.0,NORMAL,False,False,,False,False,False,False,False,False,False,False,NORMAL
2026-10-07 17:46:22.551035+00:00,1791395182547.0,temperature,True,0.97,rear_center,24.0,OK,MONITORING,True,24.0,,,,,,,2026-10-07 17:46:22.547000+00:00,0.0,0.0,,24.0,0.0,0.0,,False,False,False,False,False,False,24.24,0.23999999999999844,NORMAL,False,False,,False,False,False,False,False,False,False,False,NORMAL
2026-10-07 17:46:22.551797+00:00,,guardian_state,True,0.97,rear_center,24.0,OK,MONITORING,True,24.0,,,,,,,2026-10-07 17:46:22.551797+00:00,0.0,0.0,,24.0,0.0,0.0,,False,False,False,False,False,False,24.24,0.23999999999999844,NORMAL,False,False,,False,False,False,False,False,False,False,False,NORMAL
2026-10-07 17:46:24.556107+00:00,1791395184553.0,temperature,True,0.97,rear_center,24.0,OK,MONITORING,True,24.0,,,,,,,2026-10-07 17:46:24.553000+00:00,0.0,0.0,,24.0,0.0,0.0,,False,False,False,False,False,False,24.24,0.23999999999999844,NORMAL,False,False,,False,False,False,False,False,False,False,False,NORMAL
2026-10-07 17:46:24.556887+00:00,,guardian_state,True,0.97,rear_center,24.0,OK,MONITORING,True,24.0,,,,,,,2026-10-07 17:46:24.556887+00:00,0.0,0.0,,24.0,0.0,0.0,,False,False,False,False,False,False,24.24,0.23999999999999844,NORMAL,False,False,,False,False,False,False,False,False,False,False,NORMAL
2026-10-07 17:46:26.483921+00:00,1791395186480.0,child_presence,True,0.97,rear_center,24.0,OK,MONITORING,True,24.0,,,,,,,2026-10-07 17:46:26.480000+00:00,0.0,0.0,,24.0,0.0,0.0,,False,False,False,False,False,False,24.39,0.39000000000000057,NORMAL,False,False,,False,False,False,False,False,False,False,False,NORMAL
2026-10-07 17:46:26.484634+00:00,,guardian_state,True,0.97,rear_center,24.0,OK,MONITORING,True,24.0,,,,,,,2026-10-07 17:46:26.484634+00:00,0.0,0.0,,24.0,0.0,0.0,,False,False,False,False,False,False,24.39,0.39000000000000057,NORMAL,False,False,,False,False,False,False,False,False,False,False,NORMAL
2026-10-07 17:46:26.559592+00:00,1791395186557.0,temperature,True,0.97,rear_center,24.0,OK,MONITORING,True,24.0,,,,,,,2026-10-07 17:46:26.557000+00:00,0.0,0.0,,24.0,0.0,0.0,,False,False,False,False,False,False,24.39,0.39000000000000057,NORMAL,False,False,,False,False,False,False,False,False,False,False,NORMAL
2026-10-07 17:46:26.560314+00:00,,guardian_state,True,0.97,rear_center,24.0,OK,MONITORING,True,24.0,,,,,,,2026-10-07 17:46:26.560314+00:00,0.0,0.0,,24.0,0.0,0.0,,False,False,False,False,False,False,24.39,0.39000000000000057,NORMAL,False,False,,False,False,False,False,False,False,False,False,NORMAL
2026-10-07 17:46:28.561764+00:00,1791395188558.0,temperature,True,0.97,rear_center,24.0,OK,MONITORING,True,24.0,,,,,,,2026-10-07 17:46:28.558000+00:00,0.0,0.0,,24.0,0.0,0.0,,False,False,False,False,False,False,24.39,0.39000000000000057,NORMAL,False,False,,False,False,False,False,False,False,False,False,NORMAL
2026-10-07 17:46:28.562663+00:00,,guardian_state,True,0.97,rear_center,24.0,OK,MONITORING,True,24.0,,,,,,,2026-10-07 17:46:28.562663+00:00,0.0,0.0,,24.0,0.0,0.0,,False,False,False,False,False,False,24.39,0.39000000000000057,NORMAL,False,False,,False,False,False,False,False,False,False,False,NORMAL
2026-10-07 17:46:30.564338+00:00,1791395190561.0,temperature,True,0.97,rear_center,24.0,OK,MONITORING,True,24.0,,,,,,,2026-10-07 17:46:30.561000+00:00,0.0,0.0,,24.0,0.0,0.0,,False,False,False,False,False,False,24.39,0.39000000000000057,NORMAL,False,False,,False,False,False,False,False,False,False,False,NORMAL
2026-10-07 17:46:30.565222+00:00,,guardian_state,True,0.97,rear_center,24.0,OK,MONITORING,True,24.0,,,,,,,2026-10-07 17:46:30.565222+00:00,0.0,0.0,,24.0,0.0,0.0,,False,False,False,False,False,False,24.39,0.39000000000000057,NORMAL,False,False,,False,False,False,False,False,False,False,False,NORMAL
2026-10-07 17:46:32.566776+00:00,1791395192563.0,temperature,True,0.97,rear_center,24.0,OK,MONITORING,True,24.0,,,,,,,2026-10-07 17:46:32.563000+00:00,0.0,0.0,,24.0,0.0,0.0,,False,False,False,False,False,False,24.63,0.629999999999999,NORMAL,False,False,,False,False,False,False,False,False,False,False,NORMAL
2026-10-07 17:46:32.567522+00:00,,guardian_state,True,0.97,rear_center,24.0,OK,MONITORING,True,24.0,,,,,,,2026-10-07 17:46:32.567522+00:00,0.0,0.0,,24.0,0.0,0.0,,False,False,False,False,False,False,24.63,0.629999999999999,NORMAL,False,False,,False,False,False,False,False,False,False,False,NORMAL
2026-10-07 17:46:34.569170+00:00,1791395194566.0,temperature,True,0.97,rear_center,24.0,OK,MONITORING,True,24.0,,,,,,,2026-10-07 17:46:34.566000+00:00,0.0,0.0,,24.0,0.0,0.0,,False,False,False,False,False,False,24.63,0.629999999999999,NORMAL,False,False,,False,False,False,False,False,False,False,False,NORMAL
2026-10-07 17:46:34.570006+00:00,,guardian_state,True,0.97,rear_center,24.0,OK,MONITORING,True,24.0,,,,,,,2026-10-07 17:46:34.570006+00:00,0.0,0.0,,24.0,0.0,0.0,,False,False,False,False,False,False,24.63,0.629999999999999,NORMAL,False,False,,False,False,False,False,False,False,False,False,NORMAL
2026-10-07 17:46:36.572745+00:00,1791395196569.0,temperature,True,0.97,rear_center,24.0,OK,MONITORING,True,24.0,,,,,,,2026-10-07 17:46:36.569000+00:00,0.0,0.0,,24.0,0.0,0.0,,False,False,False,False,False,False,24.79,0.7899999999999991,NORMAL,False,False,,False,False,False,False,False,False,False,False,NORMAL
2026-10-07 17:46:36.573715+00:00,,guardian_state,True,0.97,rear_center,24.0,OK,MONITORING,True,24.0,,,,,,,2026-10-07 17:46:36.573715+00:00,0.0,0.0,,24.0,0.0,0.0,,False,False,False,False,False,False,24.79,0.7899999999999991,NORMAL,False,False,,False,False,False,False,False,False,False,False,NORMAL
2026-10-07 17:46:38.486754+00:00,1791395198483.0,child_presence,True,0.97,rear_center,24.0,OK,MONITORING,True,24.0,,,,,,,2026-10-07 17:46:38.483000+00:00,0.0,0.0,,24.0,0.0,0.0,,False,False,False,False,False,False,24.79,0.7899999999999991,NORMAL,False,False,,False,False,False,False,False,False,False,False,NORMAL
2026-10-07 17:46:38.487687+00:00,,guardian_state,True,0.97,rear_center,24.0,OK,MONITORING,True,24.0,,,,,,,2026-10-07 17:46:38.487687+00:00,0.0,0.0,,24.0,0.0,0.0,,False,False,False,False,False,False,24.79,0.7899999999999991,NORMAL,False,False,,False,False,False,False,False,False,False,False,NORMAL
2026-10-07 17:46:38.575652+00:00,1791395198572.0,temperature,True,0.97,rear_center,24.0,OK,MONITORING,True,24.0,,,,,,,2026-10-07 17:46:38.572000+00:00,0.0,0.0,,24.0,0.0,0.0,,False,False,False,False,False,False,24.79,0.7899999999999991,NORMAL,False,False,,False,False,False,False,False,False,False,False,NORMAL
2026-10-07 17:46:38.576503+00:00,,guardian_state,True,0.97,rear_center,24.0,OK,MONITORING,True,24.0,,,,,,,2026-10-07 17:46:38.576503+00:00,0.0,0.0,,24.0,0.0,0.0,,False,False,False,False,False,False,24.79,0.7899999999999991,NORMAL,False,False,,False,False,False,False,False,False,False,False,NORMAL
2026-10-07 17:46:40.577520+00:00,1791395200574.0,temperature,True,0.97,rear_center,24.0,OK,MONITORING,True,24.0,,,,,,,2026-10-07 17:46:40.574000+00:00,0.0,0.0,,24.0,0.0,0.0,,False,False,False,False,False,False,24.79,0.7899999999999991,NORMAL,False,False,,False,False,False,False,False,False,False,False,NORMAL
2026-10-07 17:46:40.578302+00:00,,guardian_state,True,0.97,rear_center,24.0,OK,MONITORING,True,24.0,,,,,,,2026-10-07 17:46:40.578302+00:00,0.0,0.0,,24.0,0.0,0.0,,False,False,False,False,False,False,24.79,0.7899999999999991,NORMAL,False,False,,False,False,False,False,False,False,False,False,NORMAL
2026-10-07 17:46:42.582899+00:00,1791395202579.0,temperature,True,0.97,rear_center,24.0,OK,MONITORING,True,24.0,,,,,,,2026-10-07 17:46:42.579000+00:00,0.0,0.0,,24.0,0.0,0.0,,False,False,False,False,False,False,25.02,1.0199999999999996,NORMAL,False,False,,False,False,False,False,False,False,False,False,NORMAL
2026-10-07 17:46:42.583694+00:00,,guardian_state,True,0.97,rear_center,24.0,OK,MONITORING,True,24.0,,,,,,,2026-10-07 17:46:42.583694+00:00,0.0,0.0,,24.0,0.0,0.0,,False,False,False,False,False,False,25.02,1.0199999999999996,NORMAL,False,False,,False,False,False,False,False,False,False,False,NORMAL
2026-10-07 17:46:44.588124+00:00,1791395204585.0,temperature,True,0.97,rear_center,24.0,OK,MONITORING,True,24.0,,,,,,,2026-10-07 17:46:44.585000+00:00,0.0,0.0,,24.0,0.0,0.0,,False,False,False,False,False,False,25.02,1.0199999999999996,NORMAL,False,False,,False,False,False,False,False,False,False,False,NORMAL
2026-10-07 17:46:44.589032+00:00,,guardian_state,True,0.97,rear_center,24.0,OK,MONITORING,True,24.0,,,,,,,2026-10-07 17:46:44.589032+00:00,0.0,0.0,,24.0,0.0,0.0,,False,False,False,False,False,False,25.02,1.0199999999999996,NORMAL,False,False,,False,False,False,False,False,False,False,False,NORMAL
2026-10-07 17:46:46.588964+00:00,1791395206586.0,temperature,True,0.97,rear_center,24.0,OK,MONITORING,True,24.0,,,,,,,2026-10-07 17:46:46.586000+00:00,0.0,0.0,,24.0,0.0,0.0,,False,False,False,False,False,False,25.18,1.1799999999999997,NORMAL,False,False,,False,False,False,False,False,False,False,False,NORMAL
2026-10-07 17:46:46.589694+00:00,,guardian_state,True,0.97,rear_center,24.0,OK,MONITORING,True,24.0,,,,,,,2026-10-07 17:46:46.589694+00:00,0.0,0.0,,24.0,0.0,0.0,,False,False,False,False,False,False,25.18,1.1799999999999997,NORMAL,False,False,,False,False,False,False,False,False,False,False,NORMAL
2026-10-07 17:46:48.590554+00:00,1791395208587.0,temperature,True,0.97,rear_center,24.0,OK,MONITORING,True,24.0,,,,,,,2026-10-07 17:46:48.587000+00:00,0.0,0.0,,24.0,0.0,0.0,,False,False,False,False,False,False,25.18,1.1799999999999997,NORMAL,False,False,,False,False,False,False,False,False,False,False,NORMAL
2026-10-07 17:46:48.591440+00:00,,guardian_state,True,0.97,rear_center,24.0,OK,MONITORING,True,24.0,,,,,,,2026-10-07 17:46:48.591440+00:00,0.0,0.0,,24.0,0.0,0.0,,False,False,False,False,False,False,25.18,1.1799999999999997,NORMAL,False,False,,False,False,False,False,False,False,False,False,NORMAL
2026-10-07 17:46:50.493386+00:00,1791395210490.0,child_presence,True,0.97,rear_center,24.0,OK,MONITORING,True,24.0,,,,,,,2026-10-07 17:46:50.490000+00:00,0.0,0.0,,24.0,0.0,0.0,,False,False,False,False,False,False,25.18,1.1799999999999997,NORMAL,False,False,,False,False,False,False,False,False,False,False,NORMAL
2026-10-07 17:46:50.494219+00:00,,guardian_state,True,0.97,rear_center,24.0,OK,MONITORING,True,24.0,,,,,,,2026-10-07 17:46:50.494219+00:00,0.0,0.0,,24.0,0.0,0.0,,False,False,False,False,False,False,25.18,1.1799999999999997,NORMAL,False,False,,False,False,False,False,False,False,False,False,NORMAL
2026-10-07 17:46:50.595352+00:00,1791395210592.0,temperature,True,0.97,rear_center,24.0,OK,MONITORING,True,24.0,,,,,,,2026-10-07 17:46:50.592000+00:00,0.0,0.0,,24.0,0.0,0.0,,False,False,False,False,False,False,25.18,1.1799999999999997,NORMAL,False,False,,False,False,False,False,False,False,False,False,NORMAL
2026-10-07 17:46:50.596102+00:00,,guardian_state,True,0.97,rear_center,24.0,OK,MONITORING,True,24.0,,,,,,,2026-10-07 17:46:50.596102+00:00,0.0,0.0,,24.0,0.0,0.0,,False,False,False,False,False,False,25.18,1.1799999999999997,NORMAL,False,False,,False,False,False,False,False,False,False,False,NORMAL
2026-10-07 17:46:52.596266+00:00,1791395212592.0,temperature,True,0.97,rear_center,24.0,OK,MONITORING,True,24.0,,,,,,,2026-10-07 17:46:52.592000+00:00,0.0,0.0,,24.0,0.0,0.0,,False,False,False,False,False,False,25.42,1.4200000000000017,NORMAL,False,False,,False,False,False,False,False,False,False,False,NORMAL
2026-10-07 17:46:52.597236+00:00,,guardian_state,True,0.97,rear_center,24.0,OK,MONITORING,True,24.0,,,,,,,2026-10-07 17:46:52.597236+00:00,0.0,0.0,,24.0,0.0,0.0,,False,False,False,False,False,False,25.42,1.4200000000000017,NORMAL,False,False,,False,False,False,False,False,False,False,False,NORMAL
2026-10-07 17:46:54.597389+00:00,1791395214593.0,temperature,True,0.97,rear_center,24.0,OK,MONITORING,True,24.0,,,,,,,2026-10-07 17:46:54.593000+00:00,0.0,0.0,,24.0,0.0,0.0,,False,False,False,False,False,False,25.42,1.4200000000000017,NORMAL,False,False,,False,False,False,False,False,False,False,False,NORMAL
2026-10-07 17:46:54.598320+00:00,,guardian_state,True,0.97,rear_center,24.0,OK,MONITORING,True,24.0,,,,,,,2026-10-07 17:46:54.598320+00:00,0.0,0.0,,24.0,0.0,0.0,,False,False,False,False,False,False,25.42,1.4200000000000017,NORMAL,False,False,,False,False,False,False,False,False,False,False,NORMAL
2026-10-07 17:46:56.599222+00:00,1791395216595.0,temperature,True,0.97,rear_center,24.0,OK,MONITORING,True,24.0,,,,,,,2026-10-07 17:46:56.595000+00:00,0.0,0.0,,24.0,0.0,0.0,,False,False,False,False,False,False,25.57,1.5700000000000003,NORMAL,False,False,,False,False,False,False,False,False,False,False,NORMAL
2026-10-07 17:46:56.600066+00:00,,guardian_state,True,0.97,rear_center,24.0,OK,MONITORING,True,24.0,,,,,,,2026-10-07 17:46:56.600066+00:00,0.0,0.0,,24.0,0.0,0.0,,False,False,False,False,False,False,25.57,1.5700000000000003,NORMAL,False,False,,False,False,False,False,False,False,False,False,NORMAL
2026-10-07 17:46:58.602573+00:00,1791395218599.0,temperature,True,0.97,rear_center,24.0,OK,MONITORING,True,24.0,,,,,,,2026-10-07 17:46:58.599000+00:00,0.0,0.0,,24.0,0.0,0.0,,False,False,False,False,False,False,25.57,1.5700000000000003,NORMAL,False,False,,False,False,False,False,False,False,False,False,NORMAL
2026-10-07 17:46:58.603506+00:00,,guardian_state,True,0.97,rear_center,24.0,OK,MONITORING,True,24.0,,,,,,,2026-10-07 17:46:58.603506+00:00,0.0,0.0,,24.0,0.0,0.0,,False,False,False,False,False,False,25.57,1.5700000000000003,NORMAL,False,False,,False,False,False,False,False,False,False,False,NORMAL
2026-10-07 17:47:00.605939+00:00,1791395220602.0,temperature,True,0.97,rear_center,24.0,OK,MONITORING,True,24.0,,,,,,,2026-10-07 17:47:00.602000+00:00,0.0,0.0,,24.0,0.0,0.0,,False,False,False,False,False,False,25.57,1.5700000000000003,NORMAL,False,False,,False,False,False,False,False,False,False,False,NORMAL
2026-10-07 17:47:00.606720+00:00,,guardian_state,True,0.97,rear_center,24.0,OK,MONITORING,True,24.0,,,,,,,2026-10-07 17:47:00.606720+00:00,0.0,0.0,,24.0,0.0,0.0,,False,False,False,False,False,False,25.57,1.5700000000000003,NORMAL,False,False,,False,False,False,False,False,False,False,False,NORMAL
2026-10-07 17:47:02.494537+00:00,1791395222490.0,child_presence,True,0.97,rear_center,24.0,OK,MONITORING,True,24.0,,,,,,,2026-10-07 17:47:02.490000+00:00,0.0,0.0,,24.0,0.0,0.0,,False,False,False,False,False,False,25.81,1.8099999999999987,NORMAL,False,False,,False,False,False,False,False,False,False,False,NORMAL
2026-10-07 17:47:02.495433+00:00,,guardian_state,True,0.97,rear_center,24.0,OK,MONITORING,True,24.0,,,,,,,2026-10-07 17:47:02.495433+00:00,0.0,0.0,,24.0,0.0,0.0,,False,False,False,False,False,False,25.81,1.8099999999999987,NORMAL,False,False,,False,False,False,False,False,False,False,False,NORMAL
2026-10-07 17:47:02.607267+00:00,1791395222604.0,temperature,True,0.97,rear_center,24.0,OK,MONITORING,True,24.0,,,,,,,2026-10-07 17:47:02.604000+00:00,0.0,0.0,,24.0,0.0,0.0,,False,False,False,False,False,False,25.81,1.8099999999999987,NORMAL,False,False,,False,False,False,False,False,False,False,False,NORMAL
2026-10-07 17:47:02.607859+00:00,,guardian_state,True,0.97,rear_center,24.0,OK,MONITORING,True,24.0,,,,,,,2026-10-07 17:47:02.607859+00:00,0.0,0.0,,24.0,0.0,0.0,,False,False,False,False,False,False,25.81,1.8099999999999987,NORMAL,False,False,,False,False,False,False,False,False,False,False,NORMAL
2026-10-07 17:47:04.612655+00:00,1791395224609.0,temperature,True,0.97,rear_center,24.0,OK,MONITORING,True,24.0,,,,,,,2026-10-07 17:47:04.609000+00:00,0.0,0.0,,24.0,0.0,0.0,,False,False,False,False,False,False,25.81,1.8099999999999987,NORMAL,False,False,,False,False,False,False,False,False,False,False,NORMAL
2026-10-07 17:47:04.613417+00:00,,guardian_state,True,0.97,rear_center,24.0,OK,MONITORING,True,24.0,,,,,,,2026-10-07 17:47:04.613417+00:00,0.0,0.0,,24.0,0.0,0.0,,False,False,False,False,False,False,25.81,1.8099999999999987,NORMAL,False,False,,False,False,False,False,False,False,False,False,NORMAL
2026-10-07 17:47:06.614143+00:00,1791395226611.0,temperature,True,0.97,rear_center,24.0,OK,MONITORING,True,24.0,,,,,,,2026-10-07 17:47:06.611000+00:00,0.0,0.0,,24.0,0.0,0.0,,False,False,False,False,False,False,25.97,1.9699999999999989,NORMAL,False,False,,False,False,False,False,False,False,False,False,NORMAL
2026-10-07 17:47:06.615051+00:00,,guardian_state,True,0.97,rear_center,24.0,OK,MONITORING,True,24.0,,,,,,,2026-10-07 17:47:06.615051+00:00,0.0,0.0,,24.0,0.0,0.0,,False,False,False,False,False,False,25.97,1.9699999999999989,NORMAL,False,False,,False,False,False,False,False,False,False,False,NORMAL
2026-10-07 17:47:08.615895+00:00,1791395228612.0,temperature,True,0.97,rear_center,24.0,OK,MONITORING,True,24.0,,,,,,,2026-10-07 17:47:08.612000+00:00,0.0,0.0,,24.0,0.0,0.0,,False,False,False,False,False,False,25.97,1.9699999999999989,NORMAL,False,False,,False,False,False,False,False,False,False,False,NORMAL
2026-10-07 17:47:08.616800+00:00,,guardian_state,True,0.97,rear_center,24.0,OK,MONITORING,True,24.0,,,,,,,2026-10-07 17:47:08.616800+00:00,0.0,0.0,,24.0,0.0,0.0,,False,False,False,False,False,False,25.97,1.9699999999999989,NORMAL,False,False,,False,False,False,False,False,False,False,False,NORMAL
2026-10-07 17:47:10.617470+00:00,1791395230614.0,temperature,True,0.97,rear_center,24.0,OK,MONITORING,True,24.0,,,,,,,2026-10-07 17:47:10.614000+00:00,0.0,0.0,,24.0,0.0,0.0,,False,False,False,False,False,False,25.97,1.9699999999999989,NORMAL,False,False,,False,False,False,False,False,False,False,False,NORMAL
2026-10-07 17:47:10.618197+00:00,,guardian_state,True,0.97,rear_center,24.0,OK,MONITORING,True,24.0,,,,,,,2026-10-07 17:47:10.618197+00:00,0.0,0.0,,24.0,0.0,0.0,,False,False,False,False,False,False,25.97,1.9699999999999989,NORMAL,False,False,,False,False,False,False,False,False,False,False,NORMAL
2026-10-07 17:47:12.620820+00:00,1791395232617.0,temperature,True,0.97,rear_center,24.0,OK,MONITORING,True,24.0,,,,,,,2026-10-07 17:47:12.617000+00:00,0.0,0.0,,24.0,0.0,0.0,,False,False,False,False,False,False,26.2,2.1999999999999993,SPIKE,False,False,,False,True,False,False,False,False,False,False,HIGH
2026-10-07 17:47:12.621708+00:00,,guardian_state,True,0.97,rear_center,24.0,OK,MONITORING,True,24.0,,,,,,,2026-10-07 17:47:12.621708+00:00,0.0,0.0,,24.0,0.0,0.0,,False,False,False,False,False,False,26.2,2.1999999999999993,SPIKE,False,False,,False,True,False,False,False,False,False,False,HIGH
2026-10-07 17:47:14.499662+00:00,1791395234496.0,child_presence,True,0.97,rear_center,24.0,OK,MONITORING,True,24.0,,,,,,,2026-10-07 17:47:14.496000+00:00,0.0,0.0,,24.0,0.0,0.0,,False,False,False,False,False,False,26.2,2.1999999999999993,SPIKE,False,False,,False,True,False,False,False,False,False,False,HIGH
2026-10-07 17:47:14.499946+00:00,,guardian_state,True,0.97,rear_center,24.0,OK,MONITORING,True,24.0,,,,,,,2026-10-07 17:47:14.499946+00:00,0.0,0.0,,24.0,0.0,0.0,,False,False,False,False,False,False,26.2,2.1999999999999993,SPIKE,False,False,,False,True,False,False,False,False,False,False,HIGH
2026-10-07 17:47:14.622817+00:00,1791395234619.0,temperature,True,0.97,rear_center,24.0,OK,MONITORING,True,24.0,,,,,,,2026-10-07 17:47:14.619000+00:00,0.0,0.0,,24.0,0.0,0.0,,False,False,False,False,False,False,26.2,2.1999999999999993,SPIKE,False,False,,False,True,False,False,False,False,False,False,HIGH
2026-10-07 17:47:14.623208+00:00,,guardian_state,True,0.97,rear_center,24.0,OK,MONITORING,True,24.0,,,,,,,2026-10-07 17:47:14.623208+00:00,0.0,0.0,,24.0,0.0,0.0,,False,False,False,False,False,False,26.2,2.1999999999999993,SPIKE,False,False,,False,True,False,False,False,False,False,False,HIGH
2026-10-07 17:47:16.624529+00:00,1791395236621.0,temperature,True,0.97,rear_center,24.0,OK,MONITORING,True,24.0,,,,,,,2026-10-07 17:47:16.621000+00:00,0.0,0.0,,24.0,0.0,0.0,,False,False,False,False,False,False,26.36,2.3599999999999994,SPIKE,False,False,,False,True,False,False,False,False,False,False,HIGH
2026-10-07 17:47:16.625273+00:00,,guardian_state,True,0.97,rear_center,24.0,OK,MONITORING,True,24.0,,,,,,,2026-10-07 17:47:16.625273+00:00,0.0,0.0,,24.0,0.0,0.0,,False,False,False,False,False,False,26.36,2.3599999999999994,SPIKE,False,False,,False,True,False,False,False,False,False,False,HIGH
2026-10-07 17:47:18.626973+00:00,1791395238623.0,temperature,True,0.97,rear_center,24.0,OK,MONITORING,True,24.0,,,,,,,2026-10-07 17:47:18.623000+00:00,0.0,0.0,,24.0,0.0,0.0,,False,False,False,False,False,False,26.36,2.3599999999999994,SPIKE,False,False,,False,True,False,False,False,False,False,False,HIGH
2026-10-07 17:47:18.628003+00:00,,guardian_state,True,0.97,rear_center,24.0,OK,MONITORING,True,24.0,,,,,,,2026-10-07 17:47:18.628003+00:00,0.0,0.0,,24.0,0.0,0.0,,False,False,False,False,False,False,26.36,2.3599999999999994,SPIKE,False,False,,False,True,False,False,False,False,False,False,HIGH
2026-10-07 17:47:20.629727+00:00,1791395240626.0,temperature,True,0.97,rear_center,24.0,OK,MONITORING,True,24.0,,,,,,,2026-10-07 17:47:20.626000+00:00,0.0,0.0,,24.0,0.0,0.0,,False,False,False,False,False,False,26.36,2.3599999999999994,SPIKE,False,False,,False,True,False,False,False,False,False,False,HIGH
2026-10-07 17:47:20.630565+00:00,,guardian_state,True,0.97,rear_center,24.0,OK,MONITORING,True,24.0,,,,,,,2026-10-07 17:47:20.630565+00:00,0.0,0.0,,24.0,0.0,0.0,,False,False,False,False,False,False,26.36,2.3599999999999994,SPIKE,False,False,,False,True,False,False,False,False,False,False,HIGH
2026-10-07 17:47:22.631672+00:00,1791395242627.0,temperature,True,0.97,rear_center,24.0,OK,MONITORING,True,24.0,,,,,,,2026-10-07 17:47:22.627000+00:00,0.0,0.0,,24.0,0.0,0.0,,False,False,False,False,False,False,26.6,2.6000000000000014,SPIKE,False,False,,False,True,False,False,False,False,False,False,HIGH
2026-10-07 17:47:22.632466+00:00,,guardian_state,True,0.97,rear_center,24.0,OK,MONITORING,True,24.0,,,,,,,2026-10-07 17:47:22.632466+00:00,0.0,0.0,,24.0,0.0,0.0,,False,False,False,False,False,False,26.6,2.6000000000000014,SPIKE,False,False,,False,True,False,False,False,False,False,False,HIGH
2026-10-07 17:47:24.632500+00:00,1791395244629.0,temperature,True,0.97,rear_center,24.0,OK,MONITORING,True,24.0,,,,,,,2026-10-07 17:47:24.629000+00:00,0.0,0.0,,24.0,0.0,0.0,,False,False,False,False,False,False,26.6,2.6000000000000014,SPIKE,False,False,,False,True,False,False,False,False,False,False,HIGH
2026-10-07 17:47:24.632880+00:00,,guardian_state,True,0.97,rear_center,24.0,OK,MONITORING,True,24.0,,,,,,,2026-10-07 17:47:24.632880+00:00,0.0,0.0,,24.0,0.0,0.0,,False,False,False,False,False,False,26.6,2.6000000000000014,SPIKE,False,False,,False,True,False,False,False,False,False,False,HIGH
2026-10-07 17:47:26.502584+00:00,1791395246499.0,child_presence,True,0.97,rear_center,24.0,OK,MONITORING,True,24.0,,,,,,,2026-10-07 17:47:26.499000+00:00,0.0,0.0,,24.0,0.0,0.0,,False,False,False,False,False,False,26.75,2.75,SPIKE,False,False,,False,True,False,False,False,False,False,False,HIGH
2026-10-07 17:47:26.503508+00:00,,guardian_state,True,0.97,rear_center,24.0,OK,MONITORING,True,24.0,,,,,,,2026-10-07 17:47:26.503508+00:00,0.0,0.0,,24.0,0.0,0.0,,False,False,False,False,False,False,26.75,2.75,SPIKE,False,False,,False,True,False,False,False,False,False,False,HIGH
2026-10-07 17:47:26.635069+00:00,1791395246631.0,temperature,True,0.97,rear_center,24.0,OK,MONITORING,True,24.0,,,,,,,2026-10-07 17:47:26.631000+00:00,0.0,0.0,,24.0,0.0,0.0,,False,False,False,False,False,False,26.75,2.75,SPIKE,False,False,,False,True,False,False,False,False,False,False,HIGH
2026-10-07 17:47:26.635768+00:00,,guardian_state,True,0.97,rear_center,24.0,OK,MONITORING,True,24.0,,,,,,,2026-10-07 17:47:26.635768+00:00,0.0,0.0,,24.0,0.0,0.0,,False,False,False,False,False,False,26.75,2.75,SPIKE,False,False,,False,True,False,False,False,False,False,False,HIGH
2026-10-07 17:47:28.636646+00:00,1791395248633.0,temperature,True,0.97,rear_center,24.0,OK,MONITORING,True,24.0,,,,,,,2026-10-07 17:47:28.633000+00:00,0.0,0.0,,24.0,0.0,0.0,,False,False,False,False,False,False,26.75,2.75,SPIKE,False,False,,False,True,False,False,False,False,False,False,HIGH
2026-10-07 17:47:28.637612+00:00,,guardian_state,True,0.97,rear_center,24.0,OK,MONITORING,True,24.0,,,,,,,2026-10-07 17:47:28.637612+00:00,0.0,0.0,,24.0,0.0,0.0,,False,False,False,False,False,False,26.75,2.75,SPIKE,False,False,,False,True,False,False,False,False,False,False,HIGH
2026-10-07 17:47:30.641161+00:00,1791395250637.0,temperature,True,0.97,rear_center,24.0,OK,MONITORING,True,24.0,,,,,,,2026-10-07 17:47:30.637000+00:00,0.0,0.0,,24.0,0.0,0.0,,False,False,False,False,False,False,26.75,2.75,SPIKE,False,False,,False,True,False,False,False,False,False,False,HIGH
2026-10-07 17:47:30.641988+00:00,,guardian_state,True,0.97,rear_center,24.0,OK,MONITORING,True,24.0,,,,,,,2026-10-07 17:47:30.641988+00:00,0.0,0.0,,24.0,0.0,0.0,,False,False,False,False,False,False,26.75,2.75,SPIKE,False,False,,False,True,False,False,False,False,False,False,HIGH
2026-10-07 17:47:32.643053+00:00,1791395252639.0,temperature,True,0.97,rear_center,24.0,OK,MONITORING,True,24.0,,,,,,,2026-10-07 17:47:32.639000+00:00,0.0,0.0,,24.0,0.0,0.0,,False,False,False,False,False,False,26.99,2.9899999999999984,SPIKE,False,False,,False,True,False,False,False,False,False,False,HIGH
2026-10-07 17:47:32.643850+00:00,,guardian_state,True,0.97,rear_center,24.0,OK,MONITORING,True,24.0,,,,,,,2026-10-07 17:47:32.643850+00:00,0.0,0.0,,24.0,0.0,0.0,,False,False,False,False,False,False,26.99,2.9899999999999984,SPIKE,False,False,,False,True,False,False,False,False,False,False,HIGH
2026-10-07 17:47:34.644925+00:00,1791395254641.0,temperature,True,0.97,rear_center,24.0,OK,MONITORING,True,24.0,,,,,,,2026-10-07 17:47:34.641000+00:00,0.0,0.0,,24.0,0.0,0.0,,False,False,False,False,False,False,26.99,2.9899999999999984,SPIKE,False,False,,False,True,False,False,False,False,False,False,HIGH
2026-10-07 17:47:34.645189+00:00,,guardian_state,True,0.97,rear_center,24.0,OK,MONITORING,True,24.0,,,,,,,2026-10-07 17:47:34.645189+00:00,0.0,0.0,,24.0,0.0,0.0,,False,False,False,False,False,False,26.99,2.9899999999999984,SPIKE,False,False,,False,True,False,False,False,False,False,False,HIGH
2026-10-07 17:47:36.647102+00:00,1791395256643.0,temperature,True,0.97,rear_center,24.0,OK,MONITORING,True,24.0,,,,,,,2026-10-07 17:47:36.643000+00:00,0.0,0.0,,24.0,0.0,0.0,,False,False,False,False,False,False,27.15,3.1499999999999986,SPIKE,False,False,,False,True,False,False,False,False,False,False,HIGH
2026-10-07 17:47:36.648057+00:00,,guardian_state,True,0.97,rear_center,24.0,OK,MONITORING,True,24.0,,,,,,,2026-10-07 17:47:36.648057+00:00,0.0,0.0,,24.0,0.0,0.0,,False,False,False,False,False,False,27.15,3.1499999999999986,SPIKE,False,False,,False,True,False,False,False,False,False,False,HIGH
2026-10-07 17:47:38.506162+00:00,1791395258502.0,child_presence,True,0.97,rear_center,24.0,OK,MONITORING,True,24.0,,,,,,,2026-10-07 17:47:38.502000+00:00,0.0,0.0,,24.0,0.0,0.0,,False,False,False,False,False,False,27.15,3.1499999999999986,SPIKE,False,False,,False,True,False,False,False,False,False,False,HIGH
2026-10-07 17:47:38.507052+00:00,,guardian_state,True,0.97,rear_center,24.0,OK,MONITORING,True,24.0,,,,,,,2026-10-07 17:47:38.507052+00:00,0.0,0.0,,24.0,0.0,0.0,,False,False,False,False,False,False,27.15,3.1499999999999986,SPIKE,False,False,,False,True,False,False,False,False,False,False,HIGH
2026-10-07 17:47:38.652285+00:00,1791395258648.0,temperature,True,0.97,rear_center,24.0,OK,MONITORING,True,24.0,,,,,,,2026-10-07 17:47:38.648000+00:00,0.0,0.0,,24.0,0.0,0.0,,False,False,False,False,False,False,27.15,3.1499999999999986,SPIKE,False,False,,False,True,False,False,False,False,False,False,HIGH
2026-10-07 17:47:38.653305+00:00,,guardian_state,True,0.97,rear_center,24.0,OK,MONITORING,True,24.0,,,,,,,2026-10-07 17:47:38.653305+00:00,0.0,0.0,,24.0,0.0,0.0,,False,False,False,False,False,False,27.15,3.1499999999999986,SPIKE,False,False,,False,True,False,False,False,False,False,False,HIGH
2026-10-07 17:47:40.653897+00:00,1791395260650.0,temperature,True,0.97,rear_center,24.0,OK,MONITORING,True,24.0,,,,,,,2026-10-07 17:47:40.650000+00:00,0.0,0.0,,24.0,0.0,0.0,,False,False,False,False,False,False,27.15,3.1499999999999986,SPIKE,False,False,,False,True,False,False,False,False,False,False,HIGH
2026-10-07 17:47:40.654900+00:00,,guardian_state,True,0.97,rear_center,24.0,OK,MONITORING,True,24.0,,,,,,,2026-10-07 17:47:40.654900+00:00,0.0,0.0,,24.0,0.0,0.0,,False,False,False,False,False,False,27.15,3.1499999999999986,SPIKE,False,False,,False,True,False,False,False,False,False,False,HIGH
2026-10-07 17:47:42.656263+00:00,1791395262652.0,temperature,True,0.97,rear_center,24.0,OK,MONITORING,True,24.0,,,,,,,2026-10-07 17:47:42.652000+00:00,0.0,0.0,,24.0,0.0,0.0,,False,False,False,False,False,False,27.38,3.379999999999999,SPIKE,False,False,,False,True,False,False,False,False,False,False,HIGH
2026-10-07 17:47:42.657317+00:00,,guardian_state,True,0.97,rear_center,24.0,OK,MONITORING,True,24.0,,,,,,,2026-10-07 17:47:42.657317+00:00,0.0,0.0,,24.0,0.0,0.0,,False,False,False,False,False,False,27.38,3.379999999999999,SPIKE,False,False,,False,True,False,False,False,False,False,False,HIGH
2026-10-07 17:47:44.658769+00:00,1791395264655.0,temperature,True,0.97,rear_center,24.0,OK,MONITORING,True,24.0,,,,,,,2026-10-07 17:47:44.655000+00:00,0.0,0.0,,24.0,0.0,0.0,,False,False,False,False,False,False,27.38,3.379999999999999,SPIKE,False,False,,False,True,False,False,False,False,False,False,HIGH
2026-10-07 17:47:44.659588+00:00,,guardian_state,True,0.97,rear_center,24.0,OK,MONITORING,True,24.0,,,,,,,2026-10-07 17:47:44.659588+00:00,0.0,0.0,,24.0,0.0,0.0,,False,False,False,False,False,False,27.38,3.379999999999999,SPIKE,False,False,,False,True,False,False,False,False,False,False,HIGH
2026-10-07 17:47:46.660275+00:00,1791395266656.0,temperature,True,0.97,rear_center,24.0,OK,MONITORING,True,24.0,,,,,,,2026-10-07 17:47:46.656000+00:00,0.0,0.0,,24.0,0.0,0.0,,False,False,False,False,False,False,30.0,6.0,SPIKE,False,False,,False,True,False,False,False,False,False,False,HIGH
2026-10-07 17:47:46.661059+00:00,,guardian_state,True,0.97,rear_center,24.0,OK,MONITORING,True,24.0,,,,,,,2026-10-07 17:47:46.661059+00:00,0.0,0.0,,24.0,0.0,0.0,,False,False,False,False,False,False,30.0,6.0,SPIKE,False,False,,False,True,False,False,False,False,False,False,HIGH
2026-10-07 17:47:48.663009+00:00,1791395268659.0,temperature,True,0.97,rear_center,24.0,OK,MONITORING,True,24.0,,,,,,,2026-10-07 17:47:48.659000+00:00,0.0,0.0,,24.0,0.0,0.0,,False,False,False,False,False,False,30.0,6.0,SPIKE,False,False,,False,True,False,False,False,False,False,False,HIGH
2026-10-07 17:47:48.663795+00:00,,guardian_state,True,0.97,rear_center,24.0,OK,MONITORING,True,24.0,,,,,,,2026-10-07 17:47:48.663795+00:00,0.0,0.0,,24.0,0.0,0.0,,False,False,False,False,False,False,30.0,6.0,SPIKE,False,False,,False,True,False,False,False,False,False,False,HIGH
2026-10-07 17:47:50.511074+00:00,1791395270507.0,child_presence,True,0.97,rear_center,24.0,OK,MONITORING,True,24.0,,,,,,,2026-10-07 17:47:50.507000+00:00,0.0,0.0,,24.0,0.0,0.0,,False,False,False,False,False,False,30.0,6.0,SPIKE,False,False,,False,True,False,False,False,False,False,False,HIGH
2026-10-07 17:47:50.511895+00:00,,guardian_state,True,0.97,rear_center,24.0,OK,MONITORING,True,24.0,,,,,,,2026-10-07 17:47:50.511895+00:00,0.0,0.0,,24.0,0.0,0.0,,False,False,False,False,False,False,30.0,6.0,SPIKE,False,False,,False,True,False,False,False,False,False,False,HIGH
2026-10-07 17:47:50.666940+00:00,1791395270663.0,temperature,True,0.97,rear_center,24.0,OK,MONITORING,True,24.0,,,,,,,2026-10-07 17:47:50.663000+00:00,0.0,0.0,,24.0,0.0,0.0,,False,False,False,False,False,False,30.0,6.0,SPIKE,False,False,,False,True,False,False,False,False,False,False,HIGH
2026-10-07 17:47:50.667240+00:00,,guardian_state,True,0.97,rear_center,24.0,OK,MONITORING,True,24.0,,,,,,,2026-10-07 17:47:50.667240+00:00,0.0,0.0,,24.0,0.0,0.0,,False,False,False,False,False,False,30.0,6.0,SPIKE,False,False,,False,True,False,False,False,False,False,False,HIGH
2026-10-07 17:47:52.673793+00:00,1791395272670.0,temperature,True,0.97,rear_center,24.0,OK,MONITORING,True,24.0,,,,,,,2026-10-07 17:47:52.670000+00:00,0.0,0.0,,24.0,0.0,0.0,,False,False,False,False,False,False,29.47,5.469999999999999,SPIKE,False,False,,False,True,False,False,False,False,False,False,HIGH
2026-10-07 17:47:52.674763+00:00,,guardian_state,True,0.97,rear_center,24.0,OK,MONITORING,True,24.0,,,,,,,2026-10-07 17:47:52.674763+00:00,0.0,0.0,,24.0,0.0,0.0,,False,False,False,False,False,False,29.47,5.469999999999999,SPIKE,False,False,,False,True,False,False,False,False,False,False,HIGH
2026-10-07 17:47:54.675825+00:00,1791395274673.0,temperature,True,0.97,rear_center,24.0,OK,MONITORING,True,24.0,,,,,,,2026-10-07 17:47:54.673000+00:00,0.0,0.0,,24.0,0.0,0.0,,False,False,False,False,False,False,29.47,5.469999999999999,SPIKE,False,False,,False,True,False,False,False,False,False,False,HIGH
2026-10-07 17:47:54.676584+00:00,,guardian_state,True,0.97,rear_center,24.0,OK,MONITORING,True,24.0,,,,,,,2026-10-07 17:47:54.676584+00:00,0.0,0.0,,24.0,0.0,0.0,,False,False,False,False,False,False,29.47,5.469999999999999,SPIKE,False,False,,False,True,False,False,False,False,False,False,HIGH
2026-10-07 17:47:56.679047+00:00,1791395276676.0,temperature,True,0.97,rear_center,24.0,OK,MONITORING,True,24.0,,,,,,,2026-10-07 17:47:56.676000+00:00,0.0,0.0,,24.0,0.0,0.0,,False,False,False,False,False,False,29.11,5.109999999999999,SPIKE,False,False,,False,True,False,False,False,False,False,False,HIGH
2026-10-07 17:47:56.679990+00:00,,guardian_state,True,0.97,rear_center,24.0,OK,MONITORING,True,24.0,,,,,,,2026-10-07 17:47:56.679990+00:00,0.0,0.0,,24.0,0.0,0.0,,False,False,False,False,False,False,29.11,5.109999999999999,SPIKE,False,False,,False,True,False,False,False,False,False,False,HIGH
2026-10-07 17:47:58.680760+00:00,1791395278678.0,temperature,True,0.97,rear_center,24.0,OK,MONITORING,True,24.0,,,,,,,2026-10-07 17:47:58.678000+00:00,0.0,0.0,,24.0,0.0,0.0,,False,False,False,False,False,False,29.11,5.109999999999999,SPIKE,False,False,,False,True,False,False,False,False,False,False,HIGH
2026-10-07 17:47:58.681576+00:00,,guardian_state,True,0.97,rear_center,24.0,OK,MONITORING,True,24.0,,,,,,,2026-10-07 17:47:58.681576+00:00,0.0,0.0,,24.0,0.0,0.0,,False,False,False,False,False,False,29.11,5.109999999999999,SPIKE,False,False,,False,True,False,False,False,False,False,False,HIGH
2026-10-07 17:48:00.682853+00:00,1791395280680.0,temperature,True,0.97,rear_center,24.0,OK,MONITORING,True,24.0,,,,,,,2026-10-07 17:48:00.680000+00:00,0.0,0.0,,24.0,0.0,0.0,,False,False,False,False,False,False,29.11,5.109999999999999,SPIKE,False,False,,False,True,False,False,False,False,False,False,HIGH
2026-10-07 17:48:00.683769+00:00,,guardian_state,True,0.97,rear_center,24.0,OK,MONITORING,True,24.0,,,,,,,2026-10-07 17:48:00.683769+00:00,0.0,0.0,,24.0,0.0,0.0,,False,False,False,False,False,False,29.11,5.109999999999999,SPIKE,False,False,,False,True,False,False,False,False,False,False,HIGH
2026-10-07 17:48:02.516498+00:00,1791395282513.0,child_presence,True,0.97,rear_center,24.0,OK,MONITORING,True,24.0,,,,,,,2026-10-07 17:48:02.513000+00:00,0.0,0.0,,24.0,0.0,0.0,,False,False,False,False,False,False,28.58,4.579999999999998,SPIKE,False,False,,False,True,False,False,False,False,False,False,HIGH
2026-10-07 17:48:02.517563+00:00,,guardian_state,True,0.97,rear_center,24.0,OK,MONITORING,True,24.0,,,,,,,2026-10-07 17:48:02.517563+00:00,0.0,0.0,,24.0,0.0,0.0,,False,False,False,False,False,False,28.58,4.579999999999998,SPIKE,False,False,,False,True,False,False,False,False,False,False,HIGH
2026-10-07 17:48:02.685514+00:00,1791395282682.0,temperature,True,0.97,rear_center,24.0,OK,MONITORING,True,24.0,,,,,,,2026-10-07 17:48:02.682000+00:00,0.0,0.0,,24.0,0.0,0.0,,False,False,False,False,False,False,28.58,4.579999999999998,SPIKE,False,False,,False,True,False,False,False,False,False,False,HIGH
2026-10-07 17:48:02.686278+00:00,,guardian_state,True,0.97,rear_center,24.0,OK,MONITORING,True,24.0,,,,,,,2026-10-07 17:48:02.686278+00:00,0.0,0.0,,24.0,0.0,0.0,,False,False,False,False,False,False,28.58,4.579999999999998,SPIKE,False,False,,False,True,False,False,False,False,False,False,HIGH
2026-10-07 17:48:04.687271+00:00,1791395284684.0,temperature,True,0.97,rear_center,24.0,OK,MONITORING,True,24.0,,,,,,,2026-10-07 17:48:04.684000+00:00,0.0,0.0,,24.0,0.0,0.0,,False,False,False,False,False,False,28.58,4.579999999999998,SPIKE,False,False,,False,True,False,False,False,False,False,False,HIGH
2026-10-07 17:48:04.688138+00:00,,guardian_state,True,0.97,rear_center,24.0,OK,MONITORING,True,24.0,,,,,,,2026-10-07 17:48:04.688138+00:00,0.0,0.0,,24.0,0.0,0.0,,False,False,False,False,False,False,28.58,4.579999999999998,SPIKE,False,False,,False,True,False,False,False,False,False,False,HIGH
2026-10-07 17:48:06.690274+00:00,1791395286687.0,temperature,True,0.97,rear_center,24.0,OK,MONITORING,True,24.0,,,,,,,2026-10-07 17:48:06.687000+00:00,0.0,0.0,,24.0,0.0,0.0,,False,False,False,False,False,False,28.23,4.23,SPIKE,False,False,,False,True,False,False,False,False,False,False,HIGH
2026-10-07 17:48:06.691252+00:00,,guardian_state,True,0.97,rear_center,24.0,OK,MONITORING,True,24.0,,,,,,,2026-10-07 17:48:06.691252+00:00,0.0,0.0,,24.0,0.0,0.0,,False,False,False,False,False,False,28.23,4.23,SPIKE,False,False,,False,True,False,False,False,False,False,False,HIGH
2026-10-07 17:48:08.692683+00:00,1791395288689.0,temperature,True,0.97,rear_center,24.0,OK,MONITORING,True,24.0,,,,,,,2026-10-07 17:48:08.689000+00:00,0.0,0.0,,24.0,0.0,0.0,,False,False,False,False,False,False,28.23,4.23,SPIKE,False,False,,False,True,False,False,False,False,False,False,HIGH
2026-10-07 17:48:08.693600+00:00,,guardian_state,True,0.97,rear_center,24.0,OK,MONITORING,True,24.0,,,,,,,2026-10-07 17:48:08.693600+00:00,0.0,0.0,,24.0,0.0,0.0,,False,False,False,False,False,False,28.23,4.23,SPIKE,False,False,,False,True,False,False,False,False,False,False,HIGH
2026-10-07 17:48:10.695664+00:00,1791395290692.0,temperature,True,0.97,rear_center,24.0,OK,MONITORING,True,24.0,,,,,,,2026-10-07 17:48:10.692000+00:00,0.0,0.0,,24.0,0.0,0.0,,False,False,False,False,False,False,28.23,4.23,SPIKE,False,False,,False,True,False,False,False,False,False,False,HIGH
2026-10-07 17:48:10.696492+00:00,,guardian_state,True,0.97,rear_center,24.0,OK,MONITORING,True,24.0,,,,,,,2026-10-07 17:48:10.696492+00:00,0.0,0.0,,24.0,0.0,0.0,,False,False,False,False,False,False,28.23,4.23,SPIKE,False,False,,False,True,False,False,False,False,False,False,HIGH
2026-10-07 17:48:12.698168+00:00,1791395292695.0,temperature,True,0.97,rear_center,24.0,OK,MONITORING,True,24.0,,,,,,,2026-10-07 17:48:12.695000+00:00,0.0,0.0,,24.0,0.0,0.0,,False,False,False,False,False,False,27.7,3.6999999999999993,SPIKE,False,False,,False,True,False,False,False,False,False,False,HIGH
2026-10-07 17:48:12.699034+00:00,,guardian_state,True,0.97,rear_center,24.0,OK,MONITORING,True,24.0,,,,,,,2026-10-07 17:48:12.699034+00:00,0.0,0.0,,24.0,0.0,0.0,,False,False,False,False,False,False,27.7,3.6999999999999993,SPIKE,False,False,,False,True,False,False,False,False,False,False,HIGH
2026-10-07 17:48:14.518476+00:00,1791395294515.0,child_presence,True,0.97,rear_center,24.0,OK,MONITORING,True,24.0,,,,,,,2026-10-07 17:48:14.515000+00:00,0.0,0.0,,24.0,0.0,0.0,,False,False,False,False,False,False,27.7,3.6999999999999993,SPIKE,False,False,,False,True,False,False,False,False,False,False,HIGH
2026-10-07 17:48:14.519357+00:00,,guardian_state,True,0.97,rear_center,24.0,OK,MONITORING,True,24.0,,,,,,,2026-10-07 17:48:14.519357+00:00,0.0,0.0,,24.0,0.0,0.0,,False,False,False,False,False,False,27.7,3.6999999999999993,SPIKE,False,False,,False,True,False,False,False,False,False,False,HIGH
2026-10-07 17:48:14.699706+00:00,1791395294696.0,temperature,True,0.97,rear_center,24.0,OK,MONITORING,True,24.0,,,,,,,2026-10-07 17:48:14.696000+00:00,0.0,0.0,,24.0,0.0,0.0,,False,False,False,False,False,False,27.7,3.6999999999999993,SPIKE,False,False,,False,True,False,False,False,False,False,False,HIGH
2026-10-07 17:48:14.700963+00:00,,guardian_state,True,0.97,rear_center,24.0,OK,MONITORING,True,24.0,,,,,,,2026-10-07 17:48:14.700963+00:00,0.0,0.0,,24.0,0.0,0.0,,False,False,False,False,False,False,27.7,3.6999999999999993,SPIKE,False,False,,False,True,False,False,False,False,False,False,HIGH
2026-10-07 17:48:16.701370+00:00,1791395296699.0,temperature,True,0.97,rear_center,24.0,OK,MONITORING,True,24.0,,,,,,,2026-10-07 17:48:16.699000+00:00,0.0,0.0,,24.0,0.0,0.0,,False,False,False,False,False,False,27.34,3.34,SPIKE,False,False,,False,True,False,False,False,False,False,False,HIGH
2026-10-07 17:48:16.702092+00:00,,guardian_state,True,0.97,rear_center,24.0,OK,MONITORING,True,24.0,,,,,,,2026-10-07 17:48:16.702092+00:00,0.0,0.0,,24.0,0.0,0.0,,False,False,False,False,False,False,27.34,3.34,SPIKE,False,False,,False,True,False,False,False,False,False,False,HIGH
2026-10-07 17:48:18.707990+00:00,1791395298705.0,temperature,True,0.97,rear_center,24.0,OK,MONITORING,True,24.0,,,,,,,2026-10-07 17:48:18.705000+00:00,0.0,0.0,,24.0,0.0,0.0,,False,False,False,False,False,False,27.34,3.34,SPIKE,False,False,,False,True,False,False,False,False,False,False,HIGH
2026-10-07 17:48:18.708905+00:00,,guardian_state,True,0.97,rear_center,24.0,OK,MONITORING,True,24.0,,,,,,,2026-10-07 17:48:18.708905+00:00,0.0,0.0,,24.0,0.0,0.0,,False,False,False,False,False,False,27.34,3.34,SPIKE,False,False,,False,True,False,False,False,False,False,False,HIGH
2026-10-07 17:48:20.712981+00:00,1791395300710.0,temperature,True,0.97,rear_center,24.0,OK,MONITORING,True,24.0,,,,,,,2026-10-07 17:48:20.710000+00:00,0.0,0.0,,24.0,0.0,0.0,,False,False,False,False,False,False,27.34,3.34,SPIKE,False,False,,False,True,False,False,False,False,False,False,HIGH
2026-10-07 17:48:20.713863+00:00,,guardian_state,True,0.97,rear_center,24.0,OK,MONITORING,True,24.0,,,,,,,2026-10-07 17:48:20.713863+00:00,0.0,0.0,,24.0,0.0,0.0,,False,False,False,False,False,False,27.34,3.34,SPIKE,False,False,,False,True,False,False,False,False,False,False,HIGH
2026-10-07 17:48:22.714834+00:00,1791395302711.0,temperature,True,0.97,rear_center,24.0,OK,MONITORING,True,24.0,,,,,,,2026-10-07 17:48:22.711000+00:00,0.0,0.0,,24.0,0.0,0.0,,False,False,False,False,False,False,26.81,2.8099999999999987,SPIKE,False,False,,False,True,False,False,False,False,False,False,HIGH
2026-10-07 17:48:22.715639+00:00,,guardian_state,True,0.97,rear_center,24.0,OK,MONITORING,True,24.0,,,,,,,2026-10-07 17:48:22.715639+00:00,0.0,0.0,,24.0,0.0,0.0,,False,False,False,False,False,False,26.81,2.8099999999999987,SPIKE,False,False,,False,True,False,False,False,False,False,False,HIGH
2026-10-07 17:48:24.717771+00:00,1791395304714.0,temperature,True,0.97,rear_center,24.0,OK,MONITORING,True,24.0,,,,,,,2026-10-07 17:48:24.714000+00:00,0.0,0.0,,24.0,0.0,0.0,,False,False,False,False,False,False,26.81,2.8099999999999987,SPIKE,False,False,,False,True,False,False,False,False,False,False,HIGH
2026-10-07 17:48:24.718624+00:00,,guardian_state,True,0.97,rear_center,24.0,OK,MONITORING,True,24.0,,,,,,,2026-10-07 17:48:24.718624+00:00,0.0,0.0,,24.0,0.0,0.0,,False,False,False,False,False,False,26.46,2.460000000000001,SPIKE,False,False,,False,True,False,False,False,False,False,False,HIGH
,1791395305714.0,temperature,True,0.97,rear_center,23.83,OK,MONITORING,True,24.0,,,,,,,2026-10-07 17:48:25.714000+00:00,-0.1700000000000017,0.0,,23.966,0.07602631123499401,-10.247383903168354,,False,False,False,False,False,False,26.46,2.6300000000000026,SPIKE,False,False,,False,True,False,False,False,False,False,False,HIGH
,1791395307714.0,child_presence,False,0.975,rear_center,23.83,OK,MONITORING,True,24.0,,,,,,,2026-10-07 17:48:27.714000+00:00,0.0,0.0,,23.932,0.09311283477588071,0.0,,False,False,False,False,False,False,26.46,2.6300000000000026,,False,False,,False,True,False,False,False,False,False,False,HIGH
,1791395309714.0,window_state,False,0.975,rear_center,23.83,OK,MONITORING,True,24.0,0.0,True,,,,,2026-10-07 17:48:29.714000+00:00,0.0,0.0,,23.898,0.09311283477588217,0.0,,False,False,False,False,False,False,26.46,2.6300000000000026,,False,False,,False,True,False,False,False,False,False,False,HIGH
,1791395310714.0,hvac_state,False,0.975,rear_center,23.83,OK,MONITORING,True,24.0,0.0,True,22.0,False,0.0,False,2026-10-07 17:48:30.714000+00:00,0.0,0.0,1.8299999999999983,23.863999999999997,0.07602631123499913,0.0,1.8299999999999983,False,False,False,False,False,False,26.46,2.6300000000000026,,False,False,False,False,True,False,False,False,False,False,False,HIGH
,1791395311714.0,temperature,False,0.975,rear_center,23.77,OK,MONITORING,True,24.0,0.0,True,22.0,False,0.0,False,2026-10-07 17:48:31.714000+00:00,-0.05999999999999872,0.0,1.7699999999999996,23.817999999999998,0.026832815729996705,-3.5999999999999233,1.7699999999999996,False,False,False,False,False,False,25.92,2.150000000000002,,False,False,False,False,True,False,False,False,False,False,False,HIGH
,1791395313714.0,window_state,False,0.975,rear_center,23.77,OK,MONITORING,True,24.0,0.0,True,22.0,False,0.0,False,2026-10-07 17:48:33.714000+00:00,0.0,0.0,1.7699999999999996,23.806,0.032863353450308656,0.0,1.7699999999999996,False,False,False,False,False,False,25.92,2.150000000000002,,False,False,False,False,True,False,False,False,False,False,False,HIGH
,1791395314714.0,hvac_state,False,0.975,rear_center,23.77,OK,MONITORING,True,24.0,0.0,True,22.0,False,0.0,False,2026-10-07 17:48:34.714000+00:00,0.0,0.0,1.7699999999999996,23.794,0.03286335345030793,0.0,1.7699999999999996,False,False,False,False,False,False,25.92,2.150000000000002,,False,False,False,False,True,False,False,False,False,False,False,HIGH
,1791395315714.0,temperature,False,0.975,rear_center,23.88,OK,MONITORING,True,24.0,0.0,True,22.0,False,0.0,False,2026-10-07 17:48:35.714000+00:00,0.10999999999999943,0.0,1.879999999999999,23.804,0.04979959839195386,6.599999999999966,1.879999999999999,False,False,False,False,False,False,25.57,1.6900000000000013,,False,False,False,False,False,False,False,False,False,False,False,NORMAL
,1791395317714.0,child_presence,False,0.972,rear_center,23.88,OK,MONITORING,True,24.0,0.0,True,22.0,False,0.0,False,2026-10-07 17:48:37.714000+00:00,0.0,0.0,1.879999999999999,23.814,0.060249481325567227,0.0,1.879999999999999,False,False,False,False,False,False,25.57,1.6900000000000013,,False,False,False,False,False,False,False,False,False,False,False,NORMAL
,1791395319714.0,window_state,False,0.972,rear_center,23.88,OK,MONITORING,True,24.0,0.0,True,22.0,False,0.0,False,2026-10-07 17:48:39.714000+00:00,0.0,0.0,1.879999999999999,23.836000000000002,0.060249481325567227,0.0,1.879999999999999,False,False,False,False,False,False,25.57,1.6900000000000013,,False,False,False,False,False,False,False,False,False,False,False,NORMAL
,1791395320714.0,hvac_state,False,0.972,rear_center,23.88,OK,MONITORING,True,24.0,0.0,True,22.0,False,0.0,False,2026-10-07 17:48:40.714000+00:00,0.0,0.0,1.879999999999999,23.857999999999997,0.049193495504994265,0.0,1.879999999999999,False,False,False,False,False,False,25.57,1.6900000000000013,,False,False,False,False,False,False,False,False,False,False,False,NORMAL
,1791395321714.0,temperature,False,0.972,rear_center,23.89,OK,MONITORING,True,24.0,0.0,True,22.0,False,0.0,False,2026-10-07 17:48:41.714000+00:00,0.010000000000001563,0.0,1.8900000000000006,23.881999999999998,0.004472135955000676,0.6000000000000938,1.8900000000000006,False,False,False,False,False,False,25.04,1.1499999999999986,,False,False,False,False,False,False,False,False,False,False,False,NORMAL
,1791395323714.0,window_state,False,0.972,rear_center,23.89,OK,MONITORING,True,24.0,0.0,True,22.0,False,0.0,False,2026-10-07 17:48:43.714000+00:00,0.0,0.0,1.8900000000000006,23.884,0.005477225575053896,0.0,1.8900000000000006,False,False,False,False,False,False,25.04,1.1499999999999986,,False,False,False,False,False,False,False,False,False,False,False,NORMAL
,1791395324714.0,hvac_state,False,0.972,rear_center,23.89,OK,MONITORING,True,24.0,0.0,True,22.0,False,0.0,False,2026-10-07 17:48:44.714000+00:00,0.0,0.0,1.8900000000000006,23.886000000000003,0.005477225575054625,0.0,1.8900000000000006,False,False,False,False,False,False,25.04,1.1499999999999986,,False,False,False,False,False,False,False,False,False,False,False,NORMAL
,1791395325714.0,temperature,False,0.972,rear_center,23.92,OK,MONITORING,True,24.0,0.0,True,22.0,False,0.0,False,2026-10-07 17:48:45.714000+00:00,0.030000000000001137,0.0,1.9200000000000017,23.894000000000002,0.01516575088810556,1.8000000000000682,1.9200000000000017,False,False,False,False,False,False,24.68,0.759999999999998,,False,False,False,False,False,False,False,False,False,False,False,NORMAL
,1791395327714.0,child_presence,False,0.968,rear_center,23.92,OK,MONITORING,True,24.0,0.0,True,22.0,False,0.0,False,2026-10-07 17:48:47.714000+00:00,0.0,0.0,1.9200000000000017,23.902,0.01643167672515885,0.0,1.9200000000000017,False,False,False,False,False,False,24.68,0.759999999999998,,False,False,False,False,False,False,False,False,False,False,False,NORMAL
,1791395329714.0,window_state,False,0.968,rear_center,23.92,OK,MONITORING,True,24.0,0.0,True,22.0,False,0.0,False,2026-10-07 17:48:49.714000+00:00,0.0,0.0,1.9200000000000017,23.908,0.01643167672516031,0.0,1.9200000000000017,False,False,False,False,False,False,24.68,0.759999999999998,,False,False,False,False,False,False,False,False,False,False,False,NORMAL
,1791395330714.0,hvac_state,False,0.968,rear_center,23.92,OK,MONITORING,True,24.0,0.0,True,22.0,False,0.0,False,2026-10-07 17:48:50.714000+00:00,0.0,0.0,1.9200000000000017,23.914,0.013416407865006795,0.0,1.9200000000000017,False,False,False,False,False,False,24.68,0.759999999999998,,False,False,False,False,False,False,False,False,False,False,False,NORMAL
,1791395331714.0,temperature,False,0.968,rear_center,23.84,OK,MONITORING,True,24.0,0.0,True,22.0,False,0.0,False,2026-10-07 17:48:51.714000+00:00,-0.08000000000000185,0.0,1.8399999999999999,23.904000000000003,0.03577708763999977,-4.800000000000111,1.8399999999999999,False,False,False,False,False,False,24.15,0.3099999999999987,,False,False,False,False,False,False,False,False,False,False,False,NORMAL
,1791395333714.0,window_state,False,0.968,rear_center,23.84,OK,MONITORING,True,24.0,0.0,True,22.0,False,0.0,False,2026-10-07 17:48:53.714000+00:00,0.0,0.0,1.8399999999999999,23.887999999999998,0.043817804600415136,0.0,1.8399999999999999,False,False,False,False,False,False,24.15,0.3099999999999987,,False,False,False,False,False,False,False,False,False,False,False,NORMAL
,1791395334714.0,hvac_state,False,0.968,rear_center,23.84,OK,MONITORING,True,24.0,0.0,True,22.0,False,0.0,False,2026-10-07 17:48:54.714000+00:00,0.0,0.0,1.8399999999999999,23.872,0.043817804600413346,0.0,1.8399999999999999,False,False,False,False,False,False,24.15,0.3099999999999987,,False,False,False,False,False,False,False,False,False,False,False,NORMAL
,1791395335714.0,temperature,False,0.968,rear_center,23.72,OK,MONITORING,True,24.0,0.0,True,22.0,False,0.0,False,2026-10-07 17:48:55.714000+00:00,-0.120000000000001,0.0,1.7199999999999989,23.832,0.07155417527999126,-7.20000000000006,1.7199999999999989,False,False,False,False,False,False,23.8,0.08000000000000185,,False,False,False,False,False,False,False,False,False,False,False,NORMAL
,1791395337714.0,child_presence,False,0.969,rear_center,23.72,OK,MONITORING,True,24.0,0.0,True,22.0,False,0.0,False,2026-10-07 17:48:57.714000+00:00,0.0,0.0,1.7199999999999989,23.791999999999998,0.06572670690061445,0.0,1.7199999999999989,False,False,False,False,False,False,23.8,0.08000000000000185,,False,False,False,False,False,False,False,False,False,False,False,NORMAL
,1791395339714.0,window_state,False,0.969,rear_center,23.72,OK,MONITORING,True,24.0,0.0,True,22.0,False,0.0,False,2026-10-07 17:48:59.714000+00:00,0.0,0.0,1.7199999999999989,23.768,0.06572670690061226,0.0,1.7199999999999989,False,False,False,False,False,False,23.8,0.08000000000000185,,False,False,False,False,False,False,False,False,False,False,False,NORMAL
,1791395340714.0,hvac_state,False,0.969,rear_center,23.72,OK,MONITORING,True,24.0,0.0,True,22.0,False,0.0,False,2026-10-07 17:49:00.714000+00:00,0.0,0.0,1.7199999999999989,23.744,0.0536656314599823,0.0,1.7199999999999989,False,False,False,False,False,False,23.8,0.08000000000000185,,False,False,False,False,False,False,False,False,False,False,False,NORMAL
,1791395341714.0,temperature,False,0.969,rear_center,23.87,OK,MONITORING,True,24.0,0.0,True,22.0,False,0.0,False,2026-10-07 17:49:01.714000+00:00,0.15000000000000213,0.0,1.870000000000001,23.75,0.06708203932499444,9.000000000000128,1.870000000000001,False,False,False,False,False,False,23.27,-0.6000000000000014,,False,False,False,False,False,False,False,False,False,False,False,NORMAL
,1791395343714.0,window_state,False,0.969,rear_center,23.87,OK,MONITORING,True,24.0,0.0,True,22.0,False,0.0,False,2026-10-07 17:49:03.714000+00:00,0.0,0.0,1.870000000000001,23.78,0.08215838362577547,0.0,1.870000000000001,False,False,False,False,False,False,23.27,-0.6000000000000014,,False,False,False,False,False,False,False,False,False,False,False,NORMAL
,1791395344714.0,hvac_state,False,0.969,rear_center,23.87,OK,MONITORING,True,24.0,0.0,True,22.0,False,0.0,False,2026-10-07 17:49:04.714000+00:00,0.0,0.0,1.870000000000001,23.81,0.08215838362577475,0.0,1.870000000000001,False,False,False,False,False,False,23.27,-0.6000000000000014,,False,False,False,False,False,False,False,False,False,False,False,NORMAL
,1791395345714.0,temperature,False,0.969,rear_center,23.81,OK,MONITORING,True,24.0,0.0,True,22.0,False,0.0,False,2026-10-07 17:49:05.714000+00:00,-0.060000000000002274,0.0,1.8099999999999987,23.828,0.06572670690061859,-3.6000000000001364,1.8099999999999987,False,False,False,False,False,False,24.1,0.2900000000000027,,False,False,False,False,False,False,False,False,False,False,False,NORMAL
,1791395347714.0,child_presence,False,0.971,rear_center,23.81,OK,MONITORING,True,24.0,0.0,True,22.0,False,0.0,False,2026-10-07 17:49:07.714000+00:00,0.0,0.0,1.8099999999999987,23.846,0.032863353450304646,0.0,1.8099999999999987,False,False,False,False,False,False,24.1,0.2900000000000027,,False,False,False,False,False,False,False,False,False,False,False,NORMAL
,1791395349714.0,window_state,False,0.971,rear_center,23.81,OK,MONITORING,True,24.0,0.0,True,22.0,False,0.0,False,2026-10-07 17:49:09.714000+00:00,0.0,0.0,1.8099999999999987,23.833999999999996,0.0328633534503061,0.0,1.8099999999999987,False,False,False,False,False,False,24.1,0.2900000000000027,,False,False,False,False,False,False,False,False,False,False,False,NORMAL
,1791395350714.0,hvac_state,False,0.971,rear_center,23.81,OK,MONITORING,True,24.0,0.0,True,22.0,False,0.0,False,2026-10-07 17:49:10.714000+00:00,0.0,0.0,1.8099999999999987,23.821999999999996,0.026832815729994023,0.0,1.8099999999999987,False,False,False,False,False,False,24.1,0.2900000000000027,,False,False,False,False,False,False,False,False,False,False,False,NORMAL
,1791395351714.0,temperature,False,0.971,rear_center,23.86,OK,MONITORING,True,24.0,0.0,True,22.0,False,0.0,False,2026-10-07 17:49:11.714000+00:00,0.05000000000000071,0.0,1.8599999999999994,23.82,0.022360679774997817,3.0000000000000426,1.8599999999999994,False,False,False,False,False,False,24.1,0.240000000000002,,False,False,False,False,False,False,False,False,False,False,False,NORMAL
,1791395353714.0,window_state,False,0.971,rear_center,23.86,OK,MONITORING,True,24.0,0.0,True,22.0,False,0.0,False,2026-10-07 17:49:13.714000+00:00,0.0,0.0,1.8599999999999994,23.83,0.027386127875257318,0.0,1.8599999999999994,False,False,False,False,False,False,24.1,0.240000000000002,,False,False,False,False,False,False,False,False,False,False,False,NORMAL
,1791395354714.0,hvac_state,False,0.971,rear_center,23.86,OK,MONITORING,True,24.0,0.0,True,22.0,False,0.0,False,2026-10-07 17:49:14.714000+00:00,0.0,0.0,1.8599999999999994,23.839999999999996,0.027386127875256586,0.0,1.8599999999999994,False,False,False,False,False,False,24.1,0.240000000000002,,False,False,False,False,False,False,False,False,False,False,False,NORMAL
,1791395355714.0,temperature,False,0.971,rear_center,23.74,OK,MONITORING,True,24.0,0.0,True,22.0,False,0.0,False,2026-10-07 17:49:15.714000+00:00,-0.120000000000001,0.0,1.7399999999999984,23.826,0.052725705305856053,-7.20000000000006,1.7399999999999984,False,False,False,False,False,False,24.1,0.360000000000003,,False,False,False,False,False,False,False,False,False,False,False,NORMAL
,1791395357714.0,child_presence,False,0.966,rear_center,23.74,OK,MONITORING,True,24.0,0.0,True,22.0,False,0.0,False,2026-10-07 17:49:17.714000+00:00,0.0,0.0,1.7399999999999984,23.812,0.06572670690062053,0.0,1.7399999999999984,False,False,False,False,False,False,24.1,0.360000000000003,,False,False,False,False,False,False,False,False,False,False,False,NORMAL
,1791395359714.0,window_state,False,0.966,rear_center,23.74,OK,MONITORING,True,24.0,0.0,True,22.0,False,0.0,False,2026-10-07 17:49:19.714000+00:00,0.0,0.0,1.7399999999999984,23.788,0.06572670690062125,0.0,1.7399999999999984,False,False,False,False,False,False,24.1,0.360000000000003,,False,False,False,False,False,False,False,False,False,False,False,NORMAL
,1791395360714.0,hvac_state,False,0.966,rear_center,23.74,OK,MONITORING,True,24.0,0.0,True,22.0,False,0.0,False,2026-10-07 17:49:20.714000+00:00,0.0,0.0,1.7399999999999984,23.764,0.0536656314599969,0.0,1.7399999999999984,False,False,False,False,False,False,24.1,0.360000000000003,,False,False,False,False,False,False,False,False,False,False,False,NORMAL
,1791395361714.0,temperature,False,0.966,rear_center,23.82,OK,MONITORING,True,24.0,0.0,True,22.0,False,0.0,False,2026-10-07 17:49:21.714000+00:00,0.08000000000000185,0.0,1.8200000000000003,23.756,0.03577708763999706,4.800000000000111,1.8200000000000003,False,False,False,False,False,False,24.1,0.28000000000000114,,False,False,False,False,False,False,False,False,False,False,False,NORMAL
,1791395363714.0,window_state,False,0.966,rear_center,23.82,OK,MONITORING,True,24.0,0.0,True,22.0,False,0.0,False,2026-10-07 17:49:23.714000+00:00,0.0,0.0,1.8200000000000003,23.772,0.04381780460041292,0.0,1.8200000000000003,False,False,False,False,False,False,24.1,0.28000000000000114,,False,False,False,False,False,False,False,False,False,False,False,NORMAL
,1791395364714.0,hvac_state,False,0.966,rear_center,23.82,OK,MONITORING,True,24.0,0.0,True,22.0,False,0.0,False,2026-10-07 17:49:24.714000+00:00,0.0,0.0,1.8200000000000003,23.788,0.043817804600412194,0.0,1.8200000000000003,False,False,False,False,False,False,24.1,0.28000000000000114,,False,False,False,False,False,False,False,False,False,False,False,NORMAL
,1791395365714.0,temperature,False,0.966,rear_center,23.77,OK,MONITORING,True,24.0,0.0,True,22.0,False,0.0,False,2026-10-07 17:49:25.714000+00:00,-0.05000000000000071,0.0,1.7699999999999996,23.794,0.03714835124201158,-3.0000000000000426,1.7699999999999996,False,False,False,False,False,False,24.1,0.33000000000000185,,False,False,False,False,False,False,False,False,False,False,False,NORMAL
,1791395367714.0,child_presence,False,0.969,rear_center,23.77,OK,MONITORING,True,24.0,0.0,True,22.0,False,0.0,False,2026-10-07 17:49:27.714000+00:00,0.0,0.0,1.7699999999999996,23.8,0.027386127875254934,0.0,1.7699999999999996,False,False,False,False,False,False,24.1,0.33000000000000185,,False,False,False,False,False,False,False,False,False,False,False,NORMAL
,1791395369714.0,window_state,False,0.969,rear_center,23.77,OK,MONITORING,True,24.0,0.0,True,22.0,False,0.0,False,2026-10-07 17:49:29.714000+00:00,0.0,0.0,1.7699999999999996,23.79,0.027386127875255666,0.0,1.7699999999999996,False,False,False,False,False,False,24.1,0.33000000000000185,,False,False,False,False,False,False,False,False,False,False,False,NORMAL
,1791395370714.0,hvac_state,False,0.969,rear_center,23.77,OK,MONITORING,True,24.0,0.0,True,22.0,False,0.0,False,2026-10-07 17:49:30.714000+00:00,0.0,0.0,1.7699999999999996,23.78,0.022360679774995795,0.0,1.7699999999999996,False,False,False,False,False,False,24.1,0.33000000000000185,,False,False,False,False,False,False,False,False,False,False,False,NORMAL
,1791395371714.0,temperature,False,0.969,rear_center,23.85,OK,MONITORING,True,24.0,0.0,True,22.0,False,0.0,False,2026-10-07 17:49:31.714000+00:00,0.08000000000000185,0.0,1.8500000000000014,23.785999999999998,0.03577708763999706,4.800000000000111,1.8500000000000014,False,False,False,False,False,False,31.5,7.649999999999999,,False,False,False,False,True,False,False,False,False,False,False,HIGH
,1791395373714.0,window_state,False,0.969,rear_center,23.85,OK,MONITORING,True,24.0,0.0,True,22.0,False,0.0,False,2026-10-07 17:49:33.714000+00:00,0.0,0.0,1.8500000000000014,23.802,0.04381780460041292,0.0,1.8500000000000014,False,False,False,False,False,False,31.5,7.649999999999999,,False,False,False,False,True,False,False,False,False,False,False,HIGH
,1791395374714.0,hvac_state,False,0.969,rear_center,23.85,OK,MONITORING,True,24.0,0.0,True,22.0,False,0.0,False,2026-10-07 17:49:34.714000+00:00,0.0,0.0,1.8500000000000014,23.818,0.043817804600412194,0.0,1.8500000000000014,False,False,False,False,False,False,31.5,7.649999999999999,,False,False,False,False,True,False,False,False,False,False,False,HIGH
,1791395375714.0,temperature,False,0.969,rear_center,23.82,OK,MONITORING,True,24.0,0.0,True,22.0,False,0.0,False,2026-10-07 17:49:35.714000+00:00,-0.030000000000001137,0.0,1.8200000000000003,23.828,0.03492849839314394,-1.8000000000000682,1.8200000000000003,False,False,False,False,False,False,31.5,7.68,,False,False,False,False,True,False,False,False,False,False,False,HIGH
,1791395377714.0,child_presence,False,0.972,rear_center,23.82,OK,MONITORING,True,24.0,0.0,True,22.0,False,0.0,False,2026-10-07 17:49:37.714000+00:00,0.0,0.0,1.8200000000000003,23.838,0.016431676725147906,0.0,1.8200000000000003,False,False,False,False,False,False,31.5,7.68,,False,False,False,False,True,False,False,False,False,False,False,HIGH
,1791395379714.0,window_state,False,0.972,rear_center,23.82,OK,MONITORING,True,24.0,0.0,True,22.0,False,0.0,False,2026-10-07 17:49:39.714000+00:00,0.0,0.0,1.8200000000000003,23.832,0.016431676725149363,0.0,1.8200000000000003,False,False,False,False,False,False,31.5,7.68,,False,False,False,False,True,False,False,False,False,False,False,HIGH
,1791395380714.0,hvac_state,False,0.972,rear_center,23.82,OK,MONITORING,True,24.0,0.0,True,22.0,False,0.0,False,2026-10-07 17:49:40.714000+00:00,0.0,0.0,1.8200000000000003,23.826,0.013416407864993391,0.0,1.8200000000000003,False,False,False,False,False,False,31.5,7.68,,False,False,False,False,True,False,False,False,False,False,False,HIGH
,1791395381714.0,temperature,False,0.972,rear_center,23.68,OK,MONITORING,True,24.0,0.0,True,22.0,False,0.0,False,2026-10-07 17:49:41.714000+00:00,-0.14000000000000057,0.0,1.6799999999999997,23.792,0.06260990336999477,-8.400000000000034,1.6799999999999997,False,False,False,False,False,False,31.5,7.82,,False,False,False,False,True,False,False,False,False,False,False,HIGH
,1791395383714.0,window_state,False,0.972,rear_center,23.68,OK,MONITORING,True,24.0,0.0,True,22.0,False,0.0,False,2026-10-07 17:49:43.714000+00:00,0.0,0.0,1.6799999999999997,23.764,0.0766811580507251,0.0,1.6799999999999997,False,False,False,False,False,False,31.5,7.82,,False,False,False,False,True,False,False,False,False,False,False,HIGH
,1791395384714.0,hvac_state,False,0.972,rear_center,23.68,OK,MONITORING,True,24.0,0.0,True,22.0,False,0.0,False,2026-10-07 17:49:44.714000+00:00,0.0,0.0,1.6799999999999997,23.736,0.07668115805072656,0.0,1.6799999999999997,False,False,False,False,False,False,31.5,7.82,,False,False,False,False,True,False,False,False,False,False,False,HIGH
,1791395385714.0,temperature,False,0.972,rear_center,23.85,OK,MONITORING,True,24.0,0.0,True,22.0,False,0.0,False,2026-10-07 17:49:45.714000+00:00,0.1700000000000017,0.0,1.8500000000000014,23.741999999999997,0.0855569985448328,10.200000000000102,1.8500000000000014,False,False,False,False,False,False,24.1,0.25,,False,False,False,False,False,False,False,False,False,False,False,NORMAL
,1791395387714.0,child_presence,False,0.97,rear_center,23.85,OK,MONITORING,True,24.0,0.0,True,22.0,False,0.0,False,2026-10-07 17:49:47.714000+00:00,0.0,0.0,1.8500000000000014,23.748,0.09311283477588106,0.0,1.8500000000000014,False,False,False,False,False,False,24.1,0.25,,False,False,False,False,False,False,False,False,False,False,False,NORMAL
,1791395389714.0,window_state,False,0.97,rear_center,23.85,OK,MONITORING,True,24.0,0.0,True,22.0,False,0.0,False,2026-10-07 17:49:49.714000+00:00,0.0,0.0,1.8500000000000014,23.782,0.09311283477587855,0.0,1.8500000000000014,False,False,False,False,False,False,24.1,0.25,,False,False,False,False,False,False,False,False,False,False,False,NORMAL
,1791395390714.0,hvac_state,False,0.97,rear_center,23.85,OK,MONITORING,True,24.0,0.0,True,22.0,False,0.0,False,2026-10-07 17:49:50.714000+00:00,0.0,0.0,1.8500000000000014,23.816000000000003,0.07602631123498957,0.0,1.8500000000000014,False,False,False,False,False,False,24.1,0.25,,False,False,False,False,False,False,False,False,False,False,False,NORMAL
,1791395391714.0,temperature,False,0.97,rear_center,23.66,OK,MONITORING,True,24.0,0.0,True,22.0,False,0.0,False,2026-10-07 17:49:51.714000+00:00,-0.19000000000000128,0.0,1.6600000000000001,23.812,0.08497058314499258,-11.400000000000077,1.6600000000000001,False,False,False,False,False,False,24.1,0.4400000000000013,,False,False,False,False,False,False,False,False,False,False,False,NORMAL
,1791395393714.0,window_state,False,0.97,rear_center,23.66,OK,MONITORING,True,24.0,0.0,True,22.0,False,0.0,False,2026-10-07 17:49:53.714000+00:00,0.0,0.0,1.6600000000000001,23.774,0.10406728592598243,0.0,1.6600000000000001,False,False,False,False,False,False,24.1,0.4400000000000013,,False,False,False,False,False,False,False,False,False,False,False,NORMAL
,1791395394714.0,hvac_state,False,0.97,rear_center,23.66,OK,MONITORING,True,24.0,0.0,True,22.0,False,0.0,False,2026-10-07 17:49:54.714000+00:00,0.0,0.0,1.6600000000000001,23.736,0.10406728592598274,0.0,1.6600000000000001,False,False,False,False,False,False,24.1,0.4400000000000013,,False,False,False,False,False,False,False,False,False,False,False,NORMAL
,1791395395714.0,temperature,False,0.97,rear_center,23.71,OK,MONITORING,True,24.0,0.0,True,22.0,False,0.0,False,2026-10-07 17:49:55.714000+00:00,0.05000000000000071,0.0,1.7100000000000009,23.708000000000002,0.08228000972289788,3.0000000000000426,1.7100000000000009,False,False,False,False,False,False,24.1,0.39000000000000057,,False,False,False,False,False,False,False,False,False,False,False,NORMAL
,1791395397714.0,child_presence,False,0.968,rear_center,23.71,OK,MONITORING,True,24.0,0.0,True,22.0,False,0.0,False,2026-10-07 17:49:57.714000+00:00,0.0,0.0,1.7100000000000009,23.68,0.027386127875258053,0.0,1.7100000000000009,False,False,False,False,False,False,24.1,0.39000000000000057,,False,False,False,False,False,False,False,False,False,False,False,NORMAL
,1791395399714.0,window_state,False,0.968,rear_center,23.71,OK,MONITORING,True,24.0,0.0,True,22.0,False,0.0,False,2026-10-07 17:49:59.714000+00:00,0.0,0.0,1.7100000000000009,23.69,0.027386127875258782,0.0,1.7100000000000009,False,False,False,False,False,False,24.1,0.39000000000000057,,False,False,False,False,False,False,False,False,False,False,False,NORMAL
,1791395400714.0,hvac_state,False,0.968,rear_center,23.71,OK,MONITORING,True,24.0,0.0,True,22.0,False,0.0,False,2026-10-07 17:50:00.714000+00:00,0.0,0.0,1.7100000000000009,23.7,0.022360679774999614,0.0,1.7100000000000009,False,False,False,False,False,False,24.1,0.39000000000000057,,False,False,False,False,False,False,False,False,False,False,False,NORMAL
,1791395401714.0,temperature,False,0.968,rear_center,23.7,OK,MONITORING,True,24.0,0.0,True,22.0,False,0.0,False,2026-10-07 17:50:01.714000+00:00,-0.010000000000001563,0.0,1.6999999999999993,23.708000000000002,0.004472135955000676,-0.6000000000000938,1.6999999999999993,False,False,False,False,False,False,24.1,0.40000000000000213,,False,False,False,False,False,False,False,False,False,False,False,NORMAL
,1791395403714.0,window_state,False,0.968,rear_center,23.7,OK,MONITORING,True,24.0,0.0,True,22.0,False,0.0,False,2026-10-07 17:50:03.714000+00:00,0.0,0.0,1.6999999999999993,23.706,0.005477225575053896,0.0,1.6999999999999993,False,False,False,False,False,False,24.1,0.40000000000000213,,False,False,False,False,False,False,False,False,False,False,False,NORMAL
,1791395404714.0,hvac_state,False,0.968,rear_center,23.7,OK,MONITORING,True,24.0,0.0,True,22.0,False,0.0,False,2026-10-07 17:50:04.714000+00:00,0.0,0.0,1.6999999999999993,23.704,0.00547722557505568,0.0,1.6999999999999993,False,False,False,False,False,False,24.1,0.40000000000000213,,False,False,False,False,False,False,False,False,False,False,False,NORMAL
,1791395405714.0,temperature,False,0.968,rear_center,23.53,OK,MONITORING,True,24.0,0.0,True,22.0,False,0.0,False,2026-10-07 17:50:05.714000+00:00,-0.16999999999999815,0.0,1.5300000000000011,23.668,0.07726577508832892,-10.19999999999989,1.5300000000000011,False,False,False,False,False,False,24.0,0.46999999999999886,,False,False,False,False,False,False,False,False,False,False,False,NORMAL
,1791395407714.0,child_presence,True,0.963,rear_center,23.53,OK,MONITORING,True,24.0,0.0,True,22.0,False,0.0,False,2026-10-07 17:50:07.714000+00:00,0.0,0.0,1.5300000000000011,23.631999999999998,0.09311283477587994,0.0,1.5300000000000011,False,False,False,False,False,False,24.0,0.46999999999999886,NORMAL,False,False,False,False,False,False,False,False,False,False,False,NORMAL
,1791395409714.0,window_state,True,0.963,rear_center,23.53,OK,MONITORING,True,24.0,0.0,True,22.0,False,0.0,False,2026-10-07 17:50:09.714000+00:00,0.0,0.0,1.5300000000000011,23.598000000000003,0.09311283477588066,0.0,1.5300000000000011,False,False,False,False,False,False,24.0,0.46999999999999886,NORMAL,False,False,False,False,False,False,False,False,False,False,False,NORMAL
,1791395410714.0,hvac_state,True,0.963,rear_center,23.53,OK,MONITORING,True,24.0,0.0,True,22.0,True,40.0,False,2026-10-07 17:50:10.714000+00:00,0.0,0.0,1.5300000000000011,23.564,0.07602631123499787,0.0,1.5300000000000011,False,False,False,False,False,False,24.0,0.46999999999999886,NORMAL,False,False,False,False,False,False,False,False,False,False,False,NORMAL
,1791395411714.0,temperature,True,0.963,rear_center,23.5,OK,MONITORING,True,24.0,0.0,True,22.0,True,40.0,False,2026-10-07 17:50:11.714000+00:00,-0.030000000000001137,0.0,1.5,23.524,0.013416407864999248,-1.8000000000000682,1.5,False,False,False,False,False,False,24.15,0.6499999999999986,NORMAL,False,False,False,False,False,False,False,False,False,False,False,NORMAL
,1791395413714.0,window_state,True,0.963,rear_center,23.5,OK,MONITORING,True,24.0,0.0,True,22.0,True,40.0,False,2026-10-07 17:50:13.714000+00:00,0.0,0.0,1.5,23.518,0.01643167672515561,0.0,1.5,False,False,False,False,False,False,24.15,0.6499999999999986,NORMAL,False,False,False,False,False,False,False,False,False,False,False,NORMAL
,1791395414714.0,hvac_state,True,0.963,rear_center,23.5,OK,MONITORING,True,24.0,0.0,True,22.0,True,40.0,False,2026-10-07 17:50:14.714000+00:00,0.0,0.0,1.5,23.512,0.01643167672515561,0.0,1.5,False,False,False,False,False,False,24.15,0.6499999999999986,NORMAL,False,False,False,False,False,False,False,False,False,False,False,NORMAL
,1791395415714.0,temperature,True,0.963,rear_center,23.51,OK,MONITORING,True,24.0,0.0,True,22.0,True,40.0,False,2026-10-07 17:50:15.714000+00:00,0.010000000000001563,0.0,1.5100000000000016,23.508,0.013038404810405873,0.6000000000000938,1.5100000000000016,False,False,False,False,False,False,24.25,0.7399999999999984,NORMAL,False,False,False,False,False,False,False,False,False,False,False,NORMAL
,1791395417714.0,child_presence,True,0.974,rear_center,23.51,OK,MONITORING,True,24.0,0.0,True,22.0,True,40.0,False,2026-10-07 17:50:17.714000+00:00,0.0,0.0,1.5100000000000016,23.503999999999998,0.005477225575051224,0.0,1.5100000000000016,False,False,False,False,False,False,24.25,0.7399999999999984,NORMAL,False,False,False,False,False,False,False,False,False,False,False,NORMAL
,1791395419714.0,window_state,True,0.974,rear_center,23.51,OK,MONITORING,True,24.0,0.0,True,22.0,True,40.0,False,2026-10-07 17:50:19.714000+00:00,0.0,0.0,1.5100000000000016,23.506,0.0054772255750530074,0.0,1.5100000000000016,False,False,False,False,False,False,24.25,0.7399999999999984,NORMAL,False,False,False,False,False,False,False,False,False,False,False,NORMAL
,1791395420714.0,hvac_state,True,0.974,rear_center,23.51,OK,MONITORING,True,24.0,0.0,True,22.0,True,40.0,False,2026-10-07 17:50:20.714000+00:00,0.0,0.0,1.5100000000000016,23.508000000000003,0.004472135955002915,0.0,1.5100000000000016,False,False,False,False,False,False,24.25,0.7399999999999984,NORMAL,False,False,False,False,False,False,False,False,False,False,False,NORMAL
,1791395421714.0,temperature,True,0.974,rear_center,23.45,OK,MONITORING,True,24.0,0.0,True,22.0,True,40.0,False,2026-10-07 17:50:21.714000+00:00,-0.060000000000002274,0.0,1.4499999999999993,23.498,0.026832815729997374,-3.6000000000001364,1.4499999999999993,False,False,False,False,False,False,24.41,0.9600000000000009,NORMAL,False,False,False,False,False,False,False,False,False,False,False,NORMAL
,1791395423714.0,window_state,True,0.974,rear_center,23.45,OK,MONITORING,True,24.0,0.0,True,22.0,True,40.0,False,2026-10-07 17:50:23.714000+00:00,0.0,0.0,1.4499999999999993,23.486,0.03286335345030884,0.0,1.4499999999999993,False,False,False,False,False,False,24.41,0.9600000000000009,NORMAL,False,False,False,False,False,False,False,False,False,False,False,NORMAL
,1791395424714.0,hvac_state,True,0.974,rear_center,23.45,OK,MONITORING,True,24.0,0.0,True,22.0,True,40.0,False,2026-10-07 17:50:24.714000+00:00,0.0,0.0,1.4499999999999993,23.474,0.03286335345030738,0.0,1.4499999999999993,False,False,False,False,False,False,24.41,0.9600000000000009,NORMAL,False,False,False,False,False,False,False,False,False,False,False,NORMAL
,1791395425714.0,temperature,True,0.974,rear_center,23.55,OK,MONITORING,True,24.0,0.0,True,22.0,True,40.0,False,2026-10-07 17:50:25.714000+00:00,0.10000000000000142,0.0,1.5500000000000007,23.482,0.046043457732884346,6.000000000000085,1.5500000000000007,False,False,False,False,False,False,24.51,0.9600000000000009,NORMAL,False,False,False,False,False,False,False,False,False,False,False,NORMAL
,1791395427714.0,child_presence,True,0.965,rear_center,23.55,OK,MONITORING,True,24.0,0.0,True,22.0,True,40.0,False,2026-10-07 17:50:27.714000+00:00,0.0,0.0,1.5500000000000007,23.49,0.05477225575051672,0.0,1.5500000000000007,False,False,False,False,False,False,24.51,0.9600000000000009,NORMAL,False,False,False,False,False,False,False,False,False,False,False,NORMAL
,1791395429714.0,window_state,True,0.965,rear_center,23.55,OK,MONITORING,True,24.0,0.0,True,22.0,True,40.0,False,2026-10-07 17:50:29.714000+00:00,0.0,0.0,1.5500000000000007,23.51,0.05477225575051922,0.0,1.5500000000000007,False,False,False,False,False,False,24.51,0.9600000000000009,NORMAL,False,False,False,False,False,False,False,False,False,False,False,NORMAL
,1791395430714.0,hvac_state,True,0.965,rear_center,23.55,OK,MONITORING,True,24.0,0.0,True,22.0,True,40.0,False,2026-10-07 17:50:30.714000+00:00,0.0,0.0,1.5500000000000007,23.53,0.0447213595500023,0.0,1.5500000000000007,False,False,False,False,False,False,24.51,0.9600000000000009,NORMAL,False,False,False,False,False,False,False,False,False,False,False,NORMAL
,1791395431714.0,temperature,True,0.965,rear_center,23.73,OK,MONITORING,True,24.0,0.0,True,22.0,True,40.0,False,2026-10-07 17:50:31.714000+00:00,0.17999999999999972,0.0,1.7300000000000004,23.586000000000002,0.08049844719000061,10.799999999999983,1.7300000000000004,False,False,False,False,False,False,24.66,0.9299999999999997,NORMAL,False,False,False,False,False,False,False,False,False,False,False,NORMAL
,1791395433714.0,window_state,True,0.965,rear_center,23.73,OK,MONITORING,True,24.0,0.0,True,22.0,True,40.0,False,2026-10-07 17:50:33.714000+00:00,0.0,0.0,1.7300000000000004,23.622000000000003,0.09859006035093981,0.0,1.7300000000000004,False,False,False,False,False,False,24.66,0.9299999999999997,NORMAL,False,False,False,False,False,False,False,False,False,False,False,NORMAL
,1791395434714.0,hvac_state,True,0.965,rear_center,23.73,OK,MONITORING,True,24.0,0.0,True,22.0,True,40.0,False,2026-10-07 17:50:34.714000+00:00,0.0,0.0,1.7300000000000004,23.657999999999998,0.0985900603509438,0.0,1.7300000000000004,False,False,False,False,False,False,24.66,0.9299999999999997,NORMAL,False,False,False,False,False,False,False,False,False,False,False,NORMAL
,1791395435714.0,temperature,True,0.965,rear_center,23.52,OK,MONITORING,True,24.0,0.0,True,22.0,True,40.0,False,2026-10-07 17:50:35.714000+00:00,-0.21000000000000085,0.0,1.5199999999999996,23.651999999999997,0.10733126292000231,-12.600000000000051,1.5199999999999996,False,False,False,False,False,False,24.76,1.240000000000002,NORMAL,False,False,False,False,False,False,False,False,False,False,False,NORMAL
,1791395437714.0,child_presence,True,0.967,rear_center,23.52,OK,MONITORING,True,24.0,0.0,True,22.0,True,40.0,False,2026-10-07 17:50:37.714000+00:00,0.0,0.0,1.5199999999999996,23.646,0.11502173707609609,0.0,1.5199999999999996,False,False,False,False,False,False,24.76,1.240000000000002,NORMAL,False,False,False,False,False,False,False,False,False,False,False,NORMAL
,1791395439714.0,window_state,True,0.967,rear_center,23.52,OK,MONITORING,True,24.0,0.0,True,22.0,True,40.0,False,2026-10-07 17:50:39.714000+00:00,0.0,0.0,1.5199999999999996,23.604,0.11502173707609106,0.0,1.5199999999999996,False,False,False,False,False,False,24.76,1.240000000000002,NORMAL,False,False,False,False,False,False,False,False,False,False,False,NORMAL
,1791395440714.0,hvac_state,True,0.967,rear_center,23.52,OK,MONITORING,True,24.0,0.0,True,22.0,True,40.0,False,2026-10-07 17:50:40.714000+00:00,0.0,0.0,1.5199999999999996,23.561999999999998,0.0939148550549917,0.0,1.5199999999999996,False,False,False,False,False,False,24.76,1.240000000000002,NORMAL,False,False,False,False,False,False,False,False,False,False,False,NORMAL
,1791395441714.0,temperature,True,0.967,rear_center,23.49,OK,MONITORING,True,24.0,0.0,True,22.0,True,40.0,False,2026-10-07 17:50:41.714000+00:00,-0.030000000000001137,0.0,1.4899999999999984,23.514,0.013416407864999248,-1.8000000000000682,1.4899999999999984,False,False,False,False,False,False,24.91,1.4200000000000017,NORMAL,False,False,False,False,False,False,False,False,False,False,False,NORMAL
,1791395443714.0,window_state,True,0.967,rear_center,23.49,OK,MONITORING,True,24.0,0.0,True,22.0,True,40.0,False,2026-10-07 17:50:43.714000+00:00,0.0,0.0,1.4899999999999984,23.508,0.01643167672515561,0.0,1.4899999999999984,False,False,False,False,False,False,24.91,1.4200000000000017,NORMAL,False,False,False,False,False,False,False,False,False,False,False,NORMAL
,1791395444714.0,hvac_state,True,0.967,rear_center,23.49,OK,MONITORING,True,24.0,0.0,True,22.0,True,40.0,False,2026-10-07 17:50:44.714000+00:00,0.0,0.0,1.4899999999999984,23.502,0.01643167672515561,0.0,1.4899999999999984,False,False,False,False,False,False,24.91,1.4200000000000017,NORMAL,False,False,False,False,False,False,False,False,False,False,False,NORMAL
,1791395445714.0,temperature,True,0.967,rear_center,23.5,OK,MONITORING,True,24.0,0.0,True,22.0,True,40.0,False,2026-10-07 17:50:45.714000+00:00,0.010000000000001563,0.0,1.5,23.497999999999998,0.013038404810405873,0.6000000000000938,1.5,False,False,False,False,False,False,25.01,1.5100000000000016,NORMAL,False,False,False,False,False,False,False,False,False,False,False,NORMAL
,1791395447714.0,child_presence,True,0.975,rear_center,23.5,OK,MONITORING,True,24.0,0.0,True,22.0,True,40.0,False,2026-10-07 17:50:47.714000+00:00,0.0,0.0,1.5,23.494,0.005477225575051224,0.0,1.5,False,False,False,False,False,False,25.01,1.5100000000000016,NORMAL,False,False,False,False,False,False,False,False,False,False,False,NORMAL
,1791395449714.0,window_state,True,0.975,rear_center,23.5,OK,MONITORING,True,24.0,0.0,True,22.0,True,40.0,False,2026-10-07 17:50:49.714000+00:00,0.0,0.0,1.5,23.496,0.005477225575051954,0.0,1.5,False,False,False,False,False,False,25.01,1.5100000000000016,NORMAL,False,False,False,False,False,False,False,False,False,False,False,NORMAL
,1791395450714.0,hvac_state,True,0.975,rear_center,23.5,OK,MONITORING,True,24.0,0.0,True,22.0,True,40.0,False,2026-10-07 17:50:50.714000+00:00,0.0,0.0,1.5,23.497999999999998,0.004472135955000085,0.0,1.5,False,False,False,False,False,False,25.01,1.5100000000000016,NORMAL,False,False,False,False,False,False,False,False,False,False,False,NORMAL
,1791395451714.0,temperature,True,0.975,rear_center,23.44,OK,MONITORING,True,24.0,0.0,True,22.0,True,40.0,False,2026-10-07 17:50:51.714000+00:00,-0.05999999999999872,0.0,1.4400000000000013,23.488,0.026832815729995116,-3.5999999999999233,1.4400000000000013,False,False,False,False,False,False,25.16,1.7199999999999989,NORMAL,False,False,False,False,False,False,False,False,False,False,False,NORMAL
,1791395453714.0,window_state,True,0.975,rear_center,23.44,OK,MONITORING,True,24.0,0.0,True,22.0,True,40.0,False,2026-10-07 17:50:53.714000+00:00,0.0,0.0,1.4400000000000013,23.476,0.0328633534503059,0.0,1.4400000000000013,False,False,False,False,False,False,25.16,1.7199999999999989,NORMAL,False,False,False,False,False,False,False,False,False,False,False,NORMAL
,1791395454714.0,hvac_state,True,0.975,rear_center,23.44,OK,MONITORING,True,24.0,0.0,True,22.0,True,40.0,False,2026-10-07 17:50:54.714000+00:00,0.0,0.0,1.4400000000000013,23.464000000000002,0.03286335345030371,0.0,1.4400000000000013,False,False,False,False,False,False,25.16,1.7199999999999989,NORMAL,False,False,False,False,False,False,False,False,False,False,False,NORMAL
,1791395455714.0,temperature,True,0.975,rear_center,23.43,OK,MONITORING,True,24.0,0.0,True,22.0,True,40.0,False,2026-10-07 17:50:55.714000+00:00,-0.010000000000001563,0.0,1.4299999999999997,23.45,0.02828427124745194,-0.6000000000000938,1.4299999999999997,False,False,False,False,False,False,25.27,1.8399999999999999,NORMAL,False,False,False,False,False,False,False,False,False,False,False,NORMAL
,1791395457714.0,child_presence,True,0.969,rear_center,23.43,OK,MONITORING,True,24.0,0.0,True,22.0,True,40.0,False,2026-10-07 17:50:57.714000+00:00,0.0,0.0,1.4299999999999997,23.436,0.005477225574983918,0.0,1.4299999999999997,False,False,False,False,False,False,25.27,1.8399999999999999,NORMAL,False,False,False,False,False,False,False,False,False,False,False,NORMAL
,1791395459714.0,window_state,True,0.969,rear_center,23.43,OK,MONITORING,True,24.0,0.0,True,22.0,True,40.0,False,2026-10-07 17:50:59.714000+00:00,0.0,0.0,1.4299999999999997,23.434,0.005477225574980675,0.0,1.4299999999999997,False,False,False,False,False,False,25.27,1.8399999999999999,NORMAL,False,False,False,False,False,False,False,False,False,False,False,NORMAL
,1791395460714.0,hvac_state,True,0.969,rear_center,23.43,OK,MONITORING,True,24.0,0.0,True,22.0,True,40.0,False,2026-10-07 17:51:00.714000+00:00,0.0,0.0,1.4299999999999997,23.432,0.0044721359549081685,0.0,1.4299999999999997,False,False,False,False,False,False,25.27,1.8399999999999999,NORMAL,False,False,False,False,False,False,False,False,False,False,False,NORMAL
,1791395461714.0,temperature,True,0.969,rear_center,23.46,OK,MONITORING,True,24.0,0.0,True,22.0,True,40.0,False,2026-10-07 17:51:01.714000+00:00,0.030000000000001137,0.0,1.4600000000000009,23.436,0.013416407864999248,1.8000000000000682,1.4600000000000009,False,False,False,False,False,False,25.42,1.9600000000000009,NORMAL,False,False,False,False,False,False,False,False,False,False,False,NORMAL
,1791395463714.0,window_state,True,0.969,rear_center,23.46,OK,MONITORING,True,24.0,0.0,True,22.0,True,40.0,False,2026-10-07 17:51:03.714000+00:00,0.0,0.0,1.4600000000000009,23.442,0.01643167672515561,0.0,1.4600000000000009,False,False,False,False,False,False,25.42,1.9600000000000009,NORMAL,False,False,False,False,False,False,False,False,False,False,False,NORMAL
,1791395464714.0,hvac_state,True,0.969,rear_center,23.46,OK,MONITORING,True,24.0,0.0,True,22.0,True,40.0,False,2026-10-07 17:51:04.714000+00:00,0.0,0.0,1.4600000000000009,23.448,0.01643167672515561,0.0,1.4600000000000009,False,False,False,False,False,False,25.42,1.9600000000000009,NORMAL,False,False,False,False,False,False,False,False,False,False,False,NORMAL
,1791395465714.0,temperature,True,0.969,rear_center,23.63,OK,MONITORING,True,24.0,0.0,True,22.0,True,40.0,False,2026-10-07 17:51:05.714000+00:00,0.16999999999999815,0.0,1.629999999999999,23.488,0.08043631020876041,10.19999999999989,1.629999999999999,False,False,False,False,False,False,25.52,1.8900000000000006,NORMAL,False,False,False,False,False,False,False,False,False,False,False,NORMAL
,1791395467714.0,child_presence,True,0.971,rear_center,23.63,OK,MONITORING,True,24.0,0.0,True,22.0,True,40.0,False,2026-10-07 17:51:07.714000+00:00,0.0,0.0,1.629999999999999,23.528,0.09311283477587828,0.0,1.629999999999999,False,False,False,False,False,False,25.52,1.8900000000000006,NORMAL,False,False,False,False,False,False,False,False,False,False,False,NORMAL
,1791395469714.0,window_state,True,0.971,rear_center,23.63,OK,MONITORING,True,24.0,0.0,True,22.0,True,40.0,False,2026-10-07 17:51:09.714000+00:00,0.0,0.0,1.629999999999999,23.562,0.093112834775879,0.0,1.629999999999999,False,False,False,False,False,False,25.52,1.8900000000000006,NORMAL,False,False,False,False,False,False,False,False,False,False,False,NORMAL
,1791395470714.0,hvac_state,True,0.971,rear_center,23.63,OK,MONITORING,True,24.0,0.0,True,22.0,True,40.0,False,2026-10-07 17:51:10.714000+00:00,0.0,0.0,1.629999999999999,23.595999999999997,0.0760263112349948,0.0,1.629999999999999,False,False,False,False,False,False,25.52,1.8900000000000006,NORMAL,False,False,False,False,False,False,False,False,False,False,False,NORMAL
,1791395471714.0,temperature,True,0.971,rear_center,23.59,OK,MONITORING,True,24.0,0.0,True,22.0,True,40.0,False,2026-10-07 17:51:11.714000+00:00,-0.03999999999999915,0.0,1.5899999999999999,23.622,0.017888543819998135,-2.399999999999949,1.5899999999999999,False,False,False,False,False,False,25.67,2.080000000000002,SPIKE,False,False,False,False,True,False,False,False,False,False,False,HIGH
,1791395473714.0,window_state,True,0.971,rear_center,23.59,OK,MONITORING,True,24.0,0.0,True,22.0,True,40.0,False,2026-10-07 17:51:13.714000+00:00,0.0,0.0,1.5899999999999999,23.613999999999997,0.021908902300206947,0.0,1.5899999999999999,False,False,False,False,False,False,25.67,2.080000000000002,SPIKE,False,False,False,False,True,False,False,False,False,False,False,HIGH
,1791395474714.0,hvac_state,True,0.971,rear_center,23.59,OK,MONITORING,True,24.0,0.0,True,22.0,True,40.0,False,2026-10-07 17:51:14.714000+00:00,0.0,0.0,1.5899999999999999,23.606,0.021908902300206947,0.0,1.5899999999999999,False,False,False,False,False,False,25.67,2.080000000000002,SPIKE,False,False,False,False,True,False,False,False,False,False,False,HIGH
,1791395475714.0,temperature,True,0.971,rear_center,23.4,OK,MONITORING,True,24.0,0.0,True,22.0,True,40.0,False,2026-10-07 17:51:15.714000+00:00,-0.19000000000000128,0.0,1.3999999999999986,23.56,0.09110433579144286,-11.400000000000077,1.3999999999999986,False,False,False,False,False,False,25.77,2.370000000000001,SPIKE,False,False,False,False,True,False,False,False,False,False,False,HIGH
,1791395477714.0,child_presence,True,0.979,rear_center,23.4,OK,MONITORING,True,24.0,0.0,True,22.0,True,40.0,False,2026-10-07 17:51:17.714000+00:00,0.0,0.0,1.3999999999999986,23.514,0.10406728592598054,0.0,1.3999999999999986,False,False,False,False,False,False,25.77,2.370000000000001,SPIKE,False,False,False,False,True,False,False,False,False,False,False,HIGH
,1791395479714.0,window_state,True,0.979,rear_center,23.4,OK,MONITORING,True,24.0,0.0,True,22.0,True,40.0,False,2026-10-07 17:51:19.714000+00:00,0.0,0.0,1.3999999999999986,23.476,0.10406728592597875,0.0,1.3999999999999986,False,False,False,False,False,False,25.77,2.370000000000001,SPIKE,False,False,False,False,True,False,False,False,False,False,False,HIGH
,1791395480714.0,hvac_state,True,0.979,rear_center,23.4,OK,MONITORING,True,24.0,0.0,True,22.0,True,40.0,False,2026-10-07 17:51:20.714000+00:00,0.0,0.0,1.3999999999999986,23.438,0.08497058314498629,0.0,1.3999999999999986,False,False,False,False,False,False,25.77,2.370000000000001,SPIKE,False,False,False,False,True,False,False,False,False,False,False,HIGH
,1791395481714.0,temperature,True,0.979,rear_center,23.41,OK,MONITORING,True,24.0,0.0,True,22.0,True,40.0,False,2026-10-07 17:51:21.714000+00:00,0.010000000000001563,0.0,1.4100000000000001,23.401999999999997,0.004472135955000676,0.6000000000000938,1.4100000000000001,False,False,False,False,False,False,25.92,2.5100000000000016,SPIKE,False,False,False,False,True,False,False,False,False,False,False,HIGH
,1791395483714.0,window_state,True,0.979,rear_center,23.41,OK,MONITORING,True,24.0,0.0,True,22.0,True,40.0,False,2026-10-07 17:51:23.714000+00:00,0.0,0.0,1.4100000000000001,23.404,0.005477225575053896,0.0,1.4100000000000001,False,False,False,False,False,False,25.92,2.5100000000000016,SPIKE,False,False,False,False,True,False,False,False,False,False,False,HIGH
,1791395484714.0,hvac_state,True,0.979,rear_center,23.41,OK,MONITORING,True,24.0,0.0,True,22.0,True,40.0,False,2026-10-07 17:51:24.714000+00:00,0.0,0.0,1.4100000000000001,23.406,0.00547722557505568,0.0,1.4100000000000001,False,False,False,False,False,False,25.92,2.5100000000000016,SPIKE,False,False,False,False,True,False,False,False,False,False,False,HIGH
,1791395485714.0,temperature,True,0.979,rear_center,24.0,OK,MONITORING,True,24.0,0.0,True,22.0,True,40.0,False,2026-10-07 17:51:25.714000+00:00,0.5899999999999999,0.0,2.0,23.526,0.2650094337943485,35.39999999999999,2.0,False,False,False,False,False,False,24.0,0.0,NORMAL,False,False,False,False,False,False,False,False,False,False,False,NORMAL
,1791395487714.0,child_presence,True,0.97,rear_center,24.0,OK,MONITORING,True,24.0,0.0,True,22.0,True,40.0,False,2026-10-07 17:51:27.714000+00:00,0.0,0.0,2.0,23.645999999999997,0.3231563089280508,0.0,2.0,False,False,False,False,False,False,24.0,0.0,NORMAL,False,False,False,False,False,False,False,False,False,False,False,NORMAL
,1791395489714.0,window_state,True,0.97,rear_center,24.0,OK,MONITORING,True,24.0,0.0,True,22.0,True,40.0,False,2026-10-07 17:51:29.714000+00:00,0.0,0.0,2.0,23.764,0.3231563089280516,0.0,2.0,False,False,False,False,False,False,24.0,0.0,NORMAL,False,False,False,False,False,False,False,False,False,False,False,NORMAL
,1791395490714.0,hvac_state,True,0.97,rear_center,24.0,OK,MONITORING,True,24.0,0.0,True,22.0,True,70.0,False,2026-10-07 17:51:30.714000+00:00,0.0,0.0,2.0,23.881999999999998,0.26385602134498004,0.0,2.0,True,False,False,False,False,False,24.0,0.0,NORMAL,False,False,False,False,False,False,False,False,False,False,False,NORMAL
,1791395491714.0,temperature,True,0.97,rear_center,24.34,OK,MONITORING,True,24.0,0.0,True,22.0,True,70.0,False,2026-10-07 17:51:31.714000+00:00,0.33999999999999986,0.0,2.34,24.068,0.15205262246998524,20.39999999999999,2.34,True,False,False,False,False,False,24.25,-0.08999999999999986,NORMAL,False,True,False,False,False,False,False,False,False,False,False,HIGH
,1791395493714.0,window_state,True,0.97,rear_center,24.34,OK,MONITORING,True,24.0,0.0,True,22.0,True,70.0,False,2026-10-07 17:51:33.714000+00:00,0.0,0.0,2.34,24.136000000000003,0.18622566955175596,0.0,2.34,True,False,False,False,False,False,24.25,-0.08999999999999986,NORMAL,False,False,False,False,False,False,False,False,False,False,False,NORMAL
,1791395494714.0,hvac_state,True,0.97,rear_center,24.34,OK,MONITORING,True,24.0,0.0,True,22.0,True,70.0,False,2026-10-07 17:51:34.714000+00:00,0.0,0.0,2.34,24.204,0.18622566955175668,0.0,2.34,True,False,False,False,False,False,24.25,-0.08999999999999986,NORMAL,False,False,False,False,False,False,False,False,False,False,False,NORMAL
,1791395495714.0,temperature,True,0.97,rear_center,24.56,OK,MONITORING,True,24.0,0.0,True,22.0,True,70.0,False,2026-10-07 17:51:35.714000+00:00,0.21999999999999886,0.0,2.5599999999999987,24.316,0.20069877926883598,13.199999999999932,2.5599999999999987,True,False,False,False,False,False,24.42,-0.13999999999999702,NORMAL,False,True,False,False,False,False,False,False,False,False,False,HIGH
,1791395497714.0,child_presence,True,0.969,rear_center,24.56,OK,MONITORING,True,24.0,0.0,True,22.0,True,70.0,False,2026-10-07 17:51:37.714000+00:00,0.0,0.0,2.5599999999999987,24.428,0.12049896265114428,0.0,2.5599999999999987,True,False,False,False,False,False,24.42,-0.13999999999999702,NORMAL,False,False,False,False,False,False,False,False,False,False,False,NORMAL
,1791395499714.0,window_state,True,0.969,rear_center,24.56,OK,MONITORING,True,24.0,0.0,True,22.0,True,70.0,False,2026-10-07 17:51:39.714000+00:00,0.0,0.0,2.5599999999999987,24.472,0.12049896265114533,0.0,2.5599999999999987,True,False,False,False,False,False,24.42,-0.13999999999999702,NORMAL,False,False,False,False,False,False,False,False,False,False,False,NORMAL
,1791395500714.0,hvac_state,True,0.969,rear_center,24.56,OK,MONITORING,True,24.0,0.0,True,22.0,True,70.0,False,2026-10-07 17:51:40.714000+00:00,0.0,0.0,2.5599999999999987,24.516,0.09838699101000316,0.0,2.5599999999999987,True,False,False,False,False,False,24.42,-0.13999999999999702,NORMAL,False,False,False,False,False,False,False,False,False,False,False,NORMAL
,1791395501714.0,temperature,True,0.969,rear_center,24.9,OK,MONITORING,True,24.0,0.0,True,22.0,True,70.0,False,2026-10-07 17:51:41.714000+00:00,0.33999999999999986,0.0,2.8999999999999986,24.627999999999997,0.15205262246999668,20.39999999999999,2.8999999999999986,True,False,False,False,False,False,24.68,-0.21999999999999886,NORMAL,False,True,False,False,False,False,False,False,False,False,False,HIGH
,1791395503714.0,window_state,True,0.969,rear_center,24.9,OK,MONITORING,True,24.0,0.0,True,22.0,True,70.0,False,2026-10-07 17:51:43.714000+00:00,0.0,0.0,2.8999999999999986,24.695999999999998,0.18622566955176614,0.0,2.8999999999999986,True,False,False,False,False,False,24.68,-0.21999999999999886,NORMAL,False,False,False,False,False,False,False,False,False,False,False,NORMAL
,1791395504714.0,hvac_state,True,0.969,rear_center,24.9,OK,MONITORING,True,24.0,0.0,True,22.0,True,70.0,False,2026-10-07 17:51:44.714000+00:00,0.0,0.0,2.8999999999999986,24.764,0.18622566955176686,0.0,2.8999999999999986,True,False,False,False,False,False,24.68,-0.21999999999999886,NORMAL,False,False,False,False,False,False,False,False,False,False,False,NORMAL
,1791395505714.0,temperature,True,0.969,rear_center,25.12,OK,MONITORING,True,24.0,0.0,True,22.0,True,70.0,False,2026-10-07 17:51:45.714000+00:00,0.22000000000000242,0.0,3.120000000000001,24.875999999999998,0.20069877926884663,13.200000000000145,3.120000000000001,True,False,False,False,False,False,24.85,-0.2699999999999996,NORMAL,False,True,False,False,False,False,False,False,False,False,False,HIGH
,1791395507714.0,child_presence,True,0.972,rear_center,25.12,OK,MONITORING,True,24.0,0.0,True,22.0,True,70.0,False,2026-10-07 17:51:47.714000+00:00,0.0,0.0,3.120000000000001,24.988,0.1204989626511654,0.0,3.120000000000001,True,False,False,False,False,False,24.85,-0.2699999999999996,NORMAL,False,False,False,False,False,False,False,False,False,False,False,NORMAL
,1791395509714.0,window_state,True,0.972,rear_center,25.12,OK,MONITORING,True,24.0,0.0,True,22.0,True,70.0,False,2026-10-07 17:51:49.714000+00:00,0.0,0.0,3.120000000000001,25.032,0.12049896265116865,0.0,3.120000000000001,True,False,False,False,False,False,24.85,-0.2699999999999996,NORMAL,False,False,False,False,False,False,False,False,False,False,False,NORMAL
,1791395510714.0,hvac_state,True,0.972,rear_center,25.12,OK,MONITORING,True,24.0,0.0,True,22.0,True,70.0,False,2026-10-07 17:51:50.714000+00:00,0.0,0.0,3.120000000000001,25.076,0.09838699101003369,0.0,3.120000000000001,True,False,False,False,False,False,24.85,-0.2699999999999996,NORMAL,False,False,False,False,False,False,False,False,False,False,False,NORMAL
,1791395511714.0,temperature,True,0.972,rear_center,25.46,OK,MONITORING,True,24.0,0.0,True,22.0,True,70.0,False,2026-10-07 17:51:51.714000+00:00,0.33999999999999986,0.0,3.460000000000001,25.188,0.15205262247002052,20.39999999999999,3.460000000000001,True,False,False,False,False,False,25.1,-0.35999999999999943,NORMAL,False,True,False,False,False,False,False,False,False,False,False,HIGH
,1791395513714.0,window_state,True,0.972,rear_center,25.46,OK,MONITORING,True,24.0,0.0,True,22.0,True,70.0,False,2026-10-07 17:51:53.714000+00:00,0.0,0.0,3.460000000000001,25.256,0.18622566955178854,0.0,3.460000000000001,True,False,False,False,False,False,25.1,-0.35999999999999943,NORMAL,False,False,False,False,False,False,False,False,False,False,False,NORMAL
,1791395514714.0,hvac_state,True,0.972,rear_center,25.46,OK,MONITORING,True,24.0,0.0,True,22.0,True,70.0,False,2026-10-07 17:51:54.714000+00:00,0.0,0.0,3.460000000000001,25.324,0.18622566955179176,0.0,3.460000000000001,True,False,False,False,False,False,25.1,-0.35999999999999943,NORMAL,False,False,False,False,False,False,False,False,False,False,False,NORMAL
,1791395515714.0,temperature,True,0.972,rear_center,25.69,OK,MONITORING,True,24.0,0.0,True,22.0,True,70.0,False,2026-10-07 17:51:55.714000+00:00,0.23000000000000043,0.0,3.6900000000000013,25.438000000000002,0.20376457003123719,13.800000000000026,3.6900000000000013,True,False,False,False,False,False,25.27,-0.4200000000000017,NORMAL,False,True,False,False,False,False,False,False,False,False,False,HIGH
,1791395517714.0,child_presence,True,0.977,rear_center,25.69,OK,MONITORING,True,24.0,0.0,True,22.0,True,70.0,False,2026-10-07 17:51:57.714000+00:00,0.0,0.0,3.6900000000000013,25.552,0.12597618822625364,0.0,3.6900000000000013,True,False,False,False,False,False,25.27,-0.4200000000000017,NORMAL,False,False,False,False,False,False,False,False,False,False,False,NORMAL
,1791395519714.0,window_state,True,0.977,rear_center,25.69,OK,MONITORING,True,24.0,0.0,True,22.0,True,70.0,False,2026-10-07 17:51:59.714000+00:00,0.0,0.0,3.6900000000000013,25.598000000000003,0.12597618822625584,0.0,3.6900000000000013,True,False,False,False,False,False,25.27,-0.4200000000000017,NORMAL,False,False,False,False,False,False,False,False,False,False,False,NORMAL
,1791395520714.0,hvac_state,True,0.977,rear_center,25.69,OK,MONITORING,True,24.0,0.0,True,22.0,True,70.0,False,2026-10-07 17:52:00.714000+00:00,0.0,0.0,3.6900000000000013,25.644,0.10285912696507647,0.0,3.6900000000000013,True,False,False,False,False,False,25.27,-0.4200000000000017,NORMAL,False,False,False,False,False,False,False,False,False,False,False,NORMAL
,1791395521714.0,temperature,True,0.977,rear_center,26.02,OK,MONITORING,True,24.0,0.0,True,22.0,True,70.0,False,2026-10-07 17:52:01.714000+00:00,0.3299999999999983,0.0,4.02,25.756,0.1475804865150504,19.799999999999898,4.02,True,False,False,True,False,False,25.53,-0.48999999999999844,NORMAL,False,True,False,False,False,False,False,True,False,False,False,HIGH
,1791395523714.0,window_state,True,0.977,rear_center,26.02,OK,MONITORING,True,24.0,0.0,True,22.0,True,70.0,False,2026-10-07 17:52:03.714000+00:00,0.0,0.0,4.02,25.822000000000003,0.1807484439767594,0.0,4.02,True,False,False,True,False,False,25.53,-0.48999999999999844,NORMAL,False,False,False,False,False,False,False,True,False,False,False,WARNING
,1791395524714.0,hvac_state,True,0.977,rear_center,26.02,OK,MONITORING,True,24.0,0.0,True,22.0,True,70.0,False,2026-10-07 17:52:04.714000+00:00,0.0,0.0,4.02,25.887999999999998,0.1807484439767619,0.0,4.02,True,False,False,True,False,False,25.53,-0.48999999999999844,NORMAL,False,False,False,False,False,False,False,True,False,False,False,WARNING
,1791395525714.0,temperature,True,0.977,rear_center,26.25,OK,MONITORING,True,24.0,0.0,True,22.0,True,70.0,False,2026-10-07 17:52:05.714000+00:00,0.23000000000000043,0.0,4.25,26.0,0.19987496091312307,13.800000000000026,4.25,True,False,False,True,False,False,25.69,-0.5599999999999987,NORMAL,False,True,False,False,False,False,False,True,False,False,False,HIGH
,1791395527714.0,child_presence,True,0.97,rear_center,26.25,OK,MONITORING,True,24.0,0.0,True,22.0,True,70.0,False,2026-10-07 17:52:07.714000+00:00,0.0,0.0,4.25,26.112000000000002,0.125976188226287,0.0,4.25,True,False,False,True,False,False,25.69,-0.5599999999999987,NORMAL,False,False,False,False,False,False,False,True,False,False,False,WARNING
,1791395529714.0,window_state,True,0.97,rear_center,26.25,OK,MONITORING,True,24.0,0.0,True,22.0,True,70.0,False,2026-10-07 17:52:09.714000+00:00,0.0,0.0,4.25,26.157999999999998,0.12597618822629025,0.0,4.25,True,False,False,True,False,False,25.69,-0.5599999999999987,NORMAL,False,False,False,False,False,False,False,True,False,False,False,WARNING
,1791395530714.0,hvac_state,True,0.97,rear_center,26.25,OK,MONITORING,True,24.0,0.0,True,22.0,True,70.0,False,2026-10-07 17:52:10.714000+00:00,0.0,0.0,4.25,26.204,0.10285912696511863,0.0,4.25,True,False,False,True,False,False,25.69,-0.5599999999999987,NORMAL,False,False,False,False,False,False,False,True,False,False,False,WARNING
,1791395531714.0,temperature,True,0.97,rear_center,26.58,OK,MONITORING,True,24.0,0.0,True,22.0,True,70.0,False,2026-10-07 17:52:11.714000+00:00,0.3299999999999983,0.0,4.579999999999998,26.316000000000003,0.1475804865150798,19.799999999999898,4.579999999999998,True,False,False,True,False,False,25.95,-0.629999999999999,NORMAL,False,True,False,False,False,False,False,True,False,False,False,HIGH
,1791395533714.0,window_state,True,0.97,rear_center,26.58,OK,MONITORING,True,24.0,0.0,True,22.0,True,70.0,False,2026-10-07 17:52:13.714000+00:00,0.0,0.0,4.579999999999998,26.381999999999998,0.18074844397678214,0.0,4.579999999999998,True,False,False,True,False,False,25.95,-0.629999999999999,NORMAL,False,False,False,False,False,False,False,True,False,False,False,WARNING
,1791395534714.0,hvac_state,True,0.97,rear_center,26.58,OK,MONITORING,True,24.0,0.0,True,22.0,True,70.0,False,2026-10-07 17:52:14.714000+00:00,0.0,0.0,4.579999999999998,26.448,0.18074844397678214,0.0,4.579999999999998,True,False,False,True,False,False,25.95,-0.629999999999999,NORMAL,False,False,False,False,False,False,False,True,False,False,False,WARNING
,1791395535714.0,temperature,True,0.97,rear_center,26.81,OK,MONITORING,True,24.0,0.0,True,22.0,True,70.0,False,2026-10-07 17:52:15.714000+00:00,0.23000000000000043,0.0,4.809999999999999,26.560000000000002,0.19987496091313517,13.800000000000026,4.809999999999999,True,False,False,True,False,False,26.12,-0.6899999999999977,NORMAL,False,True,False,False,False,False,False,True,False,False,False,HIGH
,1791395537714.0,child_presence,True,0.973,rear_center,26.81,OK,MONITORING,True,24.0,0.0,True,22.0,True,70.0,False,2026-10-07 17:52:17.714000+00:00,0.0,0.0,4.809999999999999,26.671999999999997,0.12597618822629397,0.0,4.809999999999999,True,False,False,True,False,False,26.12,-0.6899999999999977,NORMAL,False,False,False,False,False,False,False,True,False,False,False,WARNING
,1791395539714.0,window_state,True,0.973,rear_center,26.81,OK,MONITORING,True,24.0,0.0,True,22.0,True,70.0,False,2026-10-07 17:52:19.714000+00:00,0.0,0.0,4.809999999999999,26.718,0.12597618822629325,0.0,4.809999999999999,True,False,False,True,False,False,26.12,-0.6899999999999977,NORMAL,False,False,False,False,False,False,False,True,False,False,False,WARNING
,1791395540714.0,hvac_state,True,0.973,rear_center,26.81,OK,MONITORING,True,24.0,0.0,True,22.0,True,70.0,False,2026-10-07 17:52:20.714000+00:00,0.0,0.0,4.809999999999999,26.764,0.10285912696511793,0.0,4.809999999999999,True,False,False,True,False,False,26.12,-0.6899999999999977,NORMAL,False,False,False,False,False,False,False,True,False,False,False,WARNING
,1791395541714.0,temperature,True,0.973,rear_center,27.15,OK,MONITORING,True,24.0,0.0,True,22.0,True,70.0,False,2026-10-07 17:52:21.714000+00:00,0.33999999999999986,0.0,5.149999999999999,26.877999999999997,0.15205262247007129,20.39999999999999,5.149999999999999,True,False,False,True,False,False,26.37,-0.7799999999999976,NORMAL,False,True,False,False,False,False,False,True,False,False,False,HIGH
,1791395543714.0,window_state,True,0.973,rear_center,27.15,OK,MONITORING,True,24.0,0.0,True,22.0,True,70.0,False,2026-10-07 17:52:23.714000+00:00,0.0,0.0,5.149999999999999,26.945999999999998,0.1862256695518262,0.0,5.149999999999999,True,False,False,True,False,False,26.37,-0.7799999999999976,NORMAL,False,False,False,False,False,False,False,True,False,False,False,WARNING
,1791395544714.0,hvac_state,True,0.973,rear_center,27.15,OK,MONITORING,True,24.0,0.0,True,22.0,True,70.0,False,2026-10-07 17:52:24.714000+00:00,0.0,0.0,5.149999999999999,27.014,0.18622566955182696,0.0,5.149999999999999,True,False,False,True,False,False,26.37,-0.7799999999999976,NORMAL,False,False,False,False,False,False,False,True,False,False,False,WARNING
,1791395545714.0,temperature,True,0.973,rear_center,27.37,OK,MONITORING,True,24.0,0.0,True,22.0,True,70.0,False,2026-10-07 17:52:25.714000+00:00,0.22000000000000242,0.0,5.370000000000001,27.125999999999998,0.2006987792689024,13.200000000000145,5.370000000000001,True,False,False,True,False,False,24.0,-3.370000000000001,DROP,False,True,False,False,False,True,False,True,False,False,False,HIGH
,1791395547714.0,child_presence,True,0.96,rear_center,27.37,OK,MONITORING,True,24.0,0.0,True,22.0,True,70.0,False,2026-10-07 17:52:27.714000+00:00,0.0,0.0,5.370000000000001,27.238,0.12049896265125826,0.0,5.370000000000001,True,False,False,True,False,False,24.0,-3.370000000000001,DROP,False,False,False,False,False,True,False,True,False,False,False,HIGH
,1791395549714.0,window_state,True,0.96,rear_center,27.37,OK,MONITORING,True,24.0,0.0,True,22.0,True,70.0,False,2026-10-07 17:52:29.714000+00:00,0.0,0.0,5.370000000000001,27.282,0.1204989626512615,0.0,5.370000000000001,True,False,False,True,False,False,24.0,-3.370000000000001,DROP,False,False,False,False,False,True,False,True,False,False,False,HIGH
,1791395550714.0,hvac_state,True,0.96,rear_center,27.37,OK,MONITORING,True,24.0,0.0,True,22.0,True,70.0,False,2026-10-07 17:52:30.714000+00:00,0.0,0.0,5.370000000000001,27.326,0.09838699101014742,0.0,5.370000000000001,True,False,False,True,False,False,24.0,-3.370000000000001,DROP,False,False,False,False,False,True,False,True,False,False,False,HIGH
,1791395551714.0,temperature,True,0.96,rear_center,27.71,OK,MONITORING,True,24.0,0.0,True,22.0,True,70.0,False,2026-10-07 17:52:31.714000+00:00,0.33999999999999986,0.0,5.710000000000001,27.438,0.1520526224700941,20.39999999999999,5.710000000000001,True,False,False,True,False,False,24.4,-3.3100000000000023,DROP,False,True,False,False,False,True,False,True,False,False,False,HIGH
,1791395553714.0,window_state,True,0.96,rear_center,27.71,OK,MONITORING,True,24.0,0.0,True,22.0,True,70.0,False,2026-10-07 17:52:33.714000+00:00,0.0,0.0,5.710000000000001,27.506,0.1862256695518486,0.0,5.710000000000001,True,False,False,True,False,False,24.4,-3.3100000000000023,DROP,False,False,False,False,False,True,False,True,False,False,False,HIGH
,1791395554714.0,hvac_state,True,0.96,rear_center,27.71,OK,MONITORING,True,24.0,0.0,True,22.0,True,70.0,False,2026-10-07 17:52:34.714000+00:00,0.0,0.0,5.710000000000001,27.574,0.18622566955185185,0.0,5.710000000000001,True,False,False,True,False,False,24.4,-3.3100000000000023,DROP,False,False,False,False,False,True,False,True,False,False,False,HIGH
,1791395555714.0,temperature,True,0.96,rear_center,27.93,OK,MONITORING,True,24.0,0.0,True,22.0,True,70.0,False,2026-10-07 17:52:35.714000+00:00,0.21999999999999886,0.0,5.93,27.686,0.20069877926892654,13.199999999999932,5.93,True,False,False,True,False,False,24.67,-3.259999999999998,DROP,False,True,False,False,False,True,False,True,False,False,False,HIGH
,1791395557714.0,child_presence,True,0.97,rear_center,27.93,OK,MONITORING,True,24.0,0.0,True,22.0,True,70.0,False,2026-10-07 17:52:37.714000+00:00,0.0,0.0,5.93,27.798000000000002,0.12049896265130107,0.0,5.93,True,False,False,True,False,False,24.67,-3.259999999999998,DROP,False,False,False,False,False,True,False,True,False,False,False,HIGH
,1791395559714.0,window_state,True,0.97,rear_center,27.93,OK,MONITORING,True,24.0,0.0,True,22.0,True,70.0,False,2026-10-07 17:52:39.714000+00:00,0.0,0.0,5.93,27.842000000000002,0.12049896265130504,0.0,5.93,True,False,False,True,False,False,24.67,-3.259999999999998,DROP,False,False,False,False,False,True,False,True,False,False,False,HIGH
,1791395560714.0,hvac_state,True,0.97,rear_center,27.93,OK,MONITORING,True,24.0,0.0,True,22.0,True,70.0,False,2026-10-07 17:52:40.714000+00:00,0.0,0.0,5.93,27.886000000000003,0.09838699101020208,0.0,5.93,True,False,False,True,False,False,24.67,-3.259999999999998,DROP,False,False,False,False,False,True,False,True,False,False,False,HIGH
,1791395561714.0,temperature,True,0.97,rear_center,28.27,OK,MONITORING,True,24.0,0.0,True,22.0,True,70.0,False,2026-10-07 17:52:41.714000+00:00,0.33999999999999986,0.0,6.27,27.998,0.15205262247013063,20.39999999999999,6.27,True,False,False,True,True,False,25.07,-3.1999999999999993,DROP,False,True,False,False,False,True,False,True,True,False,False,CRITICAL
,1791395563714.0,window_state,True,0.97,rear_center,28.27,OK,MONITORING,True,24.0,0.0,True,22.0,True,70.0,False,2026-10-07 17:52:43.714000+00:00,0.0,0.0,6.27,28.065999999999995,0.1862256695518797,0.0,6.27,True,False,False,True,True,False,25.07,-3.1999999999999993,DROP,False,False,False,False,False,True,False,True,True,False,False,CRITICAL
,1791395564714.0,hvac_state,True,0.97,rear_center,28.27,OK,MONITORING,True,24.0,0.0,True,22.0,True,70.0,False,2026-10-07 17:52:44.714000+00:00,0.0,0.0,6.27,28.134000000000004,0.1862256695518844,0.0,6.27,True,False,False,True,True,False,25.07,-3.1999999999999993,DROP,False,False,False,False,False,True,False,True,True,False,False,CRITICAL
,1791395565714.0,temperature,True,0.97,rear_center,28.49,OK,MONITORING,True,24.0,0.0,True,22.0,True,70.0,False,2026-10-07 17:52:45.714000+00:00,0.21999999999999886,0.0,6.489999999999998,28.246,0.20069877926895827,13.199999999999932,6.489999999999998,True,False,False,True,True,False,25.33,-3.16,DROP,False,True,False,False,False,True,False,True,True,False,False,CRITICAL
,1791395567714.0,child_presence,True,0.966,rear_center,28.49,OK,MONITORING,True,24.0,0.0,True,22.0,True,70.0,False,2026-10-07 17:52:47.714000+00:00,0.0,0.0,6.489999999999998,28.357999999999997,0.12049896265135393,0.0,6.489999999999998,True,False,False,True,True,False,25.33,-3.16,DROP,False,False,False,False,False,True,False,True,True,False,False,CRITICAL
,1791395569714.0,window_state,True,0.966,rear_center,28.49,OK,MONITORING,True,24.0,0.0,True,22.0,True,70.0,False,2026-10-07 17:52:49.714000+00:00,0.0,0.0,6.489999999999998,28.401999999999997,0.12049896265135791,0.0,6.489999999999998,True,False,False,True,True,False,25.33,-3.16,DROP,False,False,False,False,False,True,False,True,True,False,False,CRITICAL
,1791395570714.0,hvac_state,True,0.966,rear_center,28.49,OK,MONITORING,True,24.0,0.0,True,22.0,True,70.0,False,2026-10-07 17:52:50.714000+00:00,0.0,0.0,6.489999999999998,28.445999999999998,0.09838699101026682,0.0,6.489999999999998,True,False,False,True,True,False,25.33,-3.16,DROP,False,False,False,False,False,True,False,True,True,False,False,CRITICAL
,1791395571714.0,temperature,True,0.966,rear_center,28.83,OK,MONITORING,True,24.0,0.0,True,22.0,True,70.0,False,2026-10-07 17:52:51.714000+00:00,0.33999999999999986,0.0,6.829999999999998,28.558,0.1520526224701725,20.39999999999999,6.829999999999998,True,False,False,True,True,False,25.73,-3.099999999999998,DROP,False,True,False,False,False,True,False,True,True,False,False,CRITICAL
,1791395573714.0,window_state,True,0.966,rear_center,28.83,OK,MONITORING,True,24.0,0.0,True,22.0,True,70.0,False,2026-10-07 17:52:53.714000+00:00,0.0,0.0,6.829999999999998,28.625999999999998,0.18622566955191264,0.0,6.829999999999998,True,False,False,True,True,False,25.73,-3.099999999999998,DROP,False,False,False,False,False,True,False,True,True,False,False,CRITICAL
,1791395574714.0,hvac_state,True,0.966,rear_center,28.83,OK,MONITORING,True,24.0,0.0,True,22.0,True,70.0,False,2026-10-07 17:52:54.714000+00:00,0.0,0.0,6.829999999999998,28.693999999999996,0.18622566955191588,0.0,6.829999999999998,True,False,False,True,True,False,25.73,-3.099999999999998,DROP,False,False,False,False,False,True,False,True,True,False,False,CRITICAL
,1791395575714.0,temperature,True,0.966,rear_center,24.0,OK,MONITORING,True,24.0,0.0,True,22.0,True,70.0,False,2026-10-07 17:52:55.714000+00:00,-4.829999999999998,0.0,2.0,27.796,2.127129521209285,-289.7999999999999,2.0,True,False,False,False,False,False,26.0,2.0,SPIKE,False,False,False,False,True,False,True,False,False,False,False,HIGH
,1791395577714.0,child_presence,True,0.964,rear_center,24.0,OK,MONITORING,True,24.0,0.0,True,22.0,True,70.0,False,2026-10-07 17:52:57.714000+00:00,0.0,0.0,2.0,26.898000000000003,2.645499952749957,0.0,2.0,True,False,False,False,False,False,26.0,2.0,SPIKE,False,False,False,False,True,False,True,False,False,False,False,HIGH
,1791395579714.0,window_state,True,0.964,rear_center,24.0,OK,MONITORING,True,24.0,0.0,True,22.0,True,70.0,False,2026-10-07 17:52:59.714000+00:00,0.0,0.0,2.0,25.932,2.645499952749955,0.0,2.0,True,False,False,False,False,False,26.0,2.0,SPIKE,False,False,False,False,True,False,True,False,False,False,False,HIGH
,1791395580714.0,hvac_state,True,0.964,rear_center,24.0,OK,MONITORING,True,24.0,0.0,True,22.0,False,0.0,False,2026-10-07 17:53:00.714000+00:00,0.0,0.0,2.0,24.966,2.1600416662647985,0.0,2.0,False,False,False,False,False,False,26.0,2.0,SPIKE,False,False,False,False,True,False,True,False,False,False,False,HIGH
,1791395581714.0,temperature,True,0.964,rear_center,24.24,OK,MONITORING,True,24.0,0.0,True,22.0,False,0.0,False,2026-10-07 17:53:01.714000+00:00,0.23999999999999844,0.0,2.2399999999999984,24.048,0.1073312629199896,14.399999999999906,2.2399999999999984,False,False,False,False,False,False,26.4,2.16,SPIKE,True,False,False,False,True,False,False,False,False,False,False,HIGH
,1791395583714.0,window_state,True,0.964,rear_center,24.24,OK,MONITORING,True,24.0,0.0,True,22.0,False,0.0,False,2026-10-07 17:53:03.714000+00:00,0.0,0.0,2.2399999999999984,24.095999999999997,0.13145341380123945,0.0,2.2399999999999984,False,False,False,False,False,False,26.4,2.16,SPIKE,True,False,False,False,True,False,False,False,False,False,False,HIGH
,1791395584714.0,hvac_state,True,0.964,rear_center,24.24,OK,MONITORING,True,24.0,0.0,True,22.0,False,0.0,False,2026-10-07 17:53:04.714000+00:00,0.0,0.0,2.2399999999999984,24.144,0.13145341380123873,0.0,2.2399999999999984,False,False,False,False,False,False,26.4,2.16,SPIKE,True,False,False,False,True,False,False,False,False,False,False,HIGH
,1791395585714.0,temperature,True,0.964,rear_center,24.4,OK,MONITORING,True,24.0,0.0,True,22.0,False,0.0,False,2026-10-07 17:53:05.714000+00:00,0.16000000000000014,0.0,2.3999999999999986,24.223999999999997,0.14310835055998308,9.600000000000009,2.3999999999999986,False,False,False,False,False,False,26.67,2.270000000000003,SPIKE,True,False,False,False,True,False,False,False,False,False,False,HIGH
,1791395587714.0,child_presence,True,0.966,rear_center,24.4,OK,MONITORING,True,24.0,0.0,True,22.0,False,0.0,False,2026-10-07 17:53:07.714000+00:00,0.0,0.0,2.3999999999999986,24.304,0.0876356092008165,0.0,2.3999999999999986,False,False,False,False,False,False,26.67,2.270000000000003,SPIKE,True,False,False,False,True,False,False,False,False,False,False,HIGH
,1791395589714.0,window_state,True,0.966,rear_center,24.4,OK,MONITORING,True,24.0,0.0,True,22.0,False,0.0,False,2026-10-07 17:53:09.714000+00:00,0.0,0.0,2.3999999999999986,24.336,0.08763560920081472,0.0,2.3999999999999986,False,False,False,False,False,False,26.67,2.270000000000003,SPIKE,True,False,False,False,True,False,False,False,False,False,False,HIGH
,1791395590714.0,hvac_state,True,0.966,rear_center,24.4,OK,MONITORING,True,24.0,0.0,True,22.0,False,0.0,False,2026-10-07 17:53:10.714000+00:00,0.0,0.0,2.3999999999999986,24.368000000000002,0.07155417527997673,0.0,2.3999999999999986,False,False,False,False,False,False,26.67,2.270000000000003,SPIKE,True,False,False,False,True,False,False,False,False,False,False,HIGH
,1791395591714.0,temperature,True,0.966,rear_center,24.65,OK,MONITORING,True,24.0,0.0,True,22.0,False,0.0,False,2026-10-07 17:53:11.714000+00:00,0.25,0.0,2.6499999999999986,24.449999999999996,0.11180339887498929,15.0,2.6499999999999986,False,False,False,False,False,False,27.07,2.4200000000000017,SPIKE,True,False,False,False,True,False,False,False,False,False,False,HIGH
,1791395593714.0,window_state,True,0.966,rear_center,24.65,OK,MONITORING,True,24.0,0.0,True,22.0,False,0.0,False,2026-10-07 17:53:13.714000+00:00,0.0,0.0,2.6499999999999986,24.5,0.13693063937629107,0.0,2.6499999999999986,False,False,False,False,False,False,27.07,2.4200000000000017,SPIKE,True,False,False,False,True,False,False,False,False,False,False,HIGH
,1791395594714.0,hvac_state,True,0.966,rear_center,24.65,OK,MONITORING,True,24.0,0.0,True,22.0,False,0.0,False,2026-10-07 17:53:14.714000+00:00,0.0,0.0,2.6499999999999986,24.549999999999997,0.13693063937629107,0.0,2.6499999999999986,False,False,False,False,False,False,27.07,2.4200000000000017,SPIKE,True,False,False,False,True,False,False,False,False,False,False,HIGH
,1791395595714.0,temperature,True,0.966,rear_center,24.81,OK,MONITORING,True,24.0,0.0,True,22.0,False,0.0,False,2026-10-07 17:53:15.714000+00:00,0.16000000000000014,0.0,2.8099999999999987,24.631999999999998,0.1470374102057024,9.600000000000009,2.8099999999999987,False,False,False,False,False,False,27.33,2.5199999999999996,SPIKE,True,False,False,False,True,False,False,False,False,False,False,HIGH
,1791395597714.0,child_presence,True,0.968,rear_center,24.81,OK,MONITORING,True,24.0,0.0,True,22.0,False,0.0,False,2026-10-07 17:53:17.714000+00:00,0.0,0.0,2.8099999999999987,24.714,0.08763560920082727,0.0,2.8099999999999987,False,False,False,False,False,False,27.33,2.5199999999999996,SPIKE,True,False,False,False,True,False,False,False,False,False,False,HIGH
,1791395599714.0,window_state,True,0.968,rear_center,24.81,OK,MONITORING,True,24.0,0.0,True,22.0,False,0.0,False,2026-10-07 17:53:19.714000+00:00,0.0,0.0,2.8099999999999987,24.746,0.08763560920082761,0.0,2.8099999999999987,False,False,False,False,False,False,27.33,2.5199999999999996,SPIKE,True,False,False,False,True,False,False,False,False,False,False,HIGH
,1791395600714.0,hvac_state,True,0.968,rear_center,24.81,OK,MONITORING,True,24.0,0.0,True,22.0,False,0.0,False,2026-10-07 17:53:20.714000+00:00,0.0,0.0,2.8099999999999987,24.778,0.07155417527999429,0.0,2.8099999999999987,False,False,False,False,False,False,27.33,2.5199999999999996,SPIKE,True,False,False,False,True,False,False,False,False,False,False,HIGH
,1791395601714.0,temperature,True,0.968,rear_center,25.05,OK,MONITORING,True,24.0,0.0,True,22.0,False,0.0,False,2026-10-07 17:53:21.714000+00:00,0.240000000000002,0.0,3.0500000000000007,24.857999999999997,0.1073312629199904,14.40000000000012,3.0500000000000007,False,False,False,False,False,False,27.73,2.6799999999999997,SPIKE,True,False,False,False,True,False,False,False,False,False,False,HIGH
,1791395603714.0,window_state,True,0.968,rear_center,25.05,OK,MONITORING,True,24.0,0.0,True,22.0,False,0.0,False,2026-10-07 17:53:23.714000+00:00,0.0,0.0,3.0500000000000007,24.906,0.13145341380123976,0.0,3.0500000000000007,False,False,False,False,False,False,27.73,2.6799999999999997,SPIKE,True,False,False,False,True,False,False,False,False,False,False,HIGH
,1791395604714.0,hvac_state,True,0.968,rear_center,25.05,OK,MONITORING,True,24.0,0.0,True,22.0,False,0.0,False,2026-10-07 17:53:24.714000+00:00,0.0,0.0,3.0500000000000007,24.954,0.1314534138012383,0.0,3.0500000000000007,False,False,False,False,False,False,27.73,2.6799999999999997,SPIKE,True,False,False,False,True,False,False,False,False,False,False,HIGH
,1791395605714.0,temperature,True,0.968,rear_center,25.21,OK,MONITORING,True,24.0,0.0,True,22.0,False,0.0,False,2026-10-07 17:53:25.714000+00:00,0.16000000000000014,0.0,3.210000000000001,25.034000000000002,0.14310835055998167,9.600000000000009,3.210000000000001,False,False,False,False,False,False,28.0,2.789999999999999,SPIKE,True,False,False,False,True,False,False,False,False,False,False,HIGH
,1791395607714.0,child_presence,True,0.975,rear_center,25.21,OK,MONITORING,True,24.0,0.0,True,22.0,False,0.0,False,2026-10-07 17:53:27.714000+00:00,0.0,0.0,3.210000000000001,25.114,0.08763560920081165,0.0,3.210000000000001,False,False,False,False,False,False,28.0,2.789999999999999,SPIKE,True,False,False,False,True,False,False,False,False,False,False,HIGH
,1791395609714.0,window_state,True,0.975,rear_center,25.21,OK,MONITORING,True,24.0,0.0,True,22.0,False,0.0,False,2026-10-07 17:53:29.714000+00:00,0.0,0.0,3.210000000000001,25.146000000000004,0.08763560920080987,0.0,3.210000000000001,False,False,False,False,False,False,28.0,2.789999999999999,SPIKE,True,False,False,False,True,False,False,False,False,False,False,HIGH
,1791395610714.0,hvac_state,True,0.975,rear_center,25.21,OK,MONITORING,True,24.0,0.0,True,22.0,False,0.0,False,2026-10-07 17:53:30.714000+00:00,0.0,0.0,3.210000000000001,25.178,0.0715541752799708,0.0,3.210000000000001,False,False,False,False,False,False,28.0,2.789999999999999,SPIKE,True,False,False,False,True,False,False,False,False,False,False,HIGH
,1791395611714.0,temperature,True,0.975,rear_center,25.45,OK,MONITORING,True,24.0,0.0,True,22.0,False,0.0,False,2026-10-07 17:53:31.714000+00:00,0.23999999999999844,0.0,3.4499999999999993,25.258000000000003,0.1073312629199896,14.399999999999906,3.4499999999999993,False,False,False,False,False,False,28.4,2.9499999999999993,SPIKE,True,False,False,False,True,False,False,False,False,False,False,HIGH
,1791395613714.0,window_state,True,0.975,rear_center,25.45,OK,MONITORING,True,24.0,0.0,True,22.0,False,0.0,False,2026-10-07 17:53:33.714000+00:00,0.0,0.0,3.4499999999999993,25.306,0.13145341380123945,0.0,3.4499999999999993,False,False,False,False,False,False,28.4,2.9499999999999993,SPIKE,True,False,False,False,True,False,False,False,False,False,False,HIGH
,1791395614714.0,hvac_state,True,0.975,rear_center,25.45,OK,MONITORING,True,24.0,0.0,True,22.0,False,0.0,False,2026-10-07 17:53:34.714000+00:00,0.0,0.0,3.4499999999999993,25.354,0.13145341380123873,0.0,3.4499999999999993,False,False,False,False,False,False,28.4,2.9499999999999993,SPIKE,True,False,False,False,True,False,False,False,False,False,False,HIGH
,1791395615714.0,temperature,True,0.975,rear_center,25.62,OK,MONITORING,True,24.0,0.0,True,22.0,False,0.0,False,2026-10-07 17:53:35.714000+00:00,0.1700000000000017,0.0,3.620000000000001,25.436,0.14621901381147123,10.200000000000102,3.620000000000001,False,False,False,False,False,False,28.67,3.0500000000000007,SPIKE,True,False,False,False,True,False,False,False,False,False,False,HIGH
,1791395617714.0,child_presence,True,0.963,rear_center,25.62,OK,MONITORING,True,24.0,0.0,True,22.0,False,0.0,False,2026-10-07 17:53:37.714000+00:00,0.0,0.0,3.620000000000001,25.518,0.0931128347758714,0.0,3.620000000000001,False,False,False,False,False,False,28.67,3.0500000000000007,SPIKE,True,False,False,False,True,False,False,False,False,False,False,HIGH
,1791395619714.0,window_state,True,0.963,rear_center,25.62,OK,MONITORING,True,24.0,0.0,True,22.0,False,0.0,False,2026-10-07 17:53:39.714000+00:00,0.0,0.0,3.620000000000001,25.552,0.09311283477586996,0.0,3.620000000000001,False,False,False,False,False,False,28.67,3.0500000000000007,SPIKE,True,False,False,False,True,False,False,False,False,False,False,HIGH
,1791395620714.0,hvac_state,True,0.963,rear_center,25.62,OK,MONITORING,True,24.0,0.0,True,22.0,False,0.0,False,2026-10-07 17:53:40.714000+00:00,0.0,0.0,3.620000000000001,25.586000000000002,0.07602631123498084,0.0,3.620000000000001,False,False,False,False,False,False,28.67,3.0500000000000007,SPIKE,True,False,False,False,True,False,False,False,False,False,False,HIGH
,1791395621714.0,temperature,True,0.963,rear_center,25.86,OK,MONITORING,True,24.0,0.0,True,22.0,False,0.0,False,2026-10-07 17:53:41.714000+00:00,0.23999999999999844,0.0,3.8599999999999994,25.668,0.1073312629199896,14.399999999999906,3.8599999999999994,False,False,False,False,False,False,29.07,3.210000000000001,SPIKE,True,False,False,False,True,False,False,False,False,False,False,HIGH
,1791395623714.0,window_state,True,0.963,rear_center,25.86,OK,MONITORING,True,24.0,0.0,True,22.0,False,0.0,False,2026-10-07 17:53:43.714000+00:00,0.0,0.0,3.8599999999999994,25.716,0.13145341380123945,0.0,3.8599999999999994,False,False,False,False,False,False,29.07,3.210000000000001,SPIKE,True,False,False,False,True,False,False,False,False,False,False,HIGH
,1791395624714.0,hvac_state,True,0.963,rear_center,25.86,OK,MONITORING,True,24.0,0.0,True,22.0,False,0.0,False,2026-10-07 17:53:44.714000+00:00,0.0,0.0,3.8599999999999994,25.764,0.13145341380123873,0.0,3.8599999999999994,False,False,False,False,False,False,29.07,3.210000000000001,SPIKE,True,False,False,False,True,False,False,False,False,False,False,HIGH
,1791395625714.0,temperature,True,0.963,rear_center,26.02,OK,MONITORING,True,24.0,0.0,True,22.0,False,0.0,False,2026-10-07 17:53:45.714000+00:00,0.16000000000000014,0.0,4.02,25.844,0.14310835055998308,9.600000000000009,4.02,False,False,False,True,False,False,29.33,3.3099999999999987,SPIKE,True,False,False,False,True,False,False,True,False,False,True,CRITICAL
,1791395627714.0,child_presence,True,0.97,rear_center,26.02,OK,MONITORING,True,24.0,0.0,True,22.0,False,0.0,False,2026-10-07 17:53:47.714000+00:00,0.0,0.0,4.02,25.924,0.0876356092008165,0.0,4.02,False,False,False,True,False,False,29.33,3.3099999999999987,SPIKE,True,False,False,False,True,False,False,True,False,False,True,CRITICAL
,1791395629714.0,window_state,True,0.97,rear_center,26.02,OK,MONITORING,True,24.0,0.0,True,22.0,False,0.0,False,2026-10-07 17:53:49.714000+00:00,0.0,0.0,4.02,25.956,0.08763560920081472,0.0,4.02,False,False,False,True,False,False,29.33,3.3099999999999987,SPIKE,True,False,False,False,True,False,False,True,False,False,True,CRITICAL
,1791395630714.0,hvac_state,True,0.97,rear_center,26.02,OK,MONITORING,True,24.0,0.0,True,22.0,False,0.0,False,2026-10-07 17:53:50.714000+00:00,0.0,0.0,4.02,25.988,0.07155417527997673,0.0,4.02,False,False,False,True,False,False,29.33,3.3099999999999987,SPIKE,True,False,False,False,True,False,False,True,False,False,True,CRITICAL
,1791395631714.0,temperature,True,0.97,rear_center,26.26,OK,MONITORING,True,24.0,0.0,True,22.0,False,0.0,False,2026-10-07 17:53:51.714000+00:00,0.240000000000002,0.0,4.260000000000002,26.068,0.1073312629199904,14.40000000000012,4.260000000000002,False,False,False,True,False,False,29.73,3.469999999999999,SPIKE,True,False,False,False,True,False,False,True,False,False,True,CRITICAL
,1791395633714.0,window_state,True,0.97,rear_center,26.26,OK,MONITORING,True,24.0,0.0,True,22.0,False,0.0,False,2026-10-07 17:53:53.714000+00:00,0.0,0.0,4.260000000000002,26.115999999999996,0.13145341380123976,0.0,4.260000000000002,False,False,False,True,False,False,29.73,3.469999999999999,SPIKE,True,False,False,False,True,False,False,True,False,False,True,CRITICAL
,1791395634714.0,hvac_state,True,0.97,rear_center,26.26,OK,MONITORING,True,24.0,0.0,True,22.0,False,0.0,False,2026-10-07 17:53:54.714000+00:00,0.0,0.0,4.260000000000002,26.163999999999998,0.1314534138012383,0.0,4.260000000000002,False,False,False,True,False,False,29.73,3.469999999999999,SPIKE,True,False,False,False,True,False,False,True,False,False,True,CRITICAL
,1791395635714.0,temperature,True,0.97,rear_center,26.42,OK,MONITORING,True,24.0,0.0,True,22.0,False,0.0,False,2026-10-07 17:53:55.714000+00:00,0.16000000000000014,0.0,4.420000000000002,26.244,0.14310835055998167,9.600000000000009,4.420000000000002,False,False,False,True,False,False,30.0,3.5799999999999983,SPIKE,True,False,False,False,True,False,False,True,False,False,True,CRITICAL
,1791395637714.0,child_presence,True,0.968,rear_center,26.42,OK,MONITORING,True,24.0,0.0,True,22.0,False,0.0,False,2026-10-07 17:53:57.714000+00:00,0.0,0.0,4.420000000000002,26.324,0.08763560920081165,0.0,4.420000000000002,False,False,False,True,False,False,30.0,3.5799999999999983,SPIKE,True,False,False,False,True,False,False,True,False,False,True,CRITICAL
,1791395639714.0,window_state,True,0.968,rear_center,26.42,OK,MONITORING,True,24.0,0.0,True,22.0,False,0.0,False,2026-10-07 17:53:59.714000+00:00,0.0,0.0,4.420000000000002,26.356,0.08763560920080987,0.0,4.420000000000002,False,False,False,True,False,False,30.0,3.5799999999999983,SPIKE,True,False,False,False,True,False,False,True,False,False,True,CRITICAL
,1791395640714.0,hvac_state,True,0.968,rear_center,26.42,OK,MONITORING,True,24.0,0.0,True,22.0,False,0.0,False,2026-10-07 17:54:00.714000+00:00,0.0,0.0,4.420000000000002,26.387999999999998,0.0715541752799708,0.0,4.420000000000002,False,False,False,True,False,False,30.0,3.5799999999999983,SPIKE,True,False,False,False,True,False,False,True,False,False,True,CRITICAL
,1791395641714.0,temperature,True,0.968,rear_center,26.67,OK,MONITORING,True,24.0,0.0,True,22.0,False,0.0,False,2026-10-07 17:54:01.714000+00:00,0.25,0.0,4.670000000000002,26.470000000000006,0.11180339887498929,15.0,4.670000000000002,False,False,False,True,False,False,30.4,3.729999999999997,SPIKE,True,False,False,False,True,False,False,True,False,False,True,CRITICAL
,1791395643714.0,window_state,True,0.968,rear_center,26.67,OK,MONITORING,True,24.0,0.0,True,22.0,False,0.0,False,2026-10-07 17:54:03.714000+00:00,0.0,0.0,4.670000000000002,26.52,0.13693063937629107,0.0,4.670000000000002,False,False,False,True,False,False,30.4,3.729999999999997,SPIKE,True,False,False,False,True,False,False,True,False,False,True,CRITICAL
,1791395644714.0,hvac_state,True,0.968,rear_center,26.67,OK,MONITORING,True,24.0,0.0,True,22.0,False,0.0,False,2026-10-07 17:54:04.714000+00:00,0.0,0.0,4.670000000000002,26.570000000000004,0.13693063937629107,0.0,4.670000000000002,False,False,False,True,False,False,30.4,3.729999999999997,SPIKE,True,False,False,False,True,False,False,True,False,False,True,CRITICAL
,1791395645714.0,temperature,True,0.968,rear_center,26.83,OK,MONITORING,True,24.0,0.0,True,22.0,False,0.0,False,2026-10-07 17:54:05.714000+00:00,0.1599999999999966,0.0,4.829999999999998,26.651999999999997,0.14703741020570119,9.599999999999795,4.829999999999998,False,False,False,True,False,False,30.67,3.8400000000000034,SPIKE,True,False,False,False,True,False,False,True,False,False,True,CRITICAL
,1791395647714.0,child_presence,True,0.968,rear_center,26.83,OK,MONITORING,True,24.0,0.0,True,22.0,False,0.0,False,2026-10-07 17:54:07.714000+00:00,0.0,0.0,4.829999999999998,26.734,0.08763560920082414,0.0,4.829999999999998,False,False,False,True,False,False,30.67,3.8400000000000034,SPIKE,True,False,False,False,True,False,False,True,False,False,True,CRITICAL
,1791395649714.0,window_state,True,0.968,rear_center,26.83,OK,MONITORING,True,24.0,0.0,True,22.0,False,0.0,False,2026-10-07 17:54:09.714000+00:00,0.0,0.0,4.829999999999998,26.766,0.08763560920082414,0.0,4.829999999999998,False,False,False,True,False,False,30.67,3.8400000000000034,SPIKE,True,False,False,False,True,False,False,True,False,False,True,CRITICAL
,1791395650714.0,hvac_state,True,0.968,rear_center,26.83,OK,MONITORING,True,24.0,0.0,True,22.0,False,0.0,False,2026-10-07 17:54:10.714000+00:00,0.0,0.0,4.829999999999998,26.798000000000002,0.07155417527999139,0.0,4.829999999999998,False,False,False,True,False,False,30.67,3.8400000000000034,SPIKE,True,False,False,False,True,False,False,True,False,False,True,CRITICAL
,1791395651714.0,temperature,True,0.968,rear_center,27.07,OK,MONITORING,True,24.0,0.0,True,22.0,False,0.0,False,2026-10-07 17:54:11.714000+00:00,0.240000000000002,0.0,5.07,26.877999999999997,0.1073312629199904,14.40000000000012,5.07,False,False,False,True,False,False,,,,True,False,False,False,False,False,False,True,False,False,True,CRITICAL
,1791395653714.0,window_state,True,0.968,rear_center,27.07,OK,MONITORING,True,24.0,0.0,True,22.0,False,0.0,False,2026-10-07 17:54:13.714000+00:00,0.0,0.0,5.07,26.926,0.13145341380123976,0.0,5.07,False,False,False,True,False,False,,,,True,False,False,False,False,False,False,True,False,False,True,CRITICAL
,1791395654714.0,hvac_state,True,0.968,rear_center,27.07,OK,MONITORING,True,24.0,0.0,True,22.0,False,0.0,False,2026-10-07 17:54:14.714000+00:00,0.0,0.0,5.07,26.974,0.1314534138012383,0.0,5.07,False,False,False,True,False,False,,,,True,False,False,False,False,False,False,True,False,False,True,CRITICAL
,1791395655714.0,temperature,True,0.968,rear_center,27.23,OK,MONITORING,True,24.0,0.0,True,22.0,False,0.0,False,2026-10-07 17:54:15.714000+00:00,0.16000000000000014,0.0,5.23,27.054000000000002,0.14310835055998167,9.600000000000009,5.23,False,False,False,True,False,False,,,,True,False,False,False,False,False,False,True,False,False,True,CRITICAL
,1791395657714.0,child_presence,True,0.975,rear_center,27.23,OK,MONITORING,True,24.0,0.0,True,22.0,False,0.0,False,2026-10-07 17:54:17.714000+00:00,0.0,0.0,5.23,27.133999999999997,0.08763560920081165,0.0,5.23,False,False,False,True,False,False,,,,True,False,False,False,False,False,False,True,False,False,True,CRITICAL
,1791395659714.0,window_state,True,0.975,rear_center,27.23,OK,MONITORING,True,24.0,0.0,True,22.0,False,0.0,False,2026-10-07 17:54:19.714000+00:00,0.0,0.0,5.23,27.166000000000004,0.08763560920080987,0.0,5.23,False,False,False,True,False,False,,,,True,False,False,False,False,False,False,True,False,False,True,CRITICAL
,1791395660714.0,hvac_state,True,0.975,rear_center,27.23,OK,MONITORING,True,24.0,0.0,True,22.0,False,0.0,False,2026-10-07 17:54:20.714000+00:00,0.0,0.0,5.23,27.198,0.0715541752799708,0.0,5.23,False,False,False,True,False,False,,,,True,False,False,False,False,False,False,True,False,False,True,CRITICAL
,1791395661714.0,temperature,True,0.975,rear_center,27.47,OK,MONITORING,True,24.0,0.0,True,22.0,False,0.0,False,2026-10-07 17:54:21.714000+00:00,0.23999999999999844,0.0,5.469999999999999,27.278,0.1073312629199896,14.399999999999906,5.469999999999999,False,False,False,True,False,False,,,,True,False,False,False,False,False,False,True,False,False,True,CRITICAL
,1791395663714.0,window_state,True,0.975,rear_center,27.47,OK,MONITORING,True,24.0,0.0,True,22.0,False,0.0,False,2026-10-07 17:54:23.714000+00:00,0.0,0.0,5.469999999999999,27.326,0.13145341380123945,0.0,5.469999999999999,False,False,False,True,False,False,,,,True,False,False,False,False,False,False,True,False,False,True,CRITICAL
,1791395664714.0,hvac_state,True,0.975,rear_center,27.47,OK,MONITORING,True,24.0,0.0,True,22.0,False,0.0,False,2026-10-07 17:54:24.714000+00:00,0.0,0.0,5.469999999999999,27.374000000000002,0.13145341380123873,0.0,5.469999999999999,False,False,False,True,False,False,,,,True,False,False,False,False,False,False,True,False,False,True,CRITICAL
,1791395665714.0,temperature,True,0.975,rear_center,27.64,OK,MONITORING,True,24.0,0.0,True,22.0,False,0.0,False,2026-10-07 17:54:25.714000+00:00,0.1700000000000017,0.0,5.640000000000001,27.456,0.14621901381147123,10.200000000000102,5.640000000000001,False,False,False,True,False,False,,,,True,False,False,False,False,False,False,True,False,False,True,CRITICAL
,1791395667714.0,child_presence,True,0.973,rear_center,27.64,OK,MONITORING,True,24.0,0.0,True,22.0,False,0.0,False,2026-10-07 17:54:27.714000+00:00,0.0,0.0,5.640000000000001,27.538,0.0931128347758714,0.0,5.640000000000001,False,False,False,True,False,False,,,,True,False,False,False,False,False,False,True,False,False,True,CRITICAL
,1791395669714.0,window_state,True,0.973,rear_center,27.64,OK,MONITORING,True,24.0,0.0,True,22.0,False,0.0,False,2026-10-07 17:54:29.714000+00:00,0.0,0.0,5.640000000000001,27.572000000000003,0.09311283477586889,0.0,5.640000000000001,False,False,False,True,False,False,,,,True,False,False,False,False,False,False,True,False,False,True,CRITICAL
,1791395670714.0,hvac_state,True,0.973,rear_center,27.64,OK,MONITORING,True,24.0,0.0,True,22.0,False,0.0,False,2026-10-07 17:54:30.714000+00:00,0.0,0.0,5.640000000000001,27.606,0.07602631123497774,0.0,5.640000000000001,False,False,False,True,False,False,,,,True,False,False,False,False,False,False,True,False,False,True,CRITICAL
,1791395671714.0,temperature,True,0.973,rear_center,27.88,OK,MONITORING,True,24.0,0.0,True,22.0,False,0.0,False,2026-10-07 17:54:31.714000+00:00,0.23999999999999844,0.0,5.879999999999999,27.688,0.1073312629199896,14.399999999999906,5.879999999999999,False,False,False,True,False,False,,,,True,False,False,False,False,False,False,True,False,False,True,CRITICAL
,1791395673714.0,window_state,True,0.973,rear_center,27.88,OK,MONITORING,True,24.0,0.0,True,22.0,False,0.0,False,2026-10-07 17:54:33.714000+00:00,0.0,0.0,5.879999999999999,27.736,0.13145341380123945,0.0,5.879999999999999,False,False,False,True,False,False,,,,True,False,False,False,False,False,False,True,False,False,True,CRITICAL
,1791395674714.0,hvac_state,True,0.973,rear_center,27.88,OK,MONITORING,True,24.0,0.0,True,22.0,False,0.0,False,2026-10-07 17:54:34.714000+00:00,0.0,0.0,5.879999999999999,27.784,0.13145341380123873,0.0,5.879999999999999,False,False,False,True,False,False,,,,True,False,False,False,False,False,False,True,False,False,True,CRITICAL
,1791395675714.0,temperature,True,0.973,rear_center,27.0,OK,MONITORING,True,24.0,0.0,True,22.0,False,0.0,False,2026-10-07 17:54:35.714000+00:00,-0.879999999999999,0.0,5.0,27.656,0.38115613598629183,-52.79999999999994,5.0,False,False,False,True,False,False,,,,True,False,False,False,False,False,False,True,False,False,True,CRITICAL
,1791395677714.0,child_presence,True,0.977,rear_center,27.0,OK,MONITORING,True,24.0,0.0,True,22.0,False,0.0,False,2026-10-07 17:54:37.714000+00:00,0.0,0.0,5.0,27.528,0.4819958506045477,0.0,5.0,False,False,False,True,False,False,,,,True,False,False,False,False,False,False,True,False,False,True,CRITICAL
,1791395679714.0,window_state,True,0.977,rear_center,27.0,OK,MONITORING,True,24.0,0.0,True,22.0,False,0.0,False,2026-10-07 17:54:39.714000+00:00,0.0,0.0,5.0,27.351999999999997,0.4819958506045494,0.0,5.0,False,False,False,True,False,False,,,,True,False,False,False,False,False,False,True,False,False,True,CRITICAL
,1791395680714.0,hvac_state,True,0.977,rear_center,27.0,OK,MONITORING,True,24.0,0.0,True,22.0,False,0.0,False,2026-10-07 17:54:40.714000+00:00,0.0,0.0,5.0,27.176,0.3935479640399699,0.0,5.0,False,False,False,True,False,False,,,,True,False,False,False,False,False,False,True,False,False,True,CRITICAL
,1791395681714.0,temperature,True,0.977,rear_center,27.24,OK,MONITORING,True,24.0,0.0,True,22.0,False,0.0,False,2026-10-07 17:54:41.714000+00:00,0.23999999999999844,0.0,5.239999999999998,27.048000000000002,0.1073312629199896,14.399999999999906,5.239999999999998,False,False,False,True,False,False,,,,True,False,False,False,False,False,False,True,False,False,True,CRITICAL
,1791395683714.0,window_state,True,0.977,rear_center,27.24,OK,MONITORING,True,24.0,0.0,True,22.0,False,0.0,False,2026-10-07 17:54:43.714000+00:00,0.0,0.0,5.239999999999998,27.095999999999997,0.13145341380123945,0.0,5.239999999999998,False,False,False,True,False,False,,,,True,False,False,False,False,False,False,True,False,False,True,CRITICAL
,1791395684714.0,hvac_state,True,0.977,rear_center,27.24,OK,MONITORING,True,24.0,0.0,True,22.0,False,0.0,False,2026-10-07 17:54:44.714000+00:00,0.0,0.0,5.239999999999998,27.144,0.13145341380123873,0.0,5.239999999999998,False,False,False,True,False,False,,,,True,False,False,False,False,False,False,True,False,False,True,CRITICAL
,1791395685714.0,temperature,True,0.977,rear_center,27.4,OK,MONITORING,True,24.0,0.0,True,22.0,False,0.0,False,2026-10-07 17:54:45.714000+00:00,0.16000000000000014,0.0,5.399999999999999,27.224,0.14310835055998308,9.600000000000009,5.399999999999999,False,False,False,True,False,False,,,,True,False,False,False,False,False,False,True,False,False,True,CRITICAL
,1791395687714.0,child_presence,True,0.969,rear_center,27.4,OK,MONITORING,True,24.0,0.0,True,22.0,False,0.0,False,2026-10-07 17:54:47.714000+00:00,0.0,0.0,5.399999999999999,27.303999999999995,0.0876356092008165,0.0,5.399999999999999,False,False,False,True,False,False,,,,True,False,False,False,False,False,False,True,False,False,True,CRITICAL
,1791395689714.0,window_state,True,0.969,rear_center,27.4,OK,MONITORING,True,24.0,0.0,True,22.0,False,0.0,False,2026-10-07 17:54:49.714000+00:00,0.0,0.0,5.399999999999999,27.336000000000002,0.08763560920081472,0.0,5.399999999999999,False,False,False,True,False,False,,,,True,False,False,False,False,False,False,True,False,False,True,CRITICAL
,1791395690714.0,hvac_state,True,0.969,rear_center,27.4,OK,MONITORING,True,24.0,0.0,True,22.0,False,0.0,False,2026-10-07 17:54:50.714000+00:00,0.0,0.0,5.399999999999999,27.368000000000002,0.07155417527997673,0.0,5.399999999999999,False,False,False,True,False,False,,,,True,False,False,False,False,False,False,True,False,False,True,CRITICAL
,1791395691714.0,temperature,True,0.969,rear_center,27.65,OK,MONITORING,True,24.0,0.0,True,22.0,False,0.0,False,2026-10-07 17:54:51.714000+00:00,0.25,0.0,5.649999999999999,27.45,0.11180339887498929,15.0,5.649999999999999,False,False,False,True,False,False,,,,True,False,False,False,False,False,False,True,False,False,True,CRITICAL
,1791395693714.0,window_state,True,0.969,rear_center,27.65,OK,MONITORING,True,24.0,0.0,True,22.0,False,0.0,False,2026-10-07 17:54:53.714000+00:00,0.0,0.0,5.649999999999999,27.5,0.13693063937629107,0.0,5.649999999999999,False,False,False,True,False,False,,,,True,False,False,False,False,False,False,True,False,False,True,CRITICAL
,1791395694714.0,hvac_state,True,0.969,rear_center,27.65,OK,MONITORING,True,24.0,0.0,True,22.0,False,0.0,False,2026-10-07 17:54:54.714000+00:00,0.0,0.0,5.649999999999999,27.55,0.13693063937629107,0.0,5.649999999999999,False,False,False,True,False,False,,,,True,False,False,False,False,False,False,True,False,False,True,CRITICAL
,1791395695714.0,temperature,True,0.969,rear_center,27.81,OK,MONITORING,True,24.0,0.0,True,22.0,False,0.0,False,2026-10-07 17:54:55.714000+00:00,0.16000000000000014,0.0,5.809999999999999,27.631999999999998,0.1470374102057024,9.600000000000009,5.809999999999999,False,False,False,True,False,False,,,,True,False,False,False,False,False,False,True,False,False,True,CRITICAL
,1791395697714.0,child_presence,True,0.967,rear_center,27.81,OK,MONITORING,True,24.0,0.0,True,22.0,False,0.0,False,2026-10-07 17:54:57.714000+00:00,0.0,0.0,5.809999999999999,27.714,0.08763560920082727,0.0,5.809999999999999,False,False,False,True,False,False,,,,True,False,False,False,False,False,False,True,False,False,True,CRITICAL
,1791395699714.0,window_state,True,0.967,rear_center,27.81,OK,MONITORING,True,24.0,0.0,True,22.0,False,0.0,False,2026-10-07 17:54:59.714000+00:00,0.0,0.0,5.809999999999999,27.746,0.08763560920082761,0.0,5.809999999999999,False,False,False,True,False,False,,,,True,False,False,False,False,False,False,True,False,False,True,CRITICAL
,1791395700714.0,hvac_state,True,0.967,rear_center,27.81,OK,MONITORING,True,24.0,0.0,True,22.0,False,0.0,False,2026-10-07 17:55:00.714000+00:00,0.0,0.0,5.809999999999999,27.778,0.07155417527999429,0.0,5.809999999999999,False,False,False,True,False,False,,,,True,False,False,False,False,False,False,True,False,False,True,CRITICAL
,1791395701714.0,temperature,True,0.967,rear_center,28.05,OK,MONITORING,True,24.0,0.0,True,22.0,False,0.0,False,2026-10-07 17:55:01.714000+00:00,0.240000000000002,0.0,6.050000000000001,27.857999999999997,0.1073312629199904,14.40000000000012,6.050000000000001,False,False,False,True,True,False,,,,True,False,False,False,False,False,False,True,True,False,True,CRITICAL
,1791395703714.0,window_state,True,0.967,rear_center,28.05,OK,MONITORING,True,24.0,0.0,True,22.0,False,0.0,False,2026-10-07 17:55:03.714000+00:00,0.0,0.0,6.050000000000001,27.906,0.13145341380123976,0.0,6.050000000000001,False,False,False,True,True,False,,,,True,False,False,False,False,False,False,True,True,False,True,CRITICAL
,1791395704714.0,hvac_state,True,0.967,rear_center,28.05,OK,MONITORING,True,24.0,0.0,True,22.0,False,0.0,False,2026-10-07 17:55:04.714000+00:00,0.0,0.0,6.050000000000001,27.953999999999997,0.1314534138012383,0.0,6.050000000000001,False,False,False,True,True,False,,,,True,False,False,False,False,False,False,True,True,False,True,CRITICAL
,1791395705714.0,temperature,True,0.967,rear_center,28.21,OK,MONITORING,True,24.0,0.0,True,22.0,False,0.0,False,2026-10-07 17:55:05.714000+00:00,0.16000000000000014,0.0,6.210000000000001,28.034000000000002,0.14310835055998167,9.600000000000009,6.210000000000001,False,False,False,True,True,False,,,,True,False,False,False,False,False,False,True,True,False,True,CRITICAL
,1791395707714.0,child_presence,True,0.969,rear_center,28.21,OK,MONITORING,True,24.0,0.0,True,22.0,False,0.0,False,2026-10-07 17:55:07.714000+00:00,0.0,0.0,6.210000000000001,28.113999999999997,0.08763560920081165,0.0,6.210000000000001,False,False,False,True,True,False,,,,True,False,False,False,False,False,False,True,True,False,True,CRITICAL
,1791395709714.0,window_state,True,0.969,rear_center,28.21,OK,MONITORING,True,24.0,0.0,True,22.0,False,0.0,False,2026-10-07 17:55:09.714000+00:00,0.0,0.0,6.210000000000001,28.146000000000004,0.08763560920080987,0.0,6.210000000000001,False,False,False,True,True,False,,,,True,False,False,False,False,False,False,True,True,False,True,CRITICAL
,1791395710714.0,hvac_state,True,0.969,rear_center,28.21,OK,MONITORING,True,24.0,0.0,True,22.0,False,0.0,False,2026-10-07 17:55:10.714000+00:00,0.0,0.0,6.210000000000001,28.177999999999997,0.0715541752799708,0.0,6.210000000000001,False,False,False,True,True,False,,,,True,False,False,False,False,False,False,True,True,False,True,CRITICAL
,1791395711714.0,temperature,True,0.969,rear_center,28.45,OK,MONITORING,True,24.0,0.0,True,22.0,False,0.0,False,2026-10-07 17:55:11.714000+00:00,0.23999999999999844,0.0,6.449999999999999,28.258,0.1073312629199896,14.399999999999906,6.449999999999999,False,False,False,True,True,False,,,,True,False,False,False,False,False,False,True,True,False,True,CRITICAL
,1791395713714.0,window_state,True,0.969,rear_center,28.45,OK,MONITORING,True,24.0,0.0,True,22.0,False,0.0,False,2026-10-07 17:55:13.714000+00:00,0.0,0.0,6.449999999999999,28.306,0.13145341380123945,0.0,6.449999999999999,False,False,False,True,True,False,,,,True,False,False,False,False,False,False,True,True,False,True,CRITICAL
,1791395714714.0,hvac_state,True,0.969,rear_center,28.45,OK,MONITORING,True,24.0,0.0,True,22.0,False,0.0,False,2026-10-07 17:55:14.714000+00:00,0.0,0.0,6.449999999999999,28.353999999999996,0.13145341380123873,0.0,6.449999999999999,False,False,False,True,True,False,,,,True,False,False,False,False,False,False,True,True,False,True,CRITICAL
,1791395715714.0,temperature,True,0.969,rear_center,28.62,OK,MONITORING,True,24.0,0.0,True,22.0,False,0.0,False,2026-10-07 17:55:15.714000+00:00,0.1700000000000017,0.0,6.620000000000001,28.436,0.14621901381147123,10.200000000000102,6.620000000000001,False,False,False,True,True,False,,,,True,False,False,False,False,False,False,True,True,False,True,CRITICAL
,1791395717714.0,child_presence,True,0.971,rear_center,28.62,OK,MONITORING,True,24.0,0.0,True,22.0,False,0.0,False,2026-10-07 17:55:17.714000+00:00,0.0,0.0,6.620000000000001,28.518,0.0931128347758714,0.0,6.620000000000001,False,False,False,True,True,False,,,,True,False,False,False,False,False,False,True,True,False,True,CRITICAL
,1791395719714.0,window_state,True,0.971,rear_center,28.62,OK,MONITORING,True,24.0,0.0,True,22.0,False,0.0,False,2026-10-07 17:55:19.714000+00:00,0.0,0.0,6.620000000000001,28.552000000000003,0.09311283477586996,0.0,6.620000000000001,False,False,False,True,True,False,,,,True,False,False,False,False,False,False,True,True,False,True,CRITICAL
,1791395720714.0,hvac_state,True,0.971,rear_center,28.62,OK,MONITORING,True,24.0,0.0,True,22.0,False,0.0,False,2026-10-07 17:55:20.714000+00:00,0.0,0.0,6.620000000000001,28.586000000000002,0.07602631123498084,0.0,6.620000000000001,False,False,False,True,True,False,,,,True,False,False,False,False,False,False,True,True,False,True,CRITICAL
,1791395721714.0,temperature,True,0.971,rear_center,28.86,OK,MONITORING,True,24.0,0.0,True,22.0,False,0.0,False,2026-10-07 17:55:21.714000+00:00,0.23999999999999844,0.0,6.859999999999999,28.668,0.1073312629199896,14.399999999999906,6.859999999999999,False,False,False,True,True,False,,,,True,False,False,False,False,False,False,True,True,False,True,CRITICAL
,1791395723714.0,window_state,True,0.971,rear_center,28.86,OK,MONITORING,True,24.0,0.0,True,22.0,False,0.0,False,2026-10-07 17:55:23.714000+00:00,0.0,0.0,6.859999999999999,28.715999999999998,0.13145341380123945,0.0,6.859999999999999,False,False,False,True,True,False,,,,True,False,False,False,False,False,False,True,True,False,True,CRITICAL
,1791395724714.0,hvac_state,True,0.971,rear_center,28.86,OK,MONITORING,True,24.0,0.0,True,22.0,False,0.0,False,2026-10-07 17:55:24.714000+00:00,0.0,0.0,6.859999999999999,28.764,0.13145341380123873,0.0,6.859999999999999,False,False,False,True,True,False,,,,True,False,False,False,False,False,False,True,True,False,True,CRITICAL
,1791395725714.0,temperature,True,0.971,rear_center,29.02,OK,MONITORING,True,24.0,0.0,True,22.0,False,0.0,False,2026-10-07 17:55:25.714000+00:00,0.16000000000000014,0.0,7.02,28.844,0.14310835055998308,9.600000000000009,7.02,False,False,False,True,True,False,,,,True,False,False,False,False,False,False,True,True,False,True,CRITICAL
,1791395727714.0,child_presence,True,0.971,rear_center,29.02,OK,MONITORING,True,24.0,0.0,True,22.0,False,0.0,False,2026-10-07 17:55:27.714000+00:00,0.0,0.0,7.02,28.924,0.0876356092008165,0.0,7.02,False,False,False,True,True,False,,,,True,False,False,False,False,False,False,True,True,False,True,CRITICAL
,1791395729714.0,window_state,True,0.971,rear_center,29.02,OK,MONITORING,True,24.0,0.0,True,22.0,False,0.0,False,2026-10-07 17:55:29.714000+00:00,0.0,0.0,7.02,28.956,0.08763560920081472,0.0,7.02,False,False,False,True,True,False,,,,True,False,False,False,False,False,False,True,True,False,True,CRITICAL
,1791395730714.0,hvac_state,True,0.971,rear_center,29.02,OK,MONITORING,True,24.0,0.0,True,22.0,False,0.0,False,2026-10-07 17:55:30.714000+00:00,0.0,0.0,7.02,28.988,0.07155417527997673,0.0,7.02,False,False,False,True,True,False,,,,True,False,False,False,False,False,False,True,True,False,True,CRITICAL
,1791395731714.0,temperature,True,0.971,rear_center,29.26,OK,MONITORING,True,24.0,0.0,True,22.0,False,0.0,False,2026-10-07 17:55:31.714000+00:00,0.240000000000002,0.0,7.260000000000002,29.068,0.1073312629199904,14.40000000000012,7.260000000000002,False,False,False,True,True,False,,,,True,False,False,False,False,False,False,True,True,False,True,CRITICAL
,1791395733714.0,window_state,True,0.971,rear_center,29.26,OK,MONITORING,True,24.0,0.0,True,22.0,False,0.0,False,2026-10-07 17:55:33.714000+00:00,0.0,0.0,7.260000000000002,29.116000000000003,0.13145341380123976,0.0,7.260000000000002,False,False,False,True,True,False,,,,True,False,False,False,False,False,False,True,True,False,True,CRITICAL
,1791395734714.0,hvac_state,True,0.971,rear_center,29.26,OK,MONITORING,True,24.0,0.0,True,22.0,False,0.0,False,2026-10-07 17:55:34.714000+00:00,0.0,0.0,7.260000000000002,29.163999999999998,0.1314534138012383,0.0,7.260000000000002,False,False,False,True,True,False,,,,True,False,False,False,False,False,False,True,True,False,True,CRITICAL
,1791395735714.0,temperature,True,0.971,rear_center,29.42,OK,MONITORING,True,24.0,0.0,True,22.0,False,0.0,False,2026-10-07 17:55:35.714000+00:00,0.16000000000000014,0.0,7.420000000000002,29.244,0.14310835055998167,9.600000000000009,7.420000000000002,False,False,False,True,True,False,,,,True,False,False,False,False,False,False,True,True,False,True,CRITICAL
,1791395737714.0,child_presence,True,0.965,rear_center,29.42,OK,MONITORING,True,24.0,0.0,True,22.0,False,0.0,False,2026-10-07 17:55:37.714000+00:00,0.0,0.0,7.420000000000002,29.324,0.08763560920081165,0.0,7.420000000000002,False,False,False,True,True,False,,,,True,False,False,False,False,False,False,True,True,False,True,CRITICAL
,1791395739714.0,window_state,True,0.965,rear_center,29.42,OK,MONITORING,True,24.0,0.0,True,22.0,False,0.0,False,2026-10-07 17:55:39.714000+00:00,0.0,0.0,7.420000000000002,29.356,0.08763560920080987,0.0,7.420000000000002,False,False,False,True,True,False,,,,True,False,False,False,False,False,False,True,True,False,True,CRITICAL
,1791395740714.0,hvac_state,True,0.965,rear_center,29.42,OK,MONITORING,True,24.0,0.0,True,22.0,False,0.0,False,2026-10-07 17:55:40.714000+00:00,0.0,0.0,7.420000000000002,29.388000000000005,0.0715541752799708,0.0,7.420000000000002,False,False,False,True,True,False,,,,True,False,False,False,False,False,False,True,True,False,True,CRITICAL
,1791395741714.0,temperature,True,0.965,rear_center,29.67,OK,MONITORING,True,24.0,0.0,True,22.0,False,0.0,False,2026-10-07 17:55:41.714000+00:00,0.25,0.0,7.670000000000002,29.470000000000006,0.11180339887498929,15.0,7.670000000000002,False,False,False,True,True,False,,,,True,False,False,False,False,False,False,True,True,False,True,CRITICAL
,1791395743714.0,window_state,True,0.965,rear_center,29.67,OK,MONITORING,True,24.0,0.0,True,22.0,False,0.0,False,2026-10-07 17:55:43.714000+00:00,0.0,0.0,7.670000000000002,29.520000000000003,0.13693063937629107,0.0,7.670000000000002,False,False,False,True,True,False,,,,True,False,False,False,False,False,False,True,True,False,True,CRITICAL
,1791395744714.0,hvac_state,True,0.965,rear_center,29.67,OK,MONITORING,True,24.0,0.0,True,22.0,False,0.0,False,2026-10-07 17:55:44.714000+00:00,0.0,0.0,7.670000000000002,29.570000000000004,0.13693063937629107,0.0,7.670000000000002,False,False,False,True,True,False,,,,True,False,False,False,False,False,False,True,True,False,True,CRITICAL
,1791395745714.0,temperature,True,0.965,rear_center,29.83,OK,MONITORING,True,24.0,0.0,True,22.0,False,0.0,False,2026-10-07 17:55:45.714000+00:00,0.1599999999999966,0.0,7.829999999999998,29.652000000000005,0.14703741020570119,9.599999999999795,7.829999999999998,False,False,False,True,True,False,,,,True,False,False,False,False,False,False,True,True,False,True,CRITICAL
,1791395747714.0,child_presence,True,0.97,rear_center,29.83,OK,MONITORING,True,24.0,0.0,True,22.0,False,0.0,False,2026-10-07 17:55:47.714000+00:00,0.0,0.0,7.829999999999998,29.734,0.08763560920082414,0.0,7.829999999999998,False,False,False,True,True,False,,,,True,False,False,False,False,False,False,True,True,False,True,CRITICAL
,1791395749714.0,window_state,True,0.97,rear_center,29.83,OK,MONITORING,True,24.0,0.0,True,22.0,False,0.0,False,2026-10-07 17:55:49.714000+00:00,0.0,0.0,7.829999999999998,29.766000000000002,0.08763560920082414,0.0,7.829999999999998,False,False,False,True,True,False,,,,True,False,False,False,False,False,False,True,True,False,True,CRITICAL
,1791395750714.0,hvac_state,True,0.97,rear_center,29.83,OK,MONITORING,True,24.0,0.0,True,22.0,False,0.0,False,2026-10-07 17:55:50.714000+00:00,0.0,0.0,7.829999999999998,29.798000000000002,0.07155417527999139,0.0,7.829999999999998,False,False,False,True,True,False,,,,True,False,False,False,False,False,False,True,True,False,True,CRITICAL
,1791395751714.0,temperature,True,0.97,rear_center,30.07,OK,MONITORING,True,24.0,0.0,True,22.0,False,0.0,False,2026-10-07 17:55:51.714000+00:00,0.240000000000002,0.0,8.07,29.877999999999997,0.1073312629199904,14.40000000000012,8.07,False,False,False,True,True,True,,,,True,False,False,False,False,False,False,True,True,True,True,CRITICAL
,1791395753714.0,window_state,True,0.97,rear_center,30.07,OK,MONITORING,True,24.0,0.0,True,22.0,False,0.0,False,2026-10-07 17:55:53.714000+00:00,0.0,0.0,8.07,29.926,0.13145341380123976,0.0,8.07,False,False,False,True,True,True,,,,True,False,False,False,False,False,False,True,True,True,True,CRITICAL
,1791395754714.0,hvac_state,True,0.97,rear_center,30.07,OK,MONITORING,True,24.0,0.0,True,22.0,False,0.0,False,2026-10-07 17:55:54.714000+00:00,0.0,0.0,8.07,29.974,0.1314534138012383,0.0,8.07,False,False,False,True,True,True,,,,True,False,False,False,False,False,False,True,True,True,True,CRITICAL
,1791395755714.0,temperature,True,0.97,rear_center,30.23,OK,MONITORING,True,24.0,0.0,True,22.0,False,0.0,False,2026-10-07 17:55:55.714000+00:00,0.16000000000000014,0.0,8.23,30.054000000000002,0.14310835055998167,9.600000000000009,8.23,False,False,False,True,True,True,,,,True,False,False,False,False,False,False,True,True,True,True,CRITICAL
,1791395757714.0,child_presence,True,0.971,rear_center,30.23,OK,MONITORING,True,24.0,0.0,True,22.0,False,0.0,False,2026-10-07 17:55:57.714000+00:00,0.0,0.0,8.23,30.134000000000004,0.08763560920081165,0.0,8.23,False,False,False,True,True,True,,,,True,False,False,False,False,False,False,True,True,True,True,CRITICAL
,1791395759714.0,window_state,True,0.971,rear_center,30.23,OK,MONITORING,True,24.0,0.0,True,22.0,False,0.0,False,2026-10-07 17:55:59.714000+00:00,0.0,0.0,8.23,30.165999999999997,0.08763560920080987,0.0,8.23,False,False,False,True,True,True,,,,True,False,False,False,False,False,False,True,True,True,True,CRITICAL
,1791395760714.0,hvac_state,True,0.971,rear_center,30.23,OK,MONITORING,True,24.0,0.0,True,22.0,False,0.0,False,2026-10-07 17:56:00.714000+00:00,0.0,0.0,8.23,30.198,0.0715541752799708,0.0,8.23,False,False,False,True,True,True,,,,True,False,False,False,False,False,False,True,True,True,True,CRITICAL
,1791395761714.0,temperature,True,0.971,rear_center,30.47,OK,MONITORING,True,24.0,0.0,True,22.0,False,0.0,False,2026-10-07 17:56:01.714000+00:00,0.23999999999999844,0.0,8.469999999999999,30.278,0.1073312629199896,14.399999999999906,8.469999999999999,False,False,False,True,True,True,,,,True,False,False,False,False,False,False,True,True,True,True,CRITICAL
,1791395763714.0,window_state,True,0.971,rear_center,30.47,OK,MONITORING,True,24.0,0.0,True,22.0,False,0.0,False,2026-10-07 17:56:03.714000+00:00,0.0,0.0,8.469999999999999,30.326,0.13145341380123945,0.0,8.469999999999999,False,False,False,True,True,True,,,,True,False,False,False,False,False,False,True,True,True,True,CRITICAL
,1791395764714.0,hvac_state,True,0.971,rear_center,30.47,OK,MONITORING,True,24.0,0.0,True,22.0,False,0.0,False,2026-10-07 17:56:04.714000+00:00,0.0,0.0,8.469999999999999,30.374000000000002,0.13145341380123873,0.0,8.469999999999999,False,False,False,True,True,True,,,,True,False,False,False,False,False,False,True,True,True,True,CRITICAL
,1791395765714.0,temperature,True,0.971,rear_center,30.64,OK,MONITORING,True,24.0,0.0,True,22.0,False,0.0,False,2026-10-07 17:56:05.714000+00:00,0.1700000000000017,0.0,8.64,30.456,0.14621901381147123,10.200000000000102,8.64,False,False,False,True,True,True,,,,True,False,False,False,False,False,False,True,True,True,True,CRITICAL
,1791395767714.0,child_presence,True,0.983,rear_center,30.64,OK,MONITORING,True,24.0,0.0,True,22.0,False,0.0,False,2026-10-07 17:56:07.714000+00:00,0.0,0.0,8.64,30.538,0.0931128347758714,0.0,8.64,False,False,False,True,True,True,,,,True,False,False,False,False,False,False,True,True,True,True,CRITICAL
,1791395769714.0,window_state,True,0.983,rear_center,30.64,OK,MONITORING,True,24.0,0.0,True,22.0,False,0.0,False,2026-10-07 17:56:09.714000+00:00,0.0,0.0,8.64,30.571999999999996,0.09311283477586889,0.0,8.64,False,False,False,True,True,True,,,,True,False,False,False,False,False,False,True,True,True,True,CRITICAL
,1791395770714.0,hvac_state,True,0.983,rear_center,30.64,OK,MONITORING,True,24.0,0.0,True,22.0,False,0.0,False,2026-10-07 17:56:10.714000+00:00,0.0,0.0,8.64,30.606,0.07602631123497774,0.0,8.64,False,False,False,True,True,True,,,,True,False,False,False,False,False,False,True,True,True,True,CRITICAL
,1791395771714.0,temperature,True,0.983,rear_center,30.88,OK,MONITORING,True,24.0,0.0,True,22.0,False,0.0,False,2026-10-07 17:56:11.714000+00:00,0.23999999999999844,0.0,8.879999999999999,30.688,0.1073312629199896,14.399999999999906,8.879999999999999,False,False,False,True,True,True,,,,True,False,False,False,False,False,False,True,True,True,True,CRITICAL
,1791395773714.0,window_state,True,0.983,rear_center,30.88,OK,MONITORING,True,24.0,0.0,True,22.0,False,0.0,False,2026-10-07 17:56:13.714000+00:00,0.0,0.0,8.879999999999999,30.736,0.13145341380123945,0.0,8.879999999999999,False,False,False,True,True,True,,,,True,False,False,False,False,False,False,True,True,True,True,CRITICAL
,1791395774714.0,hvac_state,True,0.983,rear_center,30.88,OK,MONITORING,True,24.0,0.0,True,22.0,False,0.0,False,2026-10-07 17:56:14.714000+00:00,0.0,0.0,8.879999999999999,30.784,0.13145341380123873,0.0,8.879999999999999,False,False,False,True,True,True,,,,True,False,False,False,False,False,False,True,True,True,True,CRITICAL
,1791395775714.0,temperature,True,0.983,rear_center,24.0,OK,MONITORING,True,24.0,0.0,True,22.0,False,0.0,False,2026-10-07 17:56:15.714000+00:00,-6.879999999999999,0.0,2.0,29.456,3.051766701437056,-412.79999999999995,2.0,False,False,False,False,False,False,,,,False,False,False,False,False,False,True,False,False,False,False,NORMAL
,1791395777714.0,child_presence,True,0.979,rear_center,24.0,OK,MONITORING,True,24.0,0.0,True,22.0,False,0.0,False,2026-10-07 17:56:17.714000+00:00,0.0,0.0,2.0,28.127999999999997,3.7683311956355454,0.0,2.0,False,False,False,False,False,False,,,,False,False,False,False,False,False,True,False,False,False,False,NORMAL
,1791395779714.0,window_state,True,0.979,rear_center,24.0,OK,MONITORING,True,24.0,0.0,True,22.0,False,0.0,False,2026-10-07 17:56:19.714000+00:00,0.0,0.0,2.0,26.752,3.7683311956355476,0.0,2.0,False,False,False,False,False,False,,,,False,False,False,False,False,False,True,False,False,False,False,NORMAL
,1791395780714.0,hvac_state,True,0.979,rear_center,24.0,OK,MONITORING,True,24.0,0.0,True,22.0,True,80.0,False,2026-10-07 17:56:20.714000+00:00,0.0,0.0,2.0,25.375999999999998,3.076829537039718,0.0,2.0,True,False,False,False,False,False,,,,False,False,False,False,False,False,True,False,False,False,False,NORMAL
,1791395781714.0,temperature,True,0.979,rear_center,24.24,OK,MONITORING,True,24.0,0.0,True,22.0,True,80.0,False,2026-10-07 17:56:21.714000+00:00,0.23999999999999844,0.0,2.2399999999999984,24.048000000000002,0.1073312629199896,14.399999999999906,2.2399999999999984,True,False,False,False,False,False,,,,False,True,False,False,False,False,False,False,False,False,False,HIGH
,1791395783714.0,window_state,True,0.979,rear_center,24.24,OK,MONITORING,True,24.0,0.0,True,22.0,True,80.0,False,2026-10-07 17:56:23.714000+00:00,0.0,0.0,2.2399999999999984,24.096,0.13145341380123945,0.0,2.2399999999999984,True,False,False,False,False,False,,,,False,False,False,False,False,False,False,False,False,False,False,NORMAL
,1791395784714.0,hvac_state,True,0.979,rear_center,24.24,OK,MONITORING,True,24.0,0.0,True,22.0,True,80.0,False,2026-10-07 17:56:24.714000+00:00,0.0,0.0,2.2399999999999984,24.144,0.13145341380123873,0.0,2.2399999999999984,True,False,False,False,False,False,,,,False,False,False,False,False,False,False,False,False,False,False,NORMAL
,1791395785714.0,temperature,True,0.979,rear_center,24.39,OK,MONITORING,True,24.0,0.0,True,22.0,True,80.0,False,2026-10-07 17:56:25.714000+00:00,0.15000000000000213,0.0,2.3900000000000006,24.222,0.1400714103591427,9.000000000000128,2.3900000000000006,True,False,False,False,False,False,,,,False,True,False,False,False,False,False,False,False,False,False,HIGH
,1791395787714.0,child_presence,True,0.966,rear_center,24.39,OK,MONITORING,True,24.0,0.0,True,22.0,True,80.0,False,2026-10-07 17:56:27.714000+00:00,0.0,0.0,2.3900000000000006,24.299999999999997,0.08215838362576822,0.0,2.3900000000000006,True,False,False,False,False,False,,,,False,False,False,False,False,False,False,False,False,False,False,NORMAL
,1791395789714.0,window_state,True,0.966,rear_center,24.39,OK,MONITORING,True,24.0,0.0,True,22.0,True,80.0,False,2026-10-07 17:56:29.714000+00:00,0.0,0.0,2.3900000000000006,24.33,0.08215838362576602,0.0,2.3900000000000006,True,False,False,False,False,False,,,,False,False,False,False,False,False,False,False,False,False,False,NORMAL
,1791395790714.0,hvac_state,True,0.966,rear_center,24.39,OK,MONITORING,True,24.0,0.0,True,22.0,True,80.0,False,2026-10-07 17:56:30.714000+00:00,0.0,0.0,2.3900000000000006,24.36,0.0670820393249793,0.0,2.3900000000000006,True,False,False,False,False,False,,,,False,False,False,False,False,False,False,False,False,False,False,NORMAL
,1791395791714.0,temperature,True,0.966,rear_center,24.63,OK,MONITORING,True,24.0,0.0,True,22.0,True,80.0,False,2026-10-07 17:56:31.714000+00:00,0.23999999999999844,0.0,2.629999999999999,24.438,0.1073312629199896,14.399999999999906,2.629999999999999,True,False,False,False,False,False,,,,False,True,False,False,False,False,False,False,False,False,False,HIGH
,1791395793714.0,window_state,True,0.966,rear_center,24.63,OK,MONITORING,True,24.0,0.0,True,22.0,True,80.0,False,2026-10-07 17:56:33.714000+00:00,0.0,0.0,2.629999999999999,24.486,0.13145341380123945,0.0,2.629999999999999,True,False,False,False,False,False,,,,False,False,False,False,False,False,False,False,False,False,False,NORMAL
,1791395794714.0,hvac_state,True,0.966,rear_center,24.63,OK,MONITORING,True,24.0,0.0,True,22.0,True,80.0,False,2026-10-07 17:56:34.714000+00:00,0.0,0.0,2.629999999999999,24.534,0.13145341380123873,0.0,2.629999999999999,True,False,False,False,False,False,,,,False,False,False,False,False,False,False,False,False,False,False,NORMAL
,1791395795714.0,temperature,True,0.966,rear_center,24.79,OK,MONITORING,True,24.0,0.0,True,22.0,True,80.0,False,2026-10-07 17:56:35.714000+00:00,0.16000000000000014,0.0,2.789999999999999,24.613999999999997,0.14310835055998308,9.600000000000009,2.789999999999999,True,False,False,False,False,False,,,,False,True,False,False,False,False,False,False,False,False,False,HIGH
,1791395797714.0,child_presence,True,0.969,rear_center,24.79,OK,MONITORING,True,24.0,0.0,True,22.0,True,80.0,False,2026-10-07 17:56:37.714000+00:00,0.0,0.0,2.789999999999999,24.694,0.0876356092008165,0.0,2.789999999999999,True,False,False,False,False,False,,,,False,False,False,False,False,False,False,False,False,False,False,NORMAL
,1791395799714.0,window_state,True,0.969,rear_center,24.79,OK,MONITORING,True,24.0,0.0,True,22.0,True,80.0,False,2026-10-07 17:56:39.714000+00:00,0.0,0.0,2.789999999999999,24.726,0.08763560920081472,0.0,2.789999999999999,True,False,False,False,False,False,,,,False,False,False,False,False,False,False,False,False,False,False,NORMAL
,1791395800714.0,hvac_state,True,0.969,rear_center,24.79,OK,MONITORING,True,24.0,0.0,True,22.0,True,80.0,False,2026-10-07 17:56:40.714000+00:00,0.0,0.0,2.789999999999999,24.758,0.07155417527997673,0.0,2.789999999999999,True,False,False,False,False,False,,,,False,False,False,False,False,False,False,False,False,False,False,NORMAL
,1791395801714.0,temperature,True,0.969,rear_center,25.02,OK,MONITORING,True,24.0,0.0,True,22.0,True,80.0,False,2026-10-07 17:56:41.714000+00:00,0.23000000000000043,0.0,3.0199999999999996,24.836,0.10285912696499072,13.800000000000026,3.0199999999999996,True,False,False,False,False,False,,,,False,True,False,False,False,False,False,False,False,False,False,HIGH
,1791395803714.0,window_state,True,0.969,rear_center,25.02,OK,MONITORING,True,24.0,0.0,True,22.0,True,80.0,False,2026-10-07 17:56:43.714000+00:00,0.0,0.0,3.0199999999999996,24.881999999999998,0.12597618822618936,0.0,3.0199999999999996,True,False,False,False,False,False,,,,False,False,False,False,False,False,False,False,False,False,False,NORMAL
,1791395804714.0,hvac_state,True,0.969,rear_center,25.02,OK,MONITORING,True,24.0,0.0,True,22.0,True,80.0,False,2026-10-07 17:56:44.714000+00:00,0.0,0.0,3.0199999999999996,24.928,0.1259761882261901,0.0,3.0199999999999996,True,False,False,False,False,False,,,,False,False,False,False,False,False,False,False,False,False,False,NORMAL
,1791395805714.0,temperature,True,0.969,rear_center,25.18,OK,MONITORING,True,24.0,0.0,True,22.0,True,80.0,False,2026-10-07 17:56:45.714000+00:00,0.16000000000000014,0.0,3.1799999999999997,25.005999999999997,0.13921206844236098,9.600000000000009,3.1799999999999997,True,False,False,False,False,False,,,,False,True,False,False,False,False,False,False,False,False,False,HIGH
,1791395807714.0,child_presence,True,0.963,rear_center,25.18,OK,MONITORING,True,24.0,0.0,True,22.0,True,80.0,False,2026-10-07 17:56:47.714000+00:00,0.0,0.0,3.1799999999999997,25.084,0.08763560920082766,0.0,3.1799999999999997,True,False,False,False,False,False,,,,False,False,False,False,False,False,False,False,False,False,False,NORMAL
,1791395809714.0,window_state,True,0.963,rear_center,25.18,OK,MONITORING,True,24.0,0.0,True,22.0,True,80.0,False,2026-10-07 17:56:49.714000+00:00,0.0,0.0,3.1799999999999997,25.116,0.08763560920082589,0.0,3.1799999999999997,True,False,False,False,False,False,,,,False,False,False,False,False,False,False,False,False,False,False,NORMAL
,1791395810714.0,hvac_state,True,0.963,rear_center,25.18,OK,MONITORING,True,24.0,0.0,True,22.0,True,80.0,False,2026-10-07 17:56:50.714000+00:00,0.0,0.0,3.1799999999999997,25.148000000000003,0.0715541752799904,0.0,3.1799999999999997,True,False,False,False,False,False,,,,False,False,False,False,False,False,False,False,False,False,False,NORMAL
,1791395811714.0,temperature,True,0.963,rear_center,25.42,OK,MONITORING,True,24.0,0.0,True,22.0,True,80.0,False,2026-10-07 17:56:51.714000+00:00,0.240000000000002,0.0,3.4200000000000017,25.228,0.1073312629199904,14.40000000000012,3.4200000000000017,True,False,False,False,False,False,,,,False,True,False,False,False,False,False,False,False,False,False,HIGH
,1791395813714.0,window_state,True,0.963,rear_center,25.42,OK,MONITORING,True,24.0,0.0,True,22.0,True,80.0,False,2026-10-07 17:56:53.714000+00:00,0.0,0.0,3.4200000000000017,25.276000000000003,0.13145341380123976,0.0,3.4200000000000017,True,False,False,False,False,False,,,,False,False,False,False,False,False,False,False,False,False,False,NORMAL
,1791395814714.0,hvac_state,True,0.963,rear_center,25.42,OK,MONITORING,True,24.0,0.0,True,22.0,True,80.0,False,2026-10-07 17:56:54.714000+00:00,0.0,0.0,3.4200000000000017,25.324,0.1314534138012383,0.0,3.4200000000000017,True,False,False,False,False,False,,,,False,False,False,False,False,False,False,False,False,False,False,NORMAL
,1791395815714.0,temperature,True,0.963,rear_center,25.57,OK,MONITORING,True,24.0,0.0,True,22.0,True,80.0,False,2026-10-07 17:56:55.714000+00:00,0.14999999999999858,0.0,3.5700000000000003,25.402,0.14007141035914006,8.999999999999915,3.5700000000000003,True,False,False,False,False,False,,,,False,True,False,False,False,False,False,False,False,False,False,HIGH
,1791395817714.0,child_presence,True,0.967,rear_center,25.57,OK,MONITORING,True,24.0,0.0,True,22.0,True,80.0,False,2026-10-07 17:56:57.714000+00:00,0.0,0.0,3.5700000000000003,25.48,0.08215838362576053,0.0,3.5700000000000003,True,False,False,False,False,False,,,,False,False,False,False,False,False,False,False,False,False,False,NORMAL
,1791395819714.0,window_state,True,0.967,rear_center,25.57,OK,MONITORING,True,24.0,0.0,True,22.0,True,80.0,False,2026-10-07 17:56:59.714000+00:00,0.0,0.0,3.5700000000000003,25.509999999999998,0.08215838362575907,0.0,3.5700000000000003,True,False,False,False,False,False,,,,False,False,False,False,False,False,False,False,False,False,False,NORMAL
,1791395820714.0,hvac_state,True,0.967,rear_center,25.57,OK,MONITORING,True,24.0,0.0,True,22.0,True,80.0,False,2026-10-07 17:57:00.714000+00:00,0.0,0.0,3.5700000000000003,25.54,0.06708203932497211,0.0,3.5700000000000003,True,False,False,False,False,False,,,,False,False,False,False,False,False,False,False,False,False,False,NORMAL
,1791395821714.0,temperature,True,0.967,rear_center,25.81,OK,MONITORING,True,24.0,0.0,True,22.0,True,80.0,False,2026-10-07 17:57:01.714000+00:00,0.23999999999999844,0.0,3.8099999999999987,25.618000000000002,0.1073312629199896,14.399999999999906,3.8099999999999987,True,False,False,False,False,False,,,,False,True,False,False,False,False,False,False,False,False,False,HIGH
,1791395823714.0,window_state,True,0.967,rear_center,25.81,OK,MONITORING,True,24.0,0.0,True,22.0,True,80.0,False,2026-10-07 17:57:03.714000+00:00,0.0,0.0,3.8099999999999987,25.666000000000004,0.13145341380123945,0.0,3.8099999999999987,True,False,False,False,False,False,,,,False,False,False,False,False,False,False,False,False,False,False,NORMAL
,1791395824714.0,hvac_state,True,0.967,rear_center,25.81,OK,MONITORING,True,24.0,0.0,True,22.0,True,80.0,False,2026-10-07 17:57:04.714000+00:00,0.0,0.0,3.8099999999999987,25.714,0.13145341380123873,0.0,3.8099999999999987,True,False,False,False,False,False,,,,False,False,False,False,False,False,False,False,False,False,False,NORMAL
,1791395825714.0,temperature,True,0.967,rear_center,25.97,OK,MONITORING,True,24.0,0.0,True,22.0,True,80.0,False,2026-10-07 17:57:05.714000+00:00,0.16000000000000014,0.0,3.969999999999999,25.794,0.14310835055998308,9.600000000000009,3.969999999999999,True,False,False,False,False,False,,,,False,True,False,False,False,False,False,False,False,False,False,HIGH
,1791395827714.0,child_presence,True,0.972,rear_center,25.97,OK,MONITORING,True,24.0,0.0,True,22.0,True,80.0,False,2026-10-07 17:57:07.714000+00:00,0.0,0.0,3.969999999999999,25.874000000000002,0.0876356092008165,0.0,3.969999999999999,True,False,False,False,False,False,,,,False,False,False,False,False,False,False,False,False,False,False,NORMAL
,1791395829714.0,window_state,True,0.972,rear_center,25.97,OK,MONITORING,True,24.0,0.0,True,22.0,True,80.0,False,2026-10-07 17:57:09.714000+00:00,0.0,0.0,3.969999999999999,25.905999999999995,0.08763560920081472,0.0,3.969999999999999,True,False,False,False,False,False,,,,False,False,False,False,False,False,False,False,False,False,False,NORMAL
,1791395830714.0,hvac_state,True,0.972,rear_center,25.97,OK,MONITORING,True,24.0,0.0,True,22.0,True,80.0,False,2026-10-07 17:57:10.714000+00:00,0.0,0.0,3.969999999999999,25.938,0.07155417527997673,0.0,3.969999999999999,True,False,False,False,False,False,,,,False,False,False,False,False,False,False,False,False,False,False,NORMAL
,1791395831714.0,temperature,True,0.972,rear_center,26.2,OK,MONITORING,True,24.0,0.0,True,22.0,True,80.0,False,2026-10-07 17:57:11.714000+00:00,0.23000000000000043,0.0,4.199999999999999,26.016,0.10285912696499072,13.800000000000026,4.199999999999999,True,False,False,True,False,False,,,,False,True,False,False,False,False,False,True,False,False,False,HIGH
,1791395833714.0,window_state,True,0.972,rear_center,26.2,OK,MONITORING,True,24.0,0.0,True,22.0,True,80.0,False,2026-10-07 17:57:13.714000+00:00,0.0,0.0,4.199999999999999,26.062,0.12597618822618936,0.0,4.199999999999999,True,False,False,True,False,False,,,,False,False,False,False,False,False,False,True,False,False,False,WARNING
,1791395834714.0,hvac_state,True,0.972,rear_center,26.2,OK,MONITORING,True,24.0,0.0,True,22.0,True,80.0,False,2026-10-07 17:57:14.714000+00:00,0.0,0.0,4.199999999999999,26.107999999999997,0.1259761882261901,0.0,4.199999999999999,True,False,False,True,False,False,,,,False,False,False,False,False,False,False,True,False,False,False,WARNING
,1791395835714.0,temperature,True,0.972,rear_center,26.36,OK,MONITORING,True,24.0,0.0,True,22.0,True,80.0,False,2026-10-07 17:57:15.714000+00:00,0.16000000000000014,0.0,4.359999999999999,26.186,0.13921206844236098,9.600000000000009,4.359999999999999,True,False,False,True,False,False,,,,False,True,False,False,False,False,False,True,False,False,False,HIGH
,1791395837714.0,child_presence,True,0.976,rear_center,26.36,OK,MONITORING,True,24.0,0.0,True,22.0,True,80.0,False,2026-10-07 17:57:17.714000+00:00,0.0,0.0,4.359999999999999,26.264,0.08763560920082766,0.0,4.359999999999999,True,False,False,True,False,False,,,,False,False,False,False,False,False,False,True,False,False,False,WARNING
,1791395839714.0,window_state,True,0.976,rear_center,26.36,OK,MONITORING,True,24.0,0.0,True,22.0,True,80.0,False,2026-10-07 17:57:19.714000+00:00,0.0,0.0,4.359999999999999,26.296,0.08763560920082589,0.0,4.359999999999999,True,False,False,True,False,False,,,,False,False,False,False,False,False,False,True,False,False,False,WARNING
,1791395840714.0,hvac_state,True,0.976,rear_center,26.36,OK,MONITORING,True,24.0,0.0,True,22.0,True,80.0,False,2026-10-07 17:57:20.714000+00:00,0.0,0.0,4.359999999999999,26.328000000000003,0.0715541752799904,0.0,4.359999999999999,True,False,False,True,False,False,,,,False,False,False,False,False,False,False,True,False,False,False,WARNING
,1791395841714.0,temperature,True,0.976,rear_center,26.6,OK,MONITORING,True,24.0,0.0,True,22.0,True,80.0,False,2026-10-07 17:57:21.714000+00:00,0.240000000000002,0.0,4.600000000000001,26.407999999999998,0.1073312629199904,14.40000000000012,4.600000000000001,True,False,False,True,False,False,,,,False,True,False,False,False,False,False,True,False,False,False,HIGH
,1791395843714.0,window_state,True,0.976,rear_center,26.6,OK,MONITORING,True,24.0,0.0,True,22.0,True,80.0,False,2026-10-07 17:57:23.714000+00:00,0.0,0.0,4.600000000000001,26.456,0.13145341380123976,0.0,4.600000000000001,True,False,False,True,False,False,,,,False,False,False,False,False,False,False,True,False,False,False,WARNING
,1791395844714.0,hvac_state,True,0.976,rear_center,26.6,OK,MONITORING,True,24.0,0.0,True,22.0,True,80.0,False,2026-10-07 17:57:24.714000+00:00,0.0,0.0,4.600000000000001,26.504,0.1314534138012383,0.0,4.600000000000001,True,False,False,True,False,False,,,,False,False,False,False,False,False,False,True,False,False,False,WARNING
,1791395845714.0,temperature,True,0.976,rear_center,26.75,OK,MONITORING,True,24.0,0.0,True,22.0,True,80.0,False,2026-10-07 17:57:25.714000+00:00,0.14999999999999858,0.0,4.75,26.582,0.14007141035914006,8.999999999999915,4.75,True,False,False,True,False,False,,,,False,True,False,False,False,False,False,True,False,False,False,HIGH
,1791395847714.0,child_presence,True,0.966,rear_center,26.75,OK,MONITORING,True,24.0,0.0,True,22.0,True,80.0,False,2026-10-07 17:57:27.714000+00:00,0.0,0.0,4.75,26.660000000000004,0.08215838362576053,0.0,4.75,True,False,False,True,False,False,,,,False,False,False,False,False,False,False,True,False,False,False,WARNING
,1791395849714.0,window_state,True,0.966,rear_center,26.75,OK,MONITORING,True,24.0,0.0,True,22.0,True,80.0,False,2026-10-07 17:57:29.714000+00:00,0.0,0.0,4.75,26.689999999999998,0.08215838362575907,0.0,4.75,True,False,False,True,False,False,,,,False,False,False,False,False,False,False,True,False,False,False,WARNING
,1791395850714.0,hvac_state,True,0.966,rear_center,26.75,OK,MONITORING,True,24.0,0.0,True,22.0,True,80.0,False,2026-10-07 17:57:30.714000+00:00,0.0,0.0,4.75,26.72,0.06708203932497211,0.0,4.75,True,False,False,True,False,False,,,,False,False,False,False,False,False,False,True,False,False,False,WARNING
,1791395851714.0,temperature,True,0.966,rear_center,26.99,OK,MONITORING,True,24.0,0.0,True,22.0,True,80.0,False,2026-10-07 17:57:31.714000+00:00,0.23999999999999844,0.0,4.989999999999998,26.798000000000002,0.1073312629199896,14.399999999999906,4.989999999999998,True,False,False,True,False,False,,,,False,True,False,False,False,False,False,True,False,False,False,HIGH
,1791395853714.0,window_state,True,0.966,rear_center,26.99,OK,MONITORING,True,24.0,0.0,True,22.0,True,80.0,False,2026-10-07 17:57:33.714000+00:00,0.0,0.0,4.989999999999998,26.845999999999997,0.13145341380123945,0.0,4.989999999999998,True,False,False,True,False,False,,,,False,False,False,False,False,False,False,True,False,False,False,WARNING
,1791395854714.0,hvac_state,True,0.966,rear_center,26.99,OK,MONITORING,True,24.0,0.0,True,22.0,True,80.0,False,2026-10-07 17:57:34.714000+00:00,0.0,0.0,4.989999999999998,26.894,0.13145341380123873,0.0,4.989999999999998,True,False,False,True,False,False,,,,False,False,False,False,False,False,False,True,False,False,False,WARNING
,1791395855714.0,temperature,True,0.966,rear_center,27.15,OK,MONITORING,True,24.0,0.0,True,22.0,True,80.0,False,2026-10-07 17:57:35.714000+00:00,0.16000000000000014,0.0,5.149999999999999,26.974,0.14310835055998308,9.600000000000009,5.149999999999999,True,False,False,True,False,False,,,,False,True,False,False,False,False,False,True,False,False,False,HIGH
,1791395857714.0,child_presence,True,0.967,rear_center,27.15,OK,MONITORING,True,24.0,0.0,True,22.0,True,80.0,False,2026-10-07 17:57:37.714000+00:00,0.0,0.0,5.149999999999999,27.053999999999995,0.0876356092008165,0.0,5.149999999999999,True,False,False,True,False,False,,,,False,False,False,False,False,False,False,True,False,False,False,WARNING
,1791395859714.0,window_state,True,0.967,rear_center,27.15,OK,MONITORING,True,24.0,0.0,True,22.0,True,80.0,False,2026-10-07 17:57:39.714000+00:00,0.0,0.0,5.149999999999999,27.086000000000002,0.08763560920081472,0.0,5.149999999999999,True,False,False,True,False,False,,,,False,False,False,False,False,False,False,True,False,False,False,WARNING
,1791395860714.0,hvac_state,True,0.967,rear_center,27.15,OK,MONITORING,True,24.0,0.0,True,22.0,True,80.0,False,2026-10-07 17:57:40.714000+00:00,0.0,0.0,5.149999999999999,27.118000000000002,0.07155417527997673,0.0,5.149999999999999,True,False,False,True,False,False,,,,False,False,False,False,False,False,False,True,False,False,False,WARNING
,1791395861714.0,temperature,True,0.967,rear_center,27.38,OK,MONITORING,True,24.0,0.0,True,22.0,True,80.0,False,2026-10-07 17:57:41.714000+00:00,0.23000000000000043,0.0,5.379999999999999,27.195999999999998,0.10285912696499072,13.800000000000026,5.379999999999999,True,False,False,True,False,False,,,,False,True,False,False,False,False,False,True,False,False,False,HIGH
,1791395863714.0,window_state,True,0.967,rear_center,27.38,OK,MONITORING,True,24.0,0.0,True,22.0,True,80.0,False,2026-10-07 17:57:43.714000+00:00,0.0,0.0,5.379999999999999,27.241999999999997,0.12597618822618936,0.0,5.379999999999999,True,False,False,True,False,False,,,,False,False,False,False,False,False,False,True,False,False,False,WARNING
,1791395864714.0,hvac_state,True,0.967,rear_center,27.38,OK,MONITORING,True,24.0,0.0,True,22.0,True,80.0,False,2026-10-07 17:57:44.714000+00:00,0.0,0.0,5.379999999999999,27.288,0.1259761882261901,0.0,5.379999999999999,True,False,False,True,False,False,,,,False,False,False,False,False,False,False,True,False,False,False,WARNING
,1791395865714.0,temperature,True,0.967,rear_center,30.0,OK,MONITORING,True,24.0,0.0,True,22.0,True,80.0,False,2026-10-07 17:57:45.714000+00:00,2.620000000000001,0.0,8.0,27.857999999999997,1.201549000249263,157.20000000000007,8.0,True,False,False,True,True,True,,,,False,True,False,False,False,False,False,True,True,True,False,CRITICAL
,1791395867714.0,child_presence,True,0.959,rear_center,30.0,OK,MONITORING,True,24.0,0.0,True,22.0,True,80.0,False,2026-10-07 17:57:47.714000+00:00,0.0,0.0,8.0,28.427999999999997,1.4350331006635377,0.0,8.0,True,False,False,True,True,True,,,,False,False,False,False,False,False,False,True,True,True,False,CRITICAL
,1791395869714.0,window_state,True,0.959,rear_center,30.0,OK,MONITORING,True,24.0,0.0,True,22.0,True,80.0,False,2026-10-07 17:57:49.714000+00:00,0.0,0.0,8.0,28.951999999999998,1.4350331006635384,0.0,8.0,True,False,False,True,True,True,,,,False,False,False,False,False,False,False,True,True,True,False,CRITICAL
,1791395870714.0,hvac_state,True,0.959,rear_center,30.0,OK,MONITORING,True,24.0,0.0,True,22.0,True,80.0,False,2026-10-07 17:57:50.714000+00:00,0.0,0.0,8.0,29.476,1.1716996202098942,0.0,8.0,True,False,False,True,True,True,,,,False,False,False,False,False,False,False,True,True,True,False,CRITICAL
,1791395871714.0,temperature,True,0.959,rear_center,29.47,OK,MONITORING,True,24.0,0.0,True,22.0,True,80.0,False,2026-10-07 17:57:51.714000+00:00,-0.5300000000000011,0.0,7.469999999999999,29.894,0.2370232056149778,-31.800000000000068,7.469999999999999,True,False,False,True,True,False,,,,False,False,False,False,False,False,False,True,True,False,False,CRITICAL
,1791395873714.0,window_state,True,0.959,rear_center,29.47,OK,MONITORING,True,24.0,0.0,True,22.0,True,80.0,False,2026-10-07 17:57:53.714000+00:00,0.0,0.0,7.469999999999999,29.788,0.29029295547773837,0.0,7.469999999999999,True,False,False,True,True,False,,,,False,False,False,False,False,False,False,True,True,False,False,CRITICAL
,1791395874714.0,hvac_state,True,0.959,rear_center,29.47,OK,MONITORING,True,24.0,0.0,True,22.0,True,80.0,False,2026-10-07 17:57:54.714000+00:00,0.0,0.0,7.469999999999999,29.682,0.29029295547773837,0.0,7.469999999999999,True,False,False,True,True,False,,,,False,False,False,False,False,False,False,True,True,False,False,CRITICAL
,1791395875714.0,temperature,True,0.959,rear_center,29.11,OK,MONITORING,True,24.0,0.0,True,22.0,True,80.0,False,2026-10-07 17:57:55.714000+00:00,-0.35999999999999943,0.0,7.109999999999999,29.504,0.318088038127811,-21.599999999999966,7.109999999999999,True,False,False,True,True,False,,,,False,False,False,False,False,False,False,True,True,False,False,CRITICAL
,1791395877714.0,child_presence,True,0.969,rear_center,29.11,OK,MONITORING,True,24.0,0.0,True,22.0,True,80.0,False,2026-10-07 17:57:57.714000+00:00,0.0,0.0,7.109999999999999,29.326,0.19718012070185592,0.0,7.109999999999999,True,False,False,True,True,False,,,,False,False,False,False,False,False,False,True,True,False,False,CRITICAL
,1791395879714.0,window_state,True,0.969,rear_center,29.11,OK,MONITORING,True,24.0,0.0,True,22.0,True,80.0,False,2026-10-07 17:57:59.714000+00:00,0.0,0.0,7.109999999999999,29.254,0.19718012070185487,0.0,7.109999999999999,True,False,False,True,True,False,,,,False,False,False,False,False,False,False,True,True,False,False,CRITICAL
,1791395880714.0,hvac_state,True,0.969,rear_center,29.11,OK,MONITORING,True,24.0,0.0,True,22.0,True,80.0,False,2026-10-07 17:58:00.714000+00:00,0.0,0.0,7.109999999999999,29.182,0.16099689437997755,0.0,7.109999999999999,True,False,False,True,True,False,,,,False,False,False,False,False,False,False,True,True,False,False,CRITICAL
,1791395881714.0,temperature,True,0.969,rear_center,28.58,OK,MONITORING,True,24.0,0.0,True,22.0,True,80.0,False,2026-10-07 17:58:01.714000+00:00,-0.5300000000000011,0.0,6.579999999999998,29.004,0.2370232056149778,-31.800000000000068,6.579999999999998,True,False,False,True,True,False,,,,False,False,False,False,False,False,False,True,True,False,False,CRITICAL
,1791395883714.0,window_state,True,0.969,rear_center,28.58,OK,MONITORING,True,24.0,0.0,True,22.0,True,80.0,False,2026-10-07 17:58:03.714000+00:00,0.0,0.0,6.579999999999998,28.898000000000003,0.29029295547773837,0.0,6.579999999999998,True,False,False,True,True,False,,,,False,False,False,False,False,False,False,True,True,False,False,CRITICAL
,1791395884714.0,hvac_state,True,0.969,rear_center,28.58,OK,MONITORING,True,24.0,0.0,True,22.0,True,80.0,False,2026-10-07 17:58:04.714000+00:00,0.0,0.0,6.579999999999998,28.792,0.29029295547773837,0.0,6.579999999999998,True,False,False,True,True,False,,,,False,False,False,False,False,False,False,True,True,False,False,CRITICAL
,1791395885714.0,temperature,True,0.969,rear_center,28.23,OK,MONITORING,True,24.0,0.0,True,22.0,True,80.0,False,2026-10-07 17:58:05.714000+00:00,-0.34999999999999787,0.0,6.23,28.615999999999996,0.3150079364079574,-20.999999999999872,6.23,True,False,False,True,True,False,,,,False,False,False,False,False,False,False,True,True,False,False,CRITICAL
,1791395887714.0,child_presence,True,0.965,rear_center,28.23,OK,MONITORING,True,24.0,0.0,True,22.0,True,80.0,False,2026-10-07 17:58:07.714000+00:00,0.0,0.0,6.23,28.439999999999998,0.19170289512680763,0.0,6.23,True,False,False,True,True,False,,,,False,False,False,False,False,False,False,True,True,False,False,CRITICAL
,1791395889714.0,window_state,True,0.965,rear_center,28.23,OK,MONITORING,True,24.0,0.0,True,22.0,True,80.0,False,2026-10-07 17:58:09.714000+00:00,0.0,0.0,6.23,28.369999999999997,0.19170289512680838,0.0,6.23,True,False,False,True,True,False,,,,False,False,False,False,False,False,False,True,True,False,False,CRITICAL
,1791395890714.0,hvac_state,True,0.965,rear_center,28.23,OK,MONITORING,True,24.0,0.0,True,22.0,True,80.0,False,2026-10-07 17:58:10.714000+00:00,0.0,0.0,6.23,28.3,0.15652475842498698,0.0,6.23,True,False,False,True,True,False,,,,False,False,False,False,False,False,False,True,True,False,False,CRITICAL
,1791395891714.0,temperature,True,0.965,rear_center,27.7,OK,MONITORING,True,24.0,0.0,True,22.0,True,80.0,False,2026-10-07 17:58:11.714000+00:00,-0.5300000000000011,0.0,5.699999999999999,28.124000000000002,0.2370232056149778,-31.800000000000068,5.699999999999999,True,False,False,True,False,False,,,,False,False,False,False,False,False,False,True,False,False,False,WARNING
,1791395893714.0,window_state,True,0.965,rear_center,27.7,OK,MONITORING,True,24.0,0.0,True,22.0,True,80.0,False,2026-10-07 17:58:13.714000+00:00,0.0,0.0,5.699999999999999,28.018,0.29029295547773715,0.0,5.699999999999999,True,False,False,True,False,False,,,,False,False,False,False,False,False,False,True,False,False,False,WARNING
,1791395894714.0,hvac_state,True,0.965,rear_center,27.7,OK,MONITORING,True,24.0,0.0,True,22.0,True,80.0,False,2026-10-07 17:58:14.714000+00:00,0.0,0.0,5.699999999999999,27.912,0.29029295547773565,0.0,5.699999999999999,True,False,False,True,False,False,,,,False,False,False,False,False,False,False,True,False,False,False,WARNING
,1791395895714.0,temperature,True,0.965,rear_center,27.34,OK,MONITORING,True,24.0,0.0,True,22.0,True,80.0,False,2026-10-07 17:58:15.714000+00:00,-0.35999999999999943,0.0,5.34,27.734,0.318088038127807,-21.599999999999966,5.34,True,False,False,True,False,False,,,,False,False,False,False,False,False,False,True,False,False,False,WARNING
,1791395897714.0,child_presence,True,0.967,rear_center,27.34,OK,MONITORING,True,24.0,0.0,True,22.0,True,80.0,False,2026-10-07 17:58:17.714000+00:00,0.0,0.0,5.34,27.556,0.19718012070185165,0.0,5.34,True,False,False,True,False,False,,,,False,False,False,False,False,False,False,True,False,False,False,WARNING
,1791395899714.0,window_state,True,0.967,rear_center,27.34,OK,MONITORING,True,24.0,0.0,True,22.0,True,80.0,False,2026-10-07 17:58:19.714000+00:00,0.0,0.0,5.34,27.483999999999998,0.1971801207018527,0.0,5.34,True,False,False,True,False,False,,,,False,False,False,False,False,False,False,True,False,False,False,WARNING
,1791395900714.0,hvac_state,True,0.967,rear_center,27.34,OK,MONITORING,True,24.0,0.0,True,22.0,True,80.0,False,2026-10-07 17:58:20.714000+00:00,0.0,0.0,5.34,27.412,0.16099689437997775,0.0,5.34,True,False,False,True,False,False,,,,False,False,False,False,False,False,False,True,False,False,False,WARNING
,1791395901714.0,temperature,True,0.967,rear_center,26.81,OK,MONITORING,True,24.0,0.0,True,22.0,True,80.0,False,2026-10-07 17:58:21.714000+00:00,-0.5300000000000011,0.0,4.809999999999999,27.234,0.2370232056149778,-31.800000000000068,4.809999999999999,True,False,False,True,False,False,,,,False,False,False,False,False,False,False,True,False,False,False,WARNING
,1791395903714.0,window_state,True,0.967,rear_center,26.81,OK,MONITORING,True,24.0,0.0,True,22.0,True,80.0,False,2026-10-07 17:58:23.714000+00:00,0.0,0.0,4.809999999999999,27.127999999999997,0.29029295547773715,0.0,4.809999999999999,True,False,False,True,False,False,,,,False,False,False,False,False,False,False,True,False,False,False,WARNING
,1791395904714.0,hvac_state,True,0.967,rear_center,26.81,OK,MONITORING,True,24.0,0.0,True,22.0,True,80.0,False,2026-10-07 17:58:24.714000+00:00,0.0,0.0,4.809999999999999,27.022,0.29029295547773565,0.0,4.809999999999999,True,False,False,True,False,False,,,,False,False,False,False,False,False,False,True,False,False,False,WARNING
,1791395905714.0,temperature,True,0.967,rear_center,26.46,OK,MONITORING,True,24.0,0.0,True,22.0,True,80.0,False,2026-10-07 17:58:25.714000+00:00,-0.34999999999999787,0.0,4.460000000000001,26.845999999999997,0.31500793640795266,-20.999999999999872,4.460000000000001,True,False,False,True,False,False,,,,False,False,False,False,False,False,False,True,False,False,False,WARNING
,1791395907714.0,child_presence,True,0.966,rear_center,26.46,OK,MONITORING,True,24.0,0.0,True,22.0,True,80.0,False,2026-10-07 17:58:27.714000+00:00,0.0,0.0,4.460000000000001,26.669999999999998,0.1917028951267962,0.0,4.460000000000001,True,False,False,True,False,False,,,,False,False,False,False,False,False,False,True,False,False,False,WARNING
,1791395909714.0,window_state,True,0.966,rear_center,26.46,OK,MONITORING,True,24.0,0.0,True,22.0,True,80.0,False,2026-10-07 17:58:29.714000+00:00,0.0,0.0,4.460000000000001,26.6,0.19170289512679548,0.0,4.460000000000001,True,False,False,True,False,False,,,,False,False,False,False,False,False,False,True,False,False,False,WARNING
,1791395910714.0,hvac_state,True,0.966,rear_center,26.46,OK,MONITORING,True,24.0,0.0,True,22.0,True,80.0,False,2026-10-07 17:58:30.714000+00:00,0.0,0.0,4.460000000000001,26.53,0.15652475842496963,0.0,4.460000000000001,True,False,False,True,False,False,,,,False,False,False,False,False,False,False,True,False,False,False,WARNING
,1791395911714.0,temperature,True,0.966,rear_center,25.92,OK,MONITORING,True,24.0,0.0,True,22.0,True,80.0,False,2026-10-07 17:58:31.714000+00:00,-0.5399999999999991,0.0,3.9200000000000017,26.351999999999997,0.2414953415699767,-32.39999999999995,3.9200000000000017,True,False,False,False,False,False,,,,False,False,False,False,False,False,False,False,False,False,False,NORMAL
,1791395913714.0,window_state,True,0.966,rear_center,25.92,OK,MONITORING,True,24.0,0.0,True,22.0,True,80.0,False,2026-10-07 17:58:33.714000+00:00,0.0,0.0,3.9200000000000017,26.244,0.29577018105278846,0.0,3.9200000000000017,True,False,False,False,False,False,,,,False,False,False,False,False,False,False,False,False,False,False,NORMAL
,1791395914714.0,hvac_state,True,0.966,rear_center,25.92,OK,MONITORING,True,24.0,0.0,True,22.0,True,80.0,False,2026-10-07 17:58:34.714000+00:00,0.0,0.0,3.9200000000000017,26.136000000000003,0.2957701810527874,0.0,3.9200000000000017,True,False,False,False,False,False,,,,False,False,False,False,False,False,False,False,False,False,False,NORMAL
,1791395915714.0,temperature,True,0.966,rear_center,25.57,OK,MONITORING,True,24.0,0.0,True,22.0,True,80.0,False,2026-10-07 17:58:35.714000+00:00,-0.3500000000000014,0.0,3.5700000000000003,25.958000000000006,0.31893573020280763,-21.000000000000085,3.5700000000000003,True,False,False,False,False,False,,,,False,False,False,False,False,False,False,False,False,False,False,NORMAL
,1791395917714.0,child_presence,True,0.97,rear_center,25.57,OK,MONITORING,True,24.0,0.0,True,22.0,True,80.0,False,2026-10-07 17:58:37.714000+00:00,0.0,0.0,3.5700000000000003,25.78,0.19170289512679956,0.0,3.5700000000000003,True,False,False,False,False,False,,,,False,False,False,False,False,False,False,False,False,False,False,NORMAL
,1791395919714.0,window_state,True,0.97,rear_center,25.57,OK,MONITORING,True,24.0,0.0,True,22.0,True,80.0,False,2026-10-07 17:58:39.714000+00:00,0.0,0.0,3.5700000000000003,25.71,0.1917028951267981,0.0,3.5700000000000003,True,False,False,False,False,False,,,,False,False,False,False,False,False,False,False,False,False,False,NORMAL
,1791395920714.0,hvac_state,True,0.97,rear_center,25.57,OK,MONITORING,True,24.0,0.0,True,22.0,True,80.0,False,2026-10-07 17:58:40.714000+00:00,0.0,0.0,3.5700000000000003,25.639999999999997,0.1565247584249705,0.0,3.5700000000000003,True,False,False,False,False,False,,,,False,False,False,False,False,False,False,False,False,False,False,NORMAL
,1791395921714.0,temperature,True,0.97,rear_center,25.04,OK,MONITORING,True,24.0,0.0,True,22.0,True,80.0,False,2026-10-07 17:58:41.714000+00:00,-0.5300000000000011,0.0,3.039999999999999,25.464,0.2370232056149778,-31.800000000000068,3.039999999999999,True,False,False,False,False,False,,,,False,False,False,False,False,False,False,False,False,False,False,NORMAL
,1791395923714.0,window_state,True,0.97,rear_center,25.04,OK,MONITORING,True,24.0,0.0,True,22.0,True,80.0,False,2026-10-07 17:58:43.714000+00:00,0.0,0.0,3.039999999999999,25.358,0.29029295547773837,0.0,3.039999999999999,True,False,False,False,False,False,,,,False,False,False,False,False,False,False,False,False,False,False,NORMAL
,1791395924714.0,hvac_state,True,0.97,rear_center,25.04,OK,MONITORING,True,24.0,0.0,True,22.0,True,80.0,False,2026-10-07 17:58:44.714000+00:00,0.0,0.0,3.039999999999999,25.252,0.29029295547773837,0.0,3.039999999999999,True,False,False,False,False,False,,,,False,False,False,False,False,False,False,False,False,False,False,NORMAL
,1791395925714.0,temperature,True,0.97,rear_center,24.68,OK,MONITORING,True,24.0,0.0,True,22.0,True,80.0,False,2026-10-07 17:58:45.714000+00:00,-0.35999999999999943,0.0,2.6799999999999997,25.074,0.318088038127811,-21.599999999999966,2.6799999999999997,True,False,False,False,False,False,,,,False,False,False,False,False,False,False,False,False,False,False,NORMAL
,1791395927714.0,child_presence,True,0.961,rear_center,24.68,OK,MONITORING,True,24.0,0.0,True,22.0,True,80.0,False,2026-10-07 17:58:47.714000+00:00,0.0,0.0,2.6799999999999997,24.895999999999997,0.19718012070185592,0.0,2.6799999999999997,True,False,False,False,False,False,,,,False,False,False,False,False,False,False,False,False,False,False,NORMAL
,1791395929714.0,window_state,True,0.961,rear_center,24.68,OK,MONITORING,True,24.0,0.0,True,22.0,True,80.0,False,2026-10-07 17:58:49.714000+00:00,0.0,0.0,2.6799999999999997,24.824,0.19718012070185487,0.0,2.6799999999999997,True,False,False,False,False,False,,,,False,False,False,False,False,False,False,False,False,False,False,NORMAL
,1791395930714.0,hvac_state,True,0.961,rear_center,24.68,OK,MONITORING,True,24.0,0.0,True,22.0,True,80.0,False,2026-10-07 17:58:50.714000+00:00,0.0,0.0,2.6799999999999997,24.752,0.16099689437997755,0.0,2.6799999999999997,True,False,False,False,False,False,,,,False,False,False,False,False,False,False,False,False,False,False,NORMAL
,1791395931714.0,temperature,True,0.961,rear_center,24.15,OK,MONITORING,True,24.0,0.0,True,22.0,True,80.0,False,2026-10-07 17:58:51.714000+00:00,-0.5300000000000011,0.0,2.1499999999999986,24.574,0.2370232056149778,-31.800000000000068,2.1499999999999986,True,False,False,False,False,False,,,,False,False,False,False,False,False,False,False,False,False,False,NORMAL
,1791395933714.0,window_state,True,0.961,rear_center,24.15,OK,MONITORING,True,24.0,0.0,True,22.0,True,80.0,False,2026-10-07 17:58:53.714000+00:00,0.0,0.0,2.1499999999999986,24.467999999999996,0.29029295547773837,0.0,2.1499999999999986,True,False,False,False,False,False,,,,False,False,False,False,False,False,False,False,False,False,False,NORMAL
,1791395934714.0,hvac_state,True,0.961,rear_center,24.15,OK,MONITORING,True,24.0,0.0,True,22.0,True,80.0,False,2026-10-07 17:58:54.714000+00:00,0.0,0.0,2.1499999999999986,24.362000000000002,0.29029295547773837,0.0,2.1499999999999986,True,False,False,False,False,False,,,,False,False,False,False,False,False,False,False,False,False,False,NORMAL
,1791395935714.0,temperature,True,0.961,rear_center,23.8,OK,MONITORING,True,24.0,0.0,True,22.0,True,80.0,False,2026-10-07 17:58:55.714000+00:00,-0.34999999999999787,0.0,1.8000000000000007,24.186,0.3150079364079574,-20.999999999999872,1.8000000000000007,True,False,False,False,False,False,,,,False,False,False,False,False,False,False,False,False,False,False,NORMAL
,1791395937714.0,child_presence,True,0.963,rear_center,23.8,OK,MONITORING,True,24.0,0.0,True,22.0,True,80.0,False,2026-10-07 17:58:57.714000+00:00,0.0,0.0,1.8000000000000007,24.009999999999998,0.19170289512680763,0.0,1.8000000000000007,True,False,False,False,False,False,,,,False,False,False,False,False,False,False,False,False,False,False,NORMAL
,1791395939714.0,window_state,True,0.963,rear_center,23.8,OK,MONITORING,True,24.0,0.0,True,22.0,True,80.0,False,2026-10-07 17:58:59.714000+00:00,0.0,0.0,1.8000000000000007,23.939999999999998,0.19170289512680838,0.0,1.8000000000000007,True,False,False,False,False,False,,,,False,False,False,False,False,False,False,False,False,False,False,NORMAL
,1791395940714.0,hvac_state,True,0.963,rear_center,23.8,OK,MONITORING,True,24.0,0.0,True,22.0,True,80.0,False,2026-10-07 17:59:00.714000+00:00,0.0,0.0,1.8000000000000007,23.87,0.15652475842498698,0.0,1.8000000000000007,True,False,False,False,False,False,,,,False,False,False,False,False,False,False,False,False,False,False,NORMAL
,1791395941714.0,temperature,True,0.963,rear_center,23.27,OK,MONITORING,True,24.0,0.0,True,22.0,True,80.0,False,2026-10-07 17:59:01.714000+00:00,-0.5300000000000011,0.0,1.2699999999999996,23.694,0.2370232056149778,-31.800000000000068,1.2699999999999996,True,False,False,False,False,False,,,,False,False,False,False,False,False,False,False,False,False,False,NORMAL
,1791395943714.0,window_state,True,0.963,rear_center,23.27,OK,MONITORING,True,24.0,0.0,True,22.0,True,80.0,False,2026-10-07 17:59:03.714000+00:00,0.0,0.0,1.2699999999999996,23.588,0.29029295547773715,0.0,1.2699999999999996,True,False,False,False,False,False,,,,False,False,False,False,False,False,False,False,False,False,False,NORMAL
,1791395944714.0,hvac_state,True,0.963,rear_center,23.27,OK,MONITORING,True,24.0,0.0,True,22.0,True,80.0,False,2026-10-07 17:59:04.714000+00:00,0.0,0.0,1.2699999999999996,23.482,0.29029295547773565,0.0,1.2699999999999996,True,False,False,False,False,False,,,,False,False,False,False,False,False,False,False,False,False,False,NORMAL
,1791395945714.0,temperature,True,0.963,rear_center,24.1,OK,MONITORING,True,24.0,0.0,True,22.0,True,80.0,False,2026-10-07 17:59:05.714000+00:00,0.8300000000000018,0.0,2.1000000000000014,23.541999999999998,0.3872596028505931,49.80000000000011,2.1000000000000014,True,False,False,False,False,False,,,,False,True,False,False,False,False,False,False,False,False,False,HIGH
,1791395947714.0,child_presence,True,0.981,rear_center,24.1,OK,MONITORING,True,24.0,0.0,True,22.0,True,80.0,False,2026-10-07 17:59:07.714000+00:00,0.0,0.0,2.1000000000000014,23.601999999999997,0.454609722729287,0.0,2.1000000000000014,True,False,False,False,False,False,,,,False,False,False,False,False,False,False,False,False,False,False,NORMAL
,1791395949714.0,window_state,True,0.981,rear_center,24.1,OK,MONITORING,True,24.0,0.0,True,22.0,True,80.0,False,2026-10-07 17:59:09.714000+00:00,0.0,0.0,2.1000000000000014,23.768,0.4546097227292867,0.0,2.1000000000000014,True,False,False,False,False,False,,,,False,False,False,False,False,False,False,False,False,False,False,NORMAL
,1791395950714.0,hvac_state,True,0.981,rear_center,24.1,OK,MONITORING,True,24.0,0.0,True,22.0,True,50.0,False,2026-10-07 17:59:10.714000+00:00,0.0,0.0,2.1000000000000014,23.934000000000005,0.371187284264963,0.0,2.1000000000000014,False,False,False,False,False,False,,,,False,False,False,False,False,False,False,False,False,False,False,NORMAL
,1791395951714.0,temperature,True,0.981,rear_center,24.1,OK,MONITORING,True,24.0,0.0,True,22.0,True,50.0,False,2026-10-07 17:59:11.714000+00:00,0.0,0.0,2.1000000000000014,24.1,0.0,0.0,2.1000000000000014,False,False,False,False,False,False,,,,False,False,False,False,False,False,False,False,False,False,False,NORMAL
,1791395953714.0,window_state,True,0.981,rear_center,24.1,OK,MONITORING,True,24.0,0.0,True,22.0,True,50.0,False,2026-10-07 17:59:13.714000+00:00,0.0,0.0,2.1000000000000014,24.1,0.0,0.0,2.1000000000000014,False,False,False,False,False,False,,,,False,False,False,False,False,False,False,False,False,False,False,NORMAL
,1791395954714.0,hvac_state,True,0.981,rear_center,24.1,OK,MONITORING,True,24.0,0.0,True,22.0,True,50.0,False,2026-10-07 17:59:14.714000+00:00,0.0,0.0,2.1000000000000014,24.1,0.0,0.0,2.1000000000000014,False,False,False,False,False,False,,,,False,False,False,False,False,False,False,False,False,False,False,NORMAL
,1791395955714.0,temperature,True,0.981,rear_center,24.1,OK,MONITORING,True,24.0,0.0,True,22.0,True,50.0,False,2026-10-07 17:59:15.714000+00:00,0.0,0.0,2.1000000000000014,24.1,0.0,0.0,2.1000000000000014,False,False,False,False,False,False,,,,False,False,False,False,False,False,False,False,False,False,False,NORMAL
,1791395957714.0,child_presence,True,0.964,rear_center,24.1,OK,MONITORING,True,24.0,0.0,True,22.0,True,50.0,False,2026-10-07 17:59:17.714000+00:00,0.0,0.0,2.1000000000000014,24.1,0.0,0.0,2.1000000000000014,False,False,False,False,False,False,,,,False,False,False,False,False,False,False,False,False,False,False,NORMAL
,1791395959714.0,window_state,True,0.964,rear_center,24.1,OK,MONITORING,True,24.0,0.0,True,22.0,True,50.0,False,2026-10-07 17:59:19.714000+00:00,0.0,0.0,2.1000000000000014,24.1,0.0,0.0,2.1000000000000014,False,False,False,False,False,False,,,,False,False,False,False,False,False,False,False,False,False,False,NORMAL
,1791395960714.0,hvac_state,True,0.964,rear_center,24.1,OK,MONITORING,True,24.0,0.0,True,22.0,True,50.0,False,2026-10-07 17:59:20.714000+00:00,0.0,0.0,2.1000000000000014,24.1,0.0,0.0,2.1000000000000014,False,False,False,False,False,False,,,,False,False,False,False,False,False,False,False,False,False,False,NORMAL
,1791395961714.0,temperature,True,0.964,rear_center,24.1,OK,MONITORING,True,24.0,0.0,True,22.0,True,50.0,False,2026-10-07 17:59:21.714000+00:00,0.0,0.0,2.1000000000000014,24.1,0.0,0.0,2.1000000000000014,False,False,False,False,False,False,,,,False,False,False,False,False,False,False,False,False,False,False,NORMAL
,1791395963714.0,window_state,True,0.964,rear_center,24.1,OK,MONITORING,True,24.0,0.0,True,22.0,True,50.0,False,2026-10-07 17:59:23.714000+00:00,0.0,0.0,2.1000000000000014,24.1,0.0,0.0,2.1000000000000014,False,False,False,False,False,False,,,,False,False,False,False,False,False,False,False,False,False,False,NORMAL
,1791395964714.0,hvac_state,True,0.964,rear_center,24.1,OK,MONITORING,True,24.0,0.0,True,22.0,True,50.0,False,2026-10-07 17:59:24.714000+00:00,0.0,0.0,2.1000000000000014,24.1,0.0,0.0,2.1000000000000014,False,False,False,False,False,False,,,,False,False,False,False,False,False,False,False,False,False,False,NORMAL
,1791395965714.0,temperature,True,0.964,rear_center,24.1,OK,MONITORING,True,24.0,0.0,True,22.0,True,50.0,False,2026-10-07 17:59:25.714000+00:00,0.0,0.0,2.1000000000000014,24.1,0.0,0.0,2.1000000000000014,False,False,False,False,False,False,,,,False,False,False,False,False,False,False,False,False,False,False,NORMAL
,1791395967714.0,child_presence,True,0.965,rear_center,24.1,OK,MONITORING,True,24.0,0.0,True,22.0,True,50.0,False,2026-10-07 17:59:27.714000+00:00,0.0,0.0,2.1000000000000014,24.1,0.0,0.0,2.1000000000000014,False,False,False,False,False,False,,,,False,False,False,False,False,False,False,False,False,False,False,NORMAL
,1791395969714.0,window_state,True,0.965,rear_center,24.1,OK,MONITORING,True,24.0,0.0,True,22.0,True,50.0,False,2026-10-07 17:59:29.714000+00:00,0.0,0.0,2.1000000000000014,24.1,0.0,0.0,2.1000000000000014,False,False,False,False,False,False,,,,False,False,False,False,False,False,False,False,False,False,False,NORMAL
,1791395970714.0,hvac_state,True,0.965,rear_center,24.1,OK,MONITORING,True,24.0,0.0,True,22.0,True,50.0,False,2026-10-07 17:59:30.714000+00:00,0.0,0.0,2.1000000000000014,24.1,0.0,0.0,2.1000000000000014,False,False,False,False,False,False,,,,False,False,False,False,False,False,False,False,False,False,False,NORMAL
,1791395971714.0,temperature,True,0.965,rear_center,31.5,DEGRADED,MONITORING,True,24.0,0.0,True,22.0,True,50.0,False,2026-10-07 17:59:31.714000+00:00,7.399999999999999,0.0,9.5,25.580000000000002,3.309380606699688,443.99999999999994,9.5,False,False,False,True,True,True,,,,False,False,False,False,False,False,True,True,True,True,False,CRITICAL
,1791395973714.0,window_state,True,0.965,rear_center,31.5,DEGRADED,MONITORING,True,24.0,0.0,True,22.0,True,50.0,False,2026-10-07 17:59:33.714000+00:00,0.0,0.0,9.5,27.060000000000002,4.053146925538228,0.0,9.5,False,False,False,True,True,True,,,,False,False,False,False,False,False,True,True,True,True,False,CRITICAL
,1791395974714.0,hvac_state,True,0.965,rear_center,31.5,DEGRADED,MONITORING,True,24.0,0.0,True,22.0,True,50.0,False,2026-10-07 17:59:34.714000+00:00,0.0,0.0,9.5,28.540000000000003,4.053146925538227,0.0,9.5,False,False,False,True,True,True,,,,False,False,False,False,False,False,True,True,True,True,False,CRITICAL
,1791395975714.0,temperature,True,0.965,rear_center,31.5,DEGRADED,MONITORING,True,24.0,0.0,True,22.0,True,50.0,False,2026-10-07 17:59:35.714000+00:00,0.0,0.0,9.5,30.02,3.3093806066996856,0.0,9.5,False,False,False,True,True,True,,,,False,False,False,False,False,False,True,True,True,True,False,CRITICAL
,1791395977714.0,child_presence,True,0.979,rear_center,31.5,DEGRADED,MONITORING,True,24.0,0.0,True,22.0,True,50.0,False,2026-10-07 17:59:37.714000+00:00,0.0,0.0,9.5,31.5,0.0,0.0,9.5,False,False,False,True,True,True,,,,False,False,False,False,False,False,True,True,True,True,False,CRITICAL
,1791395979714.0,window_state,True,0.979,rear_center,31.5,DEGRADED,MONITORING,True,24.0,0.0,True,22.0,True,50.0,False,2026-10-07 17:59:39.714000+00:00,0.0,0.0,9.5,31.5,0.0,0.0,9.5,False,False,False,True,True,True,,,,False,False,False,False,False,False,True,True,True,True,False,CRITICAL
,1791395980714.0,hvac_state,True,0.979,rear_center,31.5,DEGRADED,MONITORING,True,24.0,0.0,True,22.0,True,50.0,False,2026-10-07 17:59:40.714000+00:00,0.0,0.0,9.5,31.5,0.0,0.0,9.5,False,False,False,True,True,True,,,,False,False,False,False,False,False,True,True,True,True,False,CRITICAL
,1791395981714.0,temperature,True,0.979,rear_center,31.5,DEGRADED,MONITORING,True,24.0,0.0,True,22.0,True,50.0,False,2026-10-07 17:59:41.714000+00:00,0.0,0.0,9.5,31.5,0.0,0.0,9.5,False,False,False,True,True,True,,,,False,False,False,False,False,False,True,True,True,True,False,CRITICAL
,1791395983714.0,window_state,True,0.979,rear_center,31.5,DEGRADED,MONITORING,True,24.0,0.0,True,22.0,True,50.0,False,2026-10-07 17:59:43.714000+00:00,0.0,0.0,9.5,31.5,0.0,0.0,9.5,False,False,False,True,True,True,,,,False,False,False,False,False,False,True,True,True,True,False,CRITICAL
,1791395984714.0,hvac_state,True,0.979,rear_center,31.5,DEGRADED,MONITORING,True,24.0,0.0,True,22.0,True,50.0,False,2026-10-07 17:59:44.714000+00:00,0.0,0.0,9.5,31.5,0.0,0.0,9.5,False,False,False,True,True,True,,,,False,False,False,False,False,False,True,True,True,True,False,CRITICAL
,1791395985714.0,temperature,True,0.979,rear_center,24.1,OK,MONITORING,True,24.0,0.0,True,22.0,True,50.0,False,2026-10-07 17:59:45.714000+00:00,-7.399999999999999,0.0,2.1000000000000014,30.020000000000003,3.309380606699688,-443.99999999999994,2.1000000000000014,False,False,False,False,False,False,,,,False,False,False,False,False,False,True,False,False,False,False,NORMAL
,1791395987714.0,child_presence,True,0.985,rear_center,24.1,OK,MONITORING,True,24.0,0.0,True,22.0,True,50.0,False,2026-10-07 17:59:47.714000+00:00,0.0,0.0,2.1000000000000014,28.540000000000003,4.053146925538228,0.0,2.1000000000000014,False,False,False,False,False,False,,,,False,False,False,False,False,False,True,False,False,False,False,NORMAL
,1791395989714.0,window_state,True,0.985,rear_center,24.1,OK,MONITORING,True,24.0,0.0,True,22.0,True,50.0,False,2026-10-07 17:59:49.714000+00:00,0.0,0.0,2.1000000000000014,27.060000000000002,4.053146925538227,0.0,2.1000000000000014,False,False,False,False,False,False,,,,False,False,False,False,False,False,True,False,False,False,False,NORMAL
,1791395990714.0,hvac_state,True,0.985,rear_center,24.1,OK,MONITORING,True,24.0,0.0,True,22.0,True,50.0,False,2026-10-07 17:59:50.714000+00:00,0.0,0.0,2.1000000000000014,25.580000000000002,3.3093806066996856,0.0,2.1000000000000014,False,False,False,False,False,False,,,,False,False,False,False,False,False,True,False,False,False,False,NORMAL
,1791395991714.0,temperature,True,0.985,rear_center,24.1,OK,MONITORING,True,24.0,0.0,True,22.0,True,50.0,False,2026-10-07 17:59:51.714000+00:00,0.0,0.0,2.1000000000000014,24.1,0.0,0.0,2.1000000000000014,False,False,False,False,False,False,,,,False,False,False,False,False,False,False,False,False,False,False,NORMAL
,1791395993714.0,window_state,True,0.985,rear_center,24.1,OK,MONITORING,True,24.0,0.0,True,22.0,True,50.0,False,2026-10-07 17:59:53.714000+00:00,0.0,0.0,2.1000000000000014,24.1,0.0,0.0,2.1000000000000014,False,False,False,False,False,False,,,,False,False,False,False,False,False,False,False,False,False,False,NORMAL
,1791395994714.0,hvac_state,True,0.985,rear_center,24.1,OK,MONITORING,True,24.0,0.0,True,22.0,True,50.0,False,2026-10-07 17:59:54.714000+00:00,0.0,0.0,2.1000000000000014,24.1,0.0,0.0,2.1000000000000014,False,False,False,False,False,False,,,,False,False,False,False,False,False,False,False,False,False,False,NORMAL
,1791395995714.0,temperature,True,0.985,rear_center,24.1,OK,MONITORING,True,24.0,0.0,True,22.0,True,50.0,False,2026-10-07 17:59:55.714000+00:00,0.0,0.0,2.1000000000000014,24.1,0.0,0.0,2.1000000000000014,False,False,False,False,False,False,,,,False,False,False,False,False,False,False,False,False,False,False,NORMAL
,1791395997714.0,child_presence,True,0.964,rear_center,24.1,OK,MONITORING,True,24.0,0.0,True,22.0,True,50.0,False,2026-10-07 17:59:57.714000+00:00,0.0,0.0,2.1000000000000014,24.1,0.0,0.0,2.1000000000000014,False,False,False,False,False,False,,,,False,False,False,False,False,False,False,False,False,False,False,NORMAL
,1791395999714.0,window_state,True,0.964,rear_center,24.1,OK,MONITORING,True,24.0,0.0,True,22.0,True,50.0,False,2026-10-07 17:59:59.714000+00:00,0.0,0.0,2.1000000000000014,24.1,0.0,0.0,2.1000000000000014,False,False,False,False,False,False,,,,False,False,False,False,False,False,False,False,False,False,False,NORMAL
,1791396000714.0,hvac_state,True,0.964,rear_center,24.1,OK,MONITORING,True,24.0,0.0,True,22.0,True,50.0,False,2026-10-07 18:00:00.714000+00:00,0.0,0.0,2.1000000000000014,24.1,0.0,0.0,2.1000000000000014,False,False,False,False,False,False,,,,False,False,False,False,False,False,False,False,False,False,False,NORMAL
,1791396001714.0,temperature,True,0.964,rear_center,24.1,OK,MONITORING,True,24.0,0.0,True,22.0,True,50.0,False,2026-10-07 18:00:01.714000+00:00,0.0,0.0,2.1000000000000014,24.1,0.0,0.0,2.1000000000000014,False,False,False,False,False,False,,,,False,False,False,False,False,False,False,False,False,False,False,NORMAL
,1791396003714.0,window_state,True,0.964,rear_center,24.1,OK,MONITORING,True,24.0,0.0,True,22.0,True,50.0,False,2026-10-07 18:00:03.714000+00:00,0.0,0.0,2.1000000000000014,24.1,0.0,0.0,2.1000000000000014,False,False,False,False,False,False,,,,False,False,False,False,False,False,False,False,False,False,False,NORMAL
,1791396004714.0,hvac_state,True,0.964,rear_center,24.1,OK,MONITORING,True,24.0,0.0,True,22.0,True,50.0,False,2026-10-07 18:00:04.714000+00:00,0.0,0.0,2.1000000000000014,24.1,0.0,0.0,2.1000000000000014,False,False,False,False,False,False,,,,False,False,False,False,False,False,False,False,False,False,False,NORMAL
,1791396005714.0,temperature,True,0.964,rear_center,24.0,OK,MONITORING,True,24.0,0.0,True,22.0,True,50.0,False,2026-10-07 18:00:05.714000+00:00,-0.10000000000000142,0.0,2.0,24.080000000000002,0.04472135954999663,-6.000000000000085,2.0,False,False,False,False,False,False,,,,False,False,False,False,False,False,False,False,False,False,False,NORMAL
,1791396007714.0,child_presence,True,0.968,rear_center,24.0,OK,MONITORING,True,24.0,0.0,True,22.0,True,50.0,False,2026-10-07 18:00:07.714000+00:00,0.0,0.0,2.0,24.060000000000002,0.05477225575051816,0.0,2.0,False,False,False,False,False,False,,,,False,False,False,False,False,False,False,False,False,False,False,NORMAL
,1791396009714.0,window_state,True,0.968,rear_center,24.0,OK,MONITORING,True,24.0,5.0,True,22.0,True,50.0,False,2026-10-07 18:00:09.714000+00:00,0.0,0.0,2.0,24.040000000000003,0.054772255750519215,0.0,2.0,False,True,False,False,False,False,,,,False,False,False,False,False,False,False,False,False,False,False,NORMAL
,1791396010714.0,hvac_state,True,0.968,rear_center,24.0,OK,MONITORING,True,24.0,5.0,True,22.0,True,80.0,False,2026-10-07 18:00:10.714000+00:00,0.0,0.0,2.0,24.02,0.0447213595499997,0.0,2.0,True,True,False,False,False,False,,,,False,False,False,False,False,False,False,False,False,False,False,NORMAL
,1791396011714.0,temperature,True,0.968,rear_center,24.15,OK,MONITORING,True,24.0,5.0,True,22.0,True,80.0,False,2026-10-07 18:00:11.714000+00:00,0.14999999999999858,0.0,2.1499999999999986,24.03,0.06708203932499265,8.999999999999915,2.1499999999999986,True,True,False,False,False,False,,,,False,True,False,False,False,False,False,False,False,False,False,HIGH
,1791396013714.0,window_state,True,0.968,rear_center,24.15,OK,MONITORING,True,24.0,10.0,True,22.0,True,80.0,False,2026-10-07 18:00:13.714000+00:00,0.0,0.0,2.1499999999999986,24.060000000000002,0.08215838362577292,0.0,2.1499999999999986,True,True,False,False,False,False,,,,False,False,False,False,False,False,False,False,False,False,False,NORMAL
,1791396014714.0,hvac_state,True,0.968,rear_center,24.15,OK,MONITORING,True,24.0,10.0,True,22.0,True,80.0,False,2026-10-07 18:00:14.714000+00:00,0.0,0.0,2.1499999999999986,24.09,0.08215838362577146,0.0,2.1499999999999986,True,True,False,False,False,False,,,,False,False,False,False,False,False,False,False,False,False,False,NORMAL
,1791396015714.0,temperature,True,0.968,rear_center,24.25,OK,MONITORING,True,24.0,10.0,True,22.0,True,80.0,False,2026-10-07 18:00:15.714000+00:00,0.10000000000000142,0.0,2.25,24.139999999999997,0.0894427190999859,6.000000000000085,2.25,True,True,False,False,False,False,,,,False,True,False,False,False,False,False,False,False,False,False,HIGH
,1791396017714.0,child_presence,True,0.972,rear_center,24.25,OK,MONITORING,True,24.0,10.0,True,22.0,True,80.0,False,2026-10-07 18:00:17.714000+00:00,0.0,0.0,2.25,24.189999999999998,0.054772255750502895,0.0,2.25,True,True,False,False,False,False,,,,False,False,False,False,False,False,False,False,False,False,False,NORMAL
,1791396019714.0,window_state,True,0.972,rear_center,24.25,OK,MONITORING,True,24.0,17.0,True,22.0,True,80.0,False,2026-10-07 18:00:19.714000+00:00,0.0,0.0,2.25,24.21,0.05477225575050039,0.0,2.25,True,True,False,False,False,False,,,,False,False,False,False,False,False,False,False,False,False,False,NORMAL
,1791396020714.0,hvac_state,True,0.972,rear_center,24.25,OK,MONITORING,True,24.0,17.0,True,22.0,True,80.0,False,2026-10-07 18:00:20.714000+00:00,0.0,0.0,2.25,24.23,0.044721359549973076,0.0,2.25,True,True,False,False,False,False,,,,False,False,False,False,False,False,False,False,False,False,False,NORMAL
,1791396021714.0,temperature,True,0.972,rear_center,24.41,OK,MONITORING,True,24.0,17.0,True,22.0,True,80.0,False,2026-10-07 18:00:21.714000+00:00,0.16000000000000014,0.0,2.41,24.282,0.07155417527999333,9.600000000000009,2.41,True,True,False,False,False,False,,,,False,True,False,False,False,False,False,False,False,False,False,HIGH
,1791396023714.0,window_state,True,0.972,rear_center,24.41,OK,MONITORING,True,24.0,22.0,True,22.0,True,80.0,False,2026-10-07 18:00:23.714000+00:00,0.0,0.0,2.41,24.314,0.08763560920082682,0.0,2.41,True,True,False,False,False,False,,,,False,False,False,False,False,False,False,False,False,False,False,NORMAL
,1791396024714.0,hvac_state,True,0.972,rear_center,24.41,OK,MONITORING,True,24.0,22.0,True,22.0,True,80.0,False,2026-10-07 18:00:24.714000+00:00,0.0,0.0,2.41,24.346,0.08763560920082715,0.0,2.41,True,True,False,False,False,False,,,,False,False,False,False,False,False,False,False,False,False,False,NORMAL
,1791396025714.0,temperature,True,0.972,rear_center,24.51,OK,MONITORING,True,24.0,22.0,True,22.0,True,80.0,False,2026-10-07 18:00:25.714000+00:00,0.10000000000000142,0.0,2.5100000000000016,24.398000000000003,0.09338094023943085,6.000000000000085,2.5100000000000016,True,True,False,False,False,False,,,,False,True,False,False,False,False,False,False,False,False,False,HIGH
,1791396027714.0,child_presence,True,0.979,rear_center,24.51,OK,MONITORING,True,24.0,22.0,True,22.0,True,80.0,False,2026-10-07 18:00:27.714000+00:00,0.0,0.0,2.5100000000000016,24.45,0.05477225575051937,0.0,2.5100000000000016,True,True,False,False,False,False,,,,False,False,False,False,False,False,False,False,False,False,False,NORMAL
,1791396029714.0,window_state,True,0.979,rear_center,24.51,OK,MONITORING,True,24.0,30.0,True,22.0,True,80.0,False,2026-10-07 18:00:29.714000+00:00,0.0,0.0,2.5100000000000016,24.470000000000002,0.05477225575051937,0.0,2.5100000000000016,True,True,False,False,False,False,,,,False,False,False,False,False,False,False,False,False,False,False,NORMAL
,1791396030714.0,hvac_state,True,0.979,rear_center,24.51,OK,MONITORING,True,24.0,30.0,True,22.0,True,80.0,False,2026-10-07 18:00:30.714000+00:00,0.0,0.0,2.5100000000000016,24.490000000000002,0.044721359549998105,0.0,2.5100000000000016,True,True,False,False,False,False,,,,False,False,False,False,False,False,False,False,False,False,False,NORMAL
,1791396031714.0,temperature,True,0.979,rear_center,24.66,OK,MONITORING,True,24.0,30.0,True,22.0,True,80.0,False,2026-10-07 18:00:31.714000+00:00,0.14999999999999858,0.0,2.66,24.54,0.06708203932499265,8.999999999999915,2.66,True,True,False,False,False,False,,,,False,True,False,False,False,False,False,False,False,False,False,HIGH
,1791396033714.0,window_state,True,0.979,rear_center,24.66,OK,MONITORING,True,24.0,35.0,True,22.0,True,80.0,False,2026-10-07 18:00:33.714000+00:00,0.0,0.0,2.66,24.57,0.08215838362577292,0.0,2.66,True,True,False,False,False,False,,,,False,False,False,False,False,False,False,False,False,False,False,NORMAL
,1791396034714.0,hvac_state,True,0.979,rear_center,24.66,OK,MONITORING,True,24.0,35.0,True,22.0,True,80.0,False,2026-10-07 18:00:34.714000+00:00,0.0,0.0,2.66,24.6,0.08215838362577146,0.0,2.66,True,True,False,False,False,False,,,,False,False,False,False,False,False,False,False,False,False,False,NORMAL
,1791396035714.0,temperature,True,0.979,rear_center,24.76,OK,MONITORING,True,24.0,35.0,True,22.0,True,80.0,False,2026-10-07 18:00:35.714000+00:00,0.10000000000000142,0.0,2.7600000000000016,24.65,0.0894427190999859,6.000000000000085,2.7600000000000016,True,True,False,False,False,False,,,,False,True,False,False,False,False,False,False,False,False,False,HIGH
,1791396037714.0,child_presence,True,0.965,rear_center,24.76,OK,MONITORING,True,24.0,35.0,True,22.0,True,80.0,False,2026-10-07 18:00:37.714000+00:00,0.0,0.0,2.7600000000000016,24.7,0.054772255750502895,0.0,2.7600000000000016,True,True,False,False,False,False,,,,False,False,False,False,False,False,False,False,False,False,False,NORMAL
,1791396039714.0,window_state,True,0.965,rear_center,24.76,OK,MONITORING,True,24.0,43.0,True,22.0,True,80.0,False,2026-10-07 18:00:39.714000+00:00,0.0,0.0,2.7600000000000016,24.720000000000002,0.05477225575050039,0.0,2.7600000000000016,True,True,False,False,False,False,,,,False,False,False,False,False,False,False,False,False,False,False,NORMAL
,1791396040714.0,hvac_state,True,0.965,rear_center,24.76,OK,MONITORING,True,24.0,43.0,True,22.0,True,80.0,False,2026-10-07 18:00:40.714000+00:00,0.0,0.0,2.7600000000000016,24.740000000000002,0.044721359549973076,0.0,2.7600000000000016,True,True,False,False,False,False,,,,False,False,False,False,False,False,False,False,False,False,False,NORMAL
,1791396041714.0,temperature,True,0.965,rear_center,24.91,OK,MONITORING,True,24.0,43.0,True,22.0,True,80.0,False,2026-10-07 18:00:41.714000+00:00,0.14999999999999858,0.0,2.91,24.790000000000003,0.06708203932499265,8.999999999999915,2.91,True,True,False,False,False,False,,,,False,True,False,False,False,False,False,False,False,False,False,HIGH
,1791396043714.0,window_state,True,0.965,rear_center,24.91,OK,MONITORING,True,24.0,48.0,True,22.0,True,80.0,False,2026-10-07 18:00:43.714000+00:00,0.0,0.0,2.91,24.82,0.08215838362577292,0.0,2.91,True,True,False,False,False,False,,,,False,False,False,False,False,False,False,False,False,False,False,NORMAL
,1791396044714.0,hvac_state,True,0.965,rear_center,24.91,OK,MONITORING,True,24.0,48.0,True,22.0,True,80.0,False,2026-10-07 18:00:44.714000+00:00,0.0,0.0,2.91,24.85,0.08215838362577146,0.0,2.91,True,True,False,False,False,False,,,,False,False,False,False,False,False,False,False,False,False,False,NORMAL
,1791396045714.0,temperature,True,0.965,rear_center,25.01,OK,MONITORING,True,24.0,48.0,True,22.0,True,80.0,False,2026-10-07 18:00:45.714000+00:00,0.10000000000000142,0.0,3.0100000000000016,24.9,0.0894427190999859,6.000000000000085,3.0100000000000016,True,True,False,False,False,False,,,,False,True,False,False,False,False,False,False,False,False,False,HIGH
,1791396047714.0,child_presence,True,0.969,rear_center,25.01,OK,MONITORING,True,24.0,48.0,True,22.0,True,80.0,False,2026-10-07 18:00:47.714000+00:00,0.0,0.0,3.0100000000000016,24.950000000000003,0.054772255750502895,0.0,3.0100000000000016,True,True,False,False,False,False,,,,False,False,False,False,False,False,False,False,False,False,False,NORMAL
,1791396049714.0,window_state,True,0.969,rear_center,25.01,OK,MONITORING,True,24.0,55.0,True,22.0,True,80.0,False,2026-10-07 18:00:49.714000+00:00,0.0,0.0,3.0100000000000016,24.97,0.05477225575050039,0.0,3.0100000000000016,True,True,False,False,False,False,,,,False,False,False,False,False,False,False,False,False,False,False,NORMAL
,1791396050714.0,hvac_state,True,0.969,rear_center,25.01,OK,MONITORING,True,24.0,55.0,True,22.0,True,80.0,False,2026-10-07 18:00:50.714000+00:00,0.0,0.0,3.0100000000000016,24.990000000000002,0.044721359549973076,0.0,3.0100000000000016,True,True,False,False,False,False,,,,False,False,False,False,False,False,False,False,False,False,False,NORMAL
,1791396051714.0,temperature,True,0.969,rear_center,25.16,OK,MONITORING,True,24.0,55.0,True,22.0,True,80.0,False,2026-10-07 18:00:51.714000+00:00,0.14999999999999858,0.0,3.16,25.040000000000003,0.06708203932499265,8.999999999999915,3.16,True,True,False,False,False,False,,,,False,True,False,False,False,False,False,False,False,False,False,HIGH
,1791396053714.0,window_state,True,0.969,rear_center,25.16,OK,MONITORING,True,24.0,60.0,True,22.0,True,80.0,False,2026-10-07 18:00:53.714000+00:00,0.0,0.0,3.16,25.07,0.08215838362577292,0.0,3.16,True,True,False,False,False,False,,,,False,False,False,False,False,False,False,False,False,False,False,NORMAL
,1791396054714.0,hvac_state,True,0.969,rear_center,25.16,OK,MONITORING,True,24.0,60.0,True,22.0,True,80.0,False,2026-10-07 18:00:54.714000+00:00,0.0,0.0,3.16,25.1,0.08215838362577146,0.0,3.16,True,True,False,False,False,False,,,,False,False,False,False,False,False,False,False,False,False,False,NORMAL
,1791396055714.0,temperature,True,0.969,rear_center,25.27,OK,MONITORING,True,24.0,60.0,True,22.0,True,80.0,False,2026-10-07 18:00:55.714000+00:00,0.10999999999999943,0.0,3.2699999999999996,25.152,0.09257429448825885,6.599999999999966,3.2699999999999996,True,True,False,False,False,False,,,,False,True,False,False,False,False,False,False,False,False,False,HIGH
,1791396057714.0,child_presence,True,0.974,rear_center,25.27,OK,MONITORING,True,24.0,60.0,True,22.0,True,80.0,False,2026-10-07 18:00:57.714000+00:00,0.0,0.0,3.2699999999999996,25.204,0.06024948132555435,0.0,3.2699999999999996,True,True,False,False,False,False,,,,False,False,False,False,False,False,False,False,False,False,False,NORMAL
,1791396059714.0,window_state,True,0.974,rear_center,25.27,OK,MONITORING,True,24.0,68.0,True,22.0,True,80.0,False,2026-10-07 18:00:59.714000+00:00,0.0,0.0,3.2699999999999996,25.226000000000003,0.060249481325552884,0.0,3.2699999999999996,True,True,False,False,False,False,,,,False,False,False,False,False,False,False,False,False,False,False,NORMAL
,1791396060714.0,hvac_state,True,0.974,rear_center,25.27,OK,MONITORING,True,24.0,68.0,True,22.0,True,80.0,False,2026-10-07 18:01:00.714000+00:00,0.0,0.0,3.2699999999999996,25.247999999999998,0.04919349550497516,0.0,3.2699999999999996,True,True,False,False,False,False,,,,False,False,False,False,False,False,False,False,False,False,False,NORMAL
,1791396061714.0,temperature,True,0.974,rear_center,25.42,OK,MONITORING,True,24.0,68.0,True,22.0,True,80.0,False,2026-10-07 18:01:01.714000+00:00,0.15000000000000213,0.0,3.4200000000000017,25.3,0.06708203932499444,9.000000000000128,3.4200000000000017,True,True,False,False,False,False,,,,False,True,False,False,False,False,False,False,False,False,False,HIGH
,1791396063714.0,window_state,True,0.974,rear_center,25.42,OK,MONITORING,True,24.0,73.0,True,22.0,True,80.0,False,2026-10-07 18:01:03.714000+00:00,0.0,0.0,3.4200000000000017,25.330000000000002,0.08215838362577547,0.0,3.4200000000000017,True,True,False,False,False,False,,,,False,False,False,False,False,False,False,False,False,False,False,NORMAL
,1791396064714.0,hvac_state,True,0.974,rear_center,25.42,OK,MONITORING,True,24.0,73.0,True,22.0,True,80.0,False,2026-10-07 18:01:04.714000+00:00,0.0,0.0,3.4200000000000017,25.36,0.08215838362577475,0.0,3.4200000000000017,True,True,False,False,False,False,,,,False,False,False,False,False,False,False,False,False,False,False,NORMAL
,1791396065714.0,temperature,True,0.974,rear_center,25.52,OK,MONITORING,True,24.0,73.0,True,22.0,True,80.0,False,2026-10-07 18:01:05.714000+00:00,0.09999999999999787,0.0,3.5199999999999996,25.41,0.08944271909998891,5.999999999999872,3.5199999999999996,True,True,False,False,False,False,,,,False,True,False,False,False,False,False,False,False,False,False,HIGH
,1791396067714.0,child_presence,True,0.972,rear_center,25.52,OK,MONITORING,True,24.0,73.0,True,22.0,True,80.0,False,2026-10-07 18:01:07.714000+00:00,0.0,0.0,3.5199999999999996,25.46,0.05477225575050782,0.0,3.5199999999999996,True,True,False,False,False,False,,,,False,False,False,False,False,False,False,False,False,False,False,NORMAL
,1791396069714.0,window_state,True,0.972,rear_center,25.52,OK,MONITORING,True,24.0,81.0,True,22.0,True,80.0,False,2026-10-07 18:01:09.714000+00:00,0.0,0.0,3.5199999999999996,25.48,0.05477225575050604,0.0,3.5199999999999996,True,True,False,False,False,False,,,,False,False,False,False,False,False,False,False,False,False,False,NORMAL
,1791396070714.0,hvac_state,True,0.972,rear_center,25.52,OK,MONITORING,True,24.0,81.0,True,22.0,True,80.0,False,2026-10-07 18:01:10.714000+00:00,0.0,0.0,3.5199999999999996,25.5,0.04472135954998134,0.0,3.5199999999999996,True,True,False,False,False,False,,,,False,False,False,False,False,False,False,False,False,False,False,NORMAL
,1791396071714.0,temperature,True,0.972,rear_center,25.67,OK,MONITORING,True,24.0,81.0,True,22.0,True,80.0,False,2026-10-07 18:01:11.714000+00:00,0.15000000000000213,0.0,3.6700000000000017,25.55,0.06708203932499444,9.000000000000128,3.6700000000000017,True,True,False,False,False,False,,,,False,True,False,False,False,False,False,False,False,False,False,HIGH
,1791396073714.0,window_state,True,0.972,rear_center,25.67,OK,MONITORING,True,24.0,86.0,True,22.0,True,80.0,False,2026-10-07 18:01:13.714000+00:00,0.0,0.0,3.6700000000000017,25.580000000000002,0.08215838362577547,0.0,3.6700000000000017,True,True,False,False,False,False,,,,False,False,False,False,False,False,False,False,False,False,False,NORMAL
,1791396074714.0,hvac_state,True,0.972,rear_center,25.67,OK,MONITORING,True,24.0,86.0,True,22.0,True,80.0,False,2026-10-07 18:01:14.714000+00:00,0.0,0.0,3.6700000000000017,25.610000000000003,0.08215838362577475,0.0,3.6700000000000017,True,True,False,False,False,False,,,,False,False,False,False,False,False,False,False,False,False,False,NORMAL
,1791396075714.0,temperature,True,0.972,rear_center,25.77,OK,MONITORING,True,24.0,86.0,True,22.0,True,80.0,False,2026-10-07 18:01:15.714000+00:00,0.09999999999999787,0.0,3.7699999999999996,25.660000000000004,0.08944271909998891,5.999999999999872,3.7699999999999996,True,True,False,False,False,False,,,,False,True,False,False,False,False,False,False,False,False,False,HIGH
,1791396077714.0,child_presence,True,0.968,rear_center,25.77,OK,MONITORING,True,24.0,86.0,True,22.0,True,80.0,False,2026-10-07 18:01:17.714000+00:00,0.0,0.0,3.7699999999999996,25.71,0.05477225575050782,0.0,3.7699999999999996,True,True,False,False,False,False,,,,False,False,False,False,False,False,False,False,False,False,False,NORMAL
,1791396079714.0,window_state,True,0.968,rear_center,25.77,OK,MONITORING,True,24.0,93.0,True,22.0,True,80.0,False,2026-10-07 18:01:19.714000+00:00,0.0,0.0,3.7699999999999996,25.73,0.05477225575050604,0.0,3.7699999999999996,True,True,True,False,False,False,,,,False,False,False,True,False,False,False,False,False,False,False,NORMAL
,1791396080714.0,hvac_state,True,0.968,rear_center,25.77,OK,MONITORING,True,24.0,93.0,True,22.0,True,80.0,False,2026-10-07 18:01:20.714000+00:00,0.0,0.0,3.7699999999999996,25.75,0.04472135954998134,0.0,3.7699999999999996,True,True,True,False,False,False,,,,False,False,False,True,False,False,False,False,False,False,False,NORMAL
,1791396081714.0,temperature,True,0.968,rear_center,25.92,OK,MONITORING,True,24.0,93.0,True,22.0,True,80.0,False,2026-10-07 18:01:21.714000+00:00,0.15000000000000213,0.0,3.9200000000000017,25.8,0.06708203932499444,9.000000000000128,3.9200000000000017,True,True,True,False,False,False,,,,False,True,False,True,False,False,False,False,False,False,False,HIGH
,1791396083714.0,window_state,True,0.968,rear_center,25.92,OK,MONITORING,True,24.0,98.0,True,22.0,True,80.0,False,2026-10-07 18:01:23.714000+00:00,0.0,0.0,3.9200000000000017,25.830000000000002,0.08215838362577547,0.0,3.9200000000000017,True,True,True,False,False,False,,,,False,False,False,True,False,False,False,False,False,False,False,NORMAL
,1791396084714.0,hvac_state,True,0.968,rear_center,25.92,OK,MONITORING,True,24.0,98.0,True,22.0,True,80.0,False,2026-10-07 18:01:24.714000+00:00,0.0,0.0,3.9200000000000017,25.860000000000003,0.08215838362577475,0.0,3.9200000000000017,True,True,True,False,False,False,,,,False,False,False,True,False,False,False,False,False,False,False,NORMAL
,1791396085714.0,temperature,True,0.968,rear_center,24.0,OK,MONITORING,True,24.0,98.0,True,22.0,True,80.0,False,2026-10-07 18:01:25.714000+00:00,-1.9200000000000017,0.0,2.0,25.506,0.844381430397426,-115.2000000000001,2.0,True,True,True,False,False,False,,,,False,False,False,True,False,False,False,False,False,False,False,NORMAL
,1791396087714.0,child_presence,True,0.969,rear_center,24.0,OK,MONITORING,True,24.0,98.0,True,22.0,True,80.0,False,2026-10-07 18:01:27.714000+00:00,0.0,0.0,2.0,25.152,1.051627310409922,0.0,2.0,True,True,True,False,False,False,,,,False,False,False,True,False,False,False,False,False,False,False,NORMAL
,1791396089714.0,window_state,True,0.969,rear_center,24.0,OK,MONITORING,True,24.0,0.0,True,22.0,True,80.0,False,2026-10-07 18:01:29.714000+00:00,0.0,0.0,2.0,24.768,1.0516273104099236,0.0,2.0,True,False,False,False,False,False,,,,False,False,False,False,False,False,False,False,False,False,False,NORMAL
,1791396090714.0,hvac_state,True,0.969,rear_center,24.0,OK,MONITORING,True,24.0,0.0,True,22.0,True,80.0,False,2026-10-07 18:01:30.714000+00:00,0.0,0.0,2.0,24.384,0.8586501033599264,0.0,2.0,True,False,False,False,False,False,,,,False,False,False,False,False,False,False,False,False,False,False,NORMAL
,1791396091714.0,temperature,True,0.969,rear_center,24.25,OK,MONITORING,True,24.0,0.0,True,22.0,True,80.0,False,2026-10-07 18:01:31.714000+00:00,0.25,0.0,2.25,24.05,0.11180339887498929,15.0,2.25,True,False,False,False,False,False,,,,False,True,False,False,False,False,False,False,False,False,False,HIGH
,1791396093714.0,window_state,True,0.969,rear_center,24.25,OK,MONITORING,True,24.0,0.0,True,22.0,True,80.0,False,2026-10-07 18:01:33.714000+00:00,0.0,0.0,2.25,24.1,0.13693063937629107,0.0,2.25,True,False,False,False,False,False,,,,False,False,False,False,False,False,False,False,False,False,False,NORMAL
,1791396094714.0,hvac_state,True,0.969,rear_center,24.25,OK,MONITORING,True,24.0,0.0,True,22.0,True,80.0,False,2026-10-07 18:01:34.714000+00:00,0.0,0.0,2.25,24.15,0.13693063937629107,0.0,2.25,True,False,False,False,False,False,,,,False,False,False,False,False,False,False,False,False,False,False,NORMAL
,1791396095714.0,temperature,True,0.969,rear_center,24.42,OK,MONITORING,True,24.0,0.0,True,22.0,True,80.0,False,2026-10-07 18:01:35.714000+00:00,0.1700000000000017,0.0,2.4200000000000017,24.234,0.15009996668887046,10.200000000000102,2.4200000000000017,True,False,False,False,False,False,,,,False,True,False,False,False,False,False,False,False,False,False,HIGH
,1791396097714.0,child_presence,True,0.963,rear_center,24.42,OK,MONITORING,True,24.0,0.0,True,22.0,True,80.0,False,2026-10-07 18:01:37.714000+00:00,0.0,0.0,2.4200000000000017,24.318,0.09311283477587554,0.0,2.4200000000000017,True,False,False,False,False,False,,,,False,False,False,False,False,False,False,False,False,False,False,NORMAL
,1791396099714.0,window_state,True,0.963,rear_center,24.42,OK,MONITORING,True,24.0,0.0,True,22.0,True,80.0,False,2026-10-07 18:01:39.714000+00:00,0.0,0.0,2.4200000000000017,24.352,0.09311283477587301,0.0,2.4200000000000017,True,False,False,False,False,False,,,,False,False,False,False,False,False,False,False,False,False,False,NORMAL
,1791396100714.0,hvac_state,True,0.963,rear_center,24.42,OK,MONITORING,True,24.0,0.0,True,22.0,True,80.0,False,2026-10-07 18:01:40.714000+00:00,0.0,0.0,2.4200000000000017,24.386000000000003,0.0760263112349828,0.0,2.4200000000000017,True,False,False,False,False,False,,,,False,False,False,False,False,False,False,False,False,False,False,NORMAL
,1791396101714.0,temperature,True,0.963,rear_center,24.68,OK,MONITORING,True,24.0,0.0,True,22.0,True,80.0,False,2026-10-07 18:01:41.714000+00:00,0.259999999999998,0.0,2.6799999999999997,24.472,0.11627553482998818,15.59999999999988,2.6799999999999997,True,False,False,False,False,False,,,,False,True,False,False,False,False,False,False,False,False,False,HIGH
,1791396103714.0,window_state,True,0.963,rear_center,24.68,OK,MONITORING,True,24.0,0.0,True,22.0,True,80.0,False,2026-10-07 18:01:43.714000+00:00,0.0,0.0,2.6799999999999997,24.524,0.14240786495134242,0.0,2.6799999999999997,True,False,False,False,False,False,,,,False,False,False,False,False,False,False,False,False,False,False,NORMAL
,1791396104714.0,hvac_state,True,0.963,rear_center,24.68,OK,MONITORING,True,24.0,0.0,True,22.0,True,80.0,True,2026-10-07 18:01:44.714000+00:00,0.0,0.0,2.6799999999999997,24.576,0.14240786495134242,0.0,2.6799999999999997,True,False,False,False,False,False,,,,False,False,True,False,False,False,False,False,False,False,False,CRITICAL
,1791396105714.0,temperature,True,0.963,rear_center,24.85,OK,MONITORING,True,24.0,0.0,True,22.0,True,80.0,True,2026-10-07 18:01:45.714000+00:00,0.1700000000000017,0.0,2.8500000000000014,24.662,0.1540129864654268,10.200000000000102,2.8500000000000014,True,False,False,False,False,False,,,,False,True,True,False,False,False,False,False,False,False,False,CRITICAL
,1791396107714.0,child_presence,True,0.969,rear_center,24.85,OK,MONITORING,True,24.0,0.0,True,22.0,True,80.0,True,2026-10-07 18:01:47.714000+00:00,0.0,0.0,2.8500000000000014,24.748,0.09311283477587494,0.0,2.8500000000000014,True,False,False,False,False,False,,,,False,False,True,False,False,False,False,False,False,False,False,CRITICAL
,1791396109714.0,window_state,True,0.969,rear_center,24.85,OK,MONITORING,True,24.0,0.0,True,22.0,True,80.0,True,2026-10-07 18:01:49.714000+00:00,0.0,0.0,2.8500000000000014,24.782,0.09311283477587243,0.0,2.8500000000000014,True,False,False,False,False,False,,,,False,False,True,False,False,False,False,False,False,False,False,CRITICAL
,1791396110714.0,hvac_state,True,0.969,rear_center,24.85,OK,MONITORING,True,24.0,0.0,True,22.0,True,80.0,True,2026-10-07 18:01:50.714000+00:00,0.0,0.0,2.8500000000000014,24.816000000000003,0.07602631123498207,0.0,2.8500000000000014,True,False,False,False,False,False,,,,False,False,True,False,False,False,False,False,False,False,False,CRITICAL
,1791396111714.0,temperature,True,0.969,rear_center,25.1,OK,MONITORING,True,24.0,0.0,True,22.0,True,80.0,True,2026-10-07 18:01:51.714000+00:00,0.25,0.0,3.1000000000000014,24.9,0.11180339887498929,15.0,3.1000000000000014,True,False,False,False,False,False,,,,False,True,True,False,False,False,False,False,False,False,False,CRITICAL
,1791396113714.0,window_state,True,0.969,rear_center,25.1,OK,MONITORING,True,24.0,0.0,True,22.0,True,80.0,True,2026-10-07 18:01:53.714000+00:00,0.0,0.0,3.1000000000000014,24.95,0.13693063937629107,0.0,3.1000000000000014,True,False,False,False,False,False,,,,False,False,True,False,False,False,False,False,False,False,False,CRITICAL
,1791396114714.0,hvac_state,True,0.969,rear_center,25.1,OK,MONITORING,True,24.0,0.0,True,22.0,True,80.0,True,2026-10-07 18:01:54.714000+00:00,0.0,0.0,3.1000000000000014,25.000000000000004,0.13693063937629107,0.0,3.1000000000000014,True,False,False,False,False,False,,,,False,False,True,False,False,False,False,False,False,False,False,CRITICAL
,1791396115714.0,temperature,True,0.969,rear_center,25.27,OK,MONITORING,True,24.0,0.0,True,22.0,True,80.0,True,2026-10-07 18:01:55.714000+00:00,0.16999999999999815,0.0,3.2699999999999996,25.084,0.1500999666888699,10.19999999999989,3.2699999999999996,True,False,False,False,False,False,,,,False,True,True,False,False,False,False,False,False,False,False,CRITICAL
,1791396117714.0,child_presence,True,0.969,rear_center,25.27,OK,MONITORING,True,24.0,0.0,True,22.0,True,80.0,True,2026-10-07 18:01:57.714000+00:00,0.0,0.0,3.2699999999999996,25.168,0.09311283477587938,0.0,3.2699999999999996,True,False,False,False,False,False,,,,False,False,True,False,False,False,False,False,False,False,False,CRITICAL
,1791396119714.0,window_state,True,0.969,rear_center,25.27,OK,MONITORING,True,24.0,0.0,True,22.0,True,80.0,True,2026-10-07 18:01:59.714000+00:00,0.0,0.0,3.2699999999999996,25.202,0.0931128347758801,0.0,3.2699999999999996,True,False,False,False,False,False,,,,False,False,True,False,False,False,False,False,False,False,False,CRITICAL
,1791396120714.0,hvac_state,True,0.969,rear_center,25.27,OK,MONITORING,True,24.0,0.0,True,22.0,True,80.0,True,2026-10-07 18:02:00.714000+00:00,0.0,0.0,3.2699999999999996,25.235999999999997,0.07602631123499615,0.0,3.2699999999999996,True,False,False,False,False,False,,,,False,False,True,False,False,False,False,False,False,False,False,CRITICAL
,1791396121714.0,temperature,True,0.969,rear_center,25.53,OK,MONITORING,True,24.0,0.0,True,22.0,True,80.0,True,2026-10-07 18:02:01.714000+00:00,0.26000000000000156,0.0,3.530000000000001,25.322,0.11627553482998997,15.600000000000094,3.530000000000001,True,False,False,False,False,False,,,,False,True,True,False,False,False,False,False,False,False,False,CRITICAL
,1791396123714.0,window_state,True,0.969,rear_center,25.53,OK,MONITORING,True,24.0,0.0,True,22.0,True,80.0,True,2026-10-07 18:02:03.714000+00:00,0.0,0.0,3.530000000000001,25.374000000000002,0.14240786495134372,0.0,3.530000000000001,True,False,False,False,False,False,,,,False,False,True,False,False,False,False,False,False,False,False,CRITICAL
,1791396124714.0,hvac_state,True,0.969,rear_center,25.53,OK,MONITORING,True,24.0,0.0,True,22.0,True,80.0,True,2026-10-07 18:02:04.714000+00:00,0.0,0.0,3.530000000000001,25.426,0.142407864951343,0.0,3.530000000000001,True,False,False,False,False,False,,,,False,False,True,False,False,False,False,False,False,False,False,CRITICAL
,1791396125714.0,temperature,True,0.969,rear_center,25.69,OK,MONITORING,True,24.0,0.0,True,22.0,True,80.0,True,2026-10-07 18:02:05.714000+00:00,0.16000000000000014,0.0,3.6900000000000013,25.509999999999998,0.15099668870541355,9.600000000000009,3.6900000000000013,True,False,False,False,False,False,,,,False,True,True,False,False,False,False,False,False,False,False,CRITICAL
,1791396127714.0,child_presence,True,0.971,rear_center,25.69,OK,MONITORING,True,24.0,0.0,True,22.0,True,80.0,True,2026-10-07 18:02:07.714000+00:00,0.0,0.0,3.6900000000000013,25.594,0.08763560920082317,0.0,3.6900000000000013,True,False,False,False,False,False,,,,False,False,True,False,False,False,False,False,False,False,False,CRITICAL
,1791396129714.0,window_state,True,0.971,rear_center,25.69,OK,MONITORING,True,24.0,0.0,True,22.0,True,80.0,True,2026-10-07 18:02:09.714000+00:00,0.0,0.0,3.6900000000000013,25.625999999999998,0.08763560920082349,0.0,3.6900000000000013,True,False,False,False,False,False,,,,False,False,True,False,False,False,False,False,False,False,False,CRITICAL
,1791396130714.0,hvac_state,True,0.971,rear_center,25.69,OK,MONITORING,True,24.0,0.0,True,22.0,True,80.0,True,2026-10-07 18:02:10.714000+00:00,0.0,0.0,3.6900000000000013,25.658000000000005,0.07155417527998925,0.0,3.6900000000000013,True,False,False,False,False,False,,,,False,False,True,False,False,False,False,False,False,False,False,CRITICAL
,1791396131714.0,temperature,True,0.971,rear_center,25.95,OK,MONITORING,True,24.0,0.0,True,22.0,True,80.0,True,2026-10-07 18:02:11.714000+00:00,0.259999999999998,0.0,3.9499999999999993,25.742,0.11627553482998818,15.59999999999988,3.9499999999999993,True,False,False,False,False,False,,,,False,True,True,False,False,False,False,False,False,False,False,CRITICAL
,1791396133714.0,window_state,True,0.971,rear_center,25.95,OK,MONITORING,True,24.0,0.0,True,22.0,True,80.0,True,2026-10-07 18:02:13.714000+00:00,0.0,0.0,3.9499999999999993,25.794,0.14240786495134178,0.0,3.9499999999999993,True,False,False,False,False,False,,,,False,False,True,False,False,False,False,False,False,False,False,CRITICAL
,1791396134714.0,hvac_state,True,0.971,rear_center,25.95,OK,MONITORING,True,24.0,0.0,True,22.0,True,80.0,True,2026-10-07 18:02:14.714000+00:00,0.0,0.0,3.9499999999999993,25.846000000000004,0.14240786495134178,0.0,3.9499999999999993,True,False,False,False,False,False,,,,False,False,True,False,False,False,False,False,False,False,False,CRITICAL
,1791396135714.0,temperature,True,0.971,rear_center,26.12,OK,MONITORING,True,24.0,0.0,True,22.0,True,80.0,True,2026-10-07 18:02:15.714000+00:00,0.1700000000000017,0.0,4.120000000000001,25.932,0.15401298646542785,10.200000000000102,4.120000000000001,True,False,False,True,False,False,,,,False,True,True,False,False,False,False,True,False,False,False,CRITICAL
,1791396137714.0,child_presence,True,0.967,rear_center,26.12,OK,MONITORING,True,24.0,0.0,True,22.0,True,80.0,True,2026-10-07 18:02:17.714000+00:00,0.0,0.0,4.120000000000001,26.018,0.09311283477588041,0.0,4.120000000000001,True,False,False,True,False,False,,,,False,False,True,False,False,False,False,True,False,False,False,CRITICAL
,1791396139714.0,window_state,True,0.967,rear_center,26.12,OK,MONITORING,True,24.0,0.0,True,22.0,True,80.0,True,2026-10-07 18:02:19.714000+00:00,0.0,0.0,4.120000000000001,26.052,0.09311283477588041,0.0,4.120000000000001,True,False,False,True,False,False,,,,False,False,True,False,False,False,False,True,False,False,False,CRITICAL
,1791396140714.0,hvac_state,True,0.967,rear_center,26.12,OK,MONITORING,True,24.0,0.0,True,22.0,True,80.0,True,2026-10-07 18:02:20.714000+00:00,0.0,0.0,4.120000000000001,26.086000000000002,0.07602631123499518,0.0,4.120000000000001,True,False,False,True,False,False,,,,False,False,True,False,False,False,False,True,False,False,False,CRITICAL
,1791396141714.0,temperature,True,0.967,rear_center,26.37,OK,MONITORING,True,24.0,0.0,True,22.0,True,80.0,True,2026-10-07 18:02:21.714000+00:00,0.25,0.0,4.370000000000001,26.170000000000005,0.11180339887498929,15.0,4.370000000000001,True,False,False,True,False,False,,,,False,True,True,False,False,False,False,True,False,False,False,CRITICAL
,1791396143714.0,window_state,True,0.967,rear_center,26.37,OK,MONITORING,True,24.0,0.0,True,22.0,True,80.0,True,2026-10-07 18:02:23.714000+00:00,0.0,0.0,4.370000000000001,26.22,0.13693063937629107,0.0,4.370000000000001,True,False,False,True,False,False,,,,False,False,True,False,False,False,False,True,False,False,False,CRITICAL
,1791396144714.0,hvac_state,True,0.967,rear_center,26.37,OK,MONITORING,True,24.0,0.0,True,22.0,True,80.0,True,2026-10-07 18:02:24.714000+00:00,0.0,0.0,4.370000000000001,26.27,0.13693063937629002,0.0,4.370000000000001,True,False,False,True,False,False,,,,False,False,True,False,False,False,False,True,False,False,False,CRITICAL
,1791396145714.0,temperature,True,0.967,rear_center,24.0,OK,MONITORING,True,24.0,0.0,True,22.0,True,80.0,True,2026-10-07 18:02:25.714000+00:00,-2.370000000000001,0.0,2.0,25.845999999999997,1.0376078257222252,-142.20000000000007,2.0,True,False,False,False,False,False,,,,False,False,True,False,False,False,False,False,False,False,False,CRITICAL
,1791396147714.0,child_presence,True,0.972,rear_center,24.0,OK,MONITORING,True,24.0,0.0,True,22.0,True,80.0,True,2026-10-07 18:02:27.714000+00:00,0.0,0.0,2.0,25.422000000000004,1.2981024612872463,0.0,2.0,True,False,False,False,False,False,,,,False,False,True,False,False,False,False,False,False,False,False,CRITICAL
,1791396149714.0,window_state,True,0.972,rear_center,24.0,OK,MONITORING,True,24.0,0.0,True,22.0,True,80.0,True,2026-10-07 18:02:29.714000+00:00,0.0,0.0,2.0,24.948,1.298102461287248,0.0,2.0,True,False,False,False,False,False,,,,False,False,True,False,False,False,False,False,False,False,False,CRITICAL
,1791396150714.0,hvac_state,True,0.972,rear_center,24.0,OK,MONITORING,True,24.0,0.0,True,22.0,False,0.0,False,2026-10-07 18:02:30.714000+00:00,0.0,0.0,2.0,24.474,1.0598962213349075,0.0,2.0,False,False,False,False,False,False,,,,False,False,False,False,False,False,False,False,False,False,False,NORMAL
,1791396151714.0,temperature,True,0.972,rear_center,24.4,OK,MONITORING,True,24.0,0.0,True,22.0,False,0.0,False,2026-10-07 18:02:31.714000+00:00,0.3999999999999986,0.0,2.3999999999999986,24.08,0.17888543819998295,23.999999999999915,2.3999999999999986,False,False,False,False,False,False,,,,True,False,False,False,False,False,False,False,False,False,False,HIGH
,1791396153714.0,window_state,True,0.972,rear_center,24.4,OK,MONITORING,True,24.0,0.0,True,22.0,False,0.0,False,2026-10-07 18:02:33.714000+00:00,0.0,0.0,2.3999999999999986,24.160000000000004,0.2190890230020669,0.0,2.3999999999999986,False,False,False,False,False,False,,,,True,False,False,False,False,False,False,False,False,False,False,HIGH
,1791396154714.0,hvac_state,True,0.972,rear_center,24.4,OK,MONITORING,True,24.0,0.0,True,22.0,False,0.0,False,2026-10-07 18:02:34.714000+00:00,0.0,0.0,2.3999999999999986,24.240000000000002,0.21908902300206834,0.0,2.3999999999999986,False,False,False,False,False,False,,,,True,False,False,False,False,False,False,False,False,False,False,HIGH
,1791396155714.0,temperature,True,0.972,rear_center,24.67,OK,MONITORING,True,24.0,0.0,True,22.0,False,0.0,False,2026-10-07 18:02:35.714000+00:00,0.2700000000000031,0.0,2.6700000000000017,24.374,0.23954122818421636,16.200000000000188,2.6700000000000017,False,False,False,False,False,False,,,,True,False,False,False,False,False,False,False,False,False,False,HIGH
,1791396157714.0,child_presence,True,0.975,rear_center,24.67,OK,MONITORING,True,24.0,0.0,True,22.0,False,0.0,False,2026-10-07 18:02:37.714000+00:00,0.0,0.0,2.6700000000000017,24.508000000000003,0.14788509052641022,0.0,2.6700000000000017,False,False,False,False,False,False,,,,True,False,False,False,False,False,False,False,False,False,False,HIGH
,1791396159714.0,window_state,True,0.975,rear_center,24.67,OK,MONITORING,True,24.0,0.0,True,22.0,False,0.0,False,2026-10-07 18:02:39.714000+00:00,0.0,0.0,2.6700000000000017,24.562,0.14788509052641166,0.0,2.6700000000000017,False,False,False,False,False,False,,,,True,False,False,False,False,False,False,False,False,False,False,HIGH
,1791396160714.0,hvac_state,True,0.975,rear_center,24.67,OK,MONITORING,True,24.0,0.0,True,22.0,False,0.0,False,2026-10-07 18:02:40.714000+00:00,0.0,0.0,2.6700000000000017,24.616,0.12074767078500963,0.0,2.6700000000000017,False,False,False,False,False,False,,,,True,False,False,False,False,False,False,False,False,False,False,HIGH
,1791396161714.0,temperature,True,0.975,rear_center,25.07,OK,MONITORING,True,24.0,0.0,True,22.0,False,0.0,False,2026-10-07 18:02:41.714000+00:00,0.3999999999999986,0.0,3.0700000000000003,24.75,0.17888543819999642,23.999999999999915,3.0700000000000003,False,False,False,False,False,False,,,,True,False,False,False,False,False,False,False,False,False,False,HIGH
,1791396163714.0,window_state,True,0.975,rear_center,25.07,OK,MONITORING,True,24.0,0.0,True,22.0,False,0.0,False,2026-10-07 18:02:43.714000+00:00,0.0,0.0,3.0700000000000003,24.830000000000002,0.2190890230020779,0.0,3.0700000000000003,False,False,False,False,False,False,,,,True,False,False,False,False,False,False,False,False,False,False,HIGH
,1791396164714.0,hvac_state,True,0.975,rear_center,25.07,OK,MONITORING,True,24.0,0.0,True,22.0,False,0.0,False,2026-10-07 18:02:44.714000+00:00,0.0,0.0,3.0700000000000003,24.910000000000004,0.21908902300207936,0.0,3.0700000000000003,False,False,False,False,False,False,,,,True,False,False,False,False,False,False,False,False,False,False,HIGH
,1791396165714.0,temperature,True,0.975,rear_center,25.33,OK,MONITORING,True,24.0,0.0,True,22.0,False,0.0,False,2026-10-07 18:02:45.714000+00:00,0.259999999999998,0.0,3.3299999999999983,25.042,0.236474100061734,15.59999999999988,3.3299999999999983,False,False,False,False,False,False,,,,True,False,False,False,False,False,False,False,False,False,False,HIGH
,1791396167714.0,child_presence,True,0.971,rear_center,25.33,OK,MONITORING,True,24.0,0.0,True,22.0,False,0.0,False,2026-10-07 18:02:47.714000+00:00,0.0,0.0,3.3299999999999983,25.174,0.14240786495137622,0.0,3.3299999999999983,False,False,False,False,False,False,,,,True,False,False,False,False,False,False,False,False,False,False,HIGH
,1791396169714.0,window_state,True,0.971,rear_center,25.33,OK,MONITORING,True,24.0,0.0,True,22.0,False,0.0,False,2026-10-07 18:02:49.714000+00:00,0.0,0.0,3.3299999999999983,25.226,0.14240786495137978,0.0,3.3299999999999983,False,False,False,False,False,False,,,,True,False,False,False,False,False,False,False,False,False,False,HIGH
,1791396170714.0,hvac_state,True,0.971,rear_center,25.33,OK,MONITORING,True,24.0,0.0,True,22.0,False,0.0,False,2026-10-07 18:02:50.714000+00:00,0.0,0.0,3.3299999999999983,25.278,0.1162755348300383,0.0,3.3299999999999983,False,False,False,False,False,False,,,,True,False,False,False,False,False,False,False,False,False,False,HIGH
,1791396171714.0,temperature,True,0.971,rear_center,25.73,OK,MONITORING,True,24.0,0.0,True,22.0,False,0.0,False,2026-10-07 18:02:51.714000+00:00,0.40000000000000213,0.0,3.7300000000000004,25.41,0.17888543820002223,24.000000000000128,3.7300000000000004,False,False,False,False,False,False,,,,True,False,False,False,False,False,False,False,False,False,False,HIGH
,1791396173714.0,window_state,True,0.971,rear_center,25.73,OK,MONITORING,True,24.0,0.0,True,22.0,False,0.0,False,2026-10-07 18:02:53.714000+00:00,0.0,0.0,3.7300000000000004,25.490000000000002,0.2190890230021009,0.0,3.7300000000000004,False,False,False,False,False,False,,,,True,False,False,False,False,False,False,False,False,False,False,HIGH
,1791396174714.0,hvac_state,True,0.971,rear_center,25.73,OK,MONITORING,True,24.0,0.0,True,22.0,False,0.0,False,2026-10-07 18:02:54.714000+00:00,0.0,0.0,3.7300000000000004,25.57,0.21908902300210267,0.0,3.7300000000000004,False,False,False,False,False,False,,,,True,False,False,False,False,False,False,False,False,False,False,HIGH
,1791396175714.0,temperature,True,0.971,rear_center,26.0,OK,MONITORING,True,24.0,0.0,True,22.0,False,0.0,False,2026-10-07 18:02:55.714000+00:00,0.2699999999999996,0.0,4.0,25.704,0.2395412281842455,16.199999999999974,4.0,False,False,False,True,False,False,,,,True,False,False,False,False,False,False,True,False,False,True,CRITICAL
,1791396177714.0,child_presence,True,0.972,rear_center,26.0,OK,MONITORING,True,24.0,0.0,True,22.0,False,0.0,False,2026-10-07 18:02:57.714000+00:00,0.0,0.0,4.0,25.838,0.14788509052645382,0.0,4.0,False,False,False,True,False,False,,,,True,False,False,False,False,False,False,True,False,False,True,CRITICAL
,1791396179714.0,window_state,True,0.972,rear_center,26.0,OK,MONITORING,True,24.0,0.0,True,22.0,False,0.0,False,2026-10-07 18:02:59.714000+00:00,0.0,0.0,4.0,25.892000000000003,0.1478850905264556,0.0,4.0,False,False,False,True,False,False,,,,True,False,False,False,False,False,False,True,False,False,True,CRITICAL
,1791396180714.0,hvac_state,True,0.972,rear_center,26.0,OK,MONITORING,True,24.0,0.0,True,22.0,False,0.0,False,2026-10-07 18:03:00.714000+00:00,0.0,0.0,4.0,25.945999999999998,0.12074767078506582,0.0,4.0,False,False,False,True,False,False,,,,True,False,False,False,False,False,False,True,False,False,True,CRITICAL
,1791396181714.0,temperature,True,0.972,rear_center,26.4,OK,MONITORING,True,24.0,0.0,True,22.0,False,0.0,False,2026-10-07 18:03:01.714000+00:00,0.3999999999999986,0.0,4.399999999999999,26.080000000000002,0.17888543820003988,23.999999999999915,4.399999999999999,False,False,False,True,False,False,,,,True,False,False,False,False,False,False,True,False,False,True,CRITICAL
,1791396183714.0,window_state,True,0.972,rear_center,26.4,OK,MONITORING,True,24.0,0.0,True,22.0,False,0.0,False,2026-10-07 18:03:03.714000+00:00,0.0,0.0,4.399999999999999,26.159999999999997,0.21908902300211425,0.0,4.399999999999999,False,False,False,True,False,False,,,,True,False,False,False,False,False,False,True,False,False,True,CRITICAL
,1791396184714.0,hvac_state,True,0.972,rear_center,26.4,OK,MONITORING,True,24.0,0.0,True,22.0,False,0.0,False,2026-10-07 18:03:04.714000+00:00,0.0,0.0,4.399999999999999,26.24,0.2190890230021157,0.0,4.399999999999999,False,False,False,True,False,False,,,,True,False,False,False,False,False,False,True,False,False,True,CRITICAL
,1791396185714.0,temperature,True,0.972,rear_center,26.67,OK,MONITORING,True,24.0,0.0,True,22.0,False,0.0,False,2026-10-07 18:03:05.714000+00:00,0.2700000000000031,0.0,4.670000000000002,26.374000000000002,0.23954122818425966,16.200000000000188,4.670000000000002,False,False,False,True,False,False,,,,True,False,False,False,False,False,False,True,False,False,True,CRITICAL
,1791396187714.0,child_presence,True,0.97,rear_center,26.67,OK,MONITORING,True,24.0,0.0,True,22.0,False,0.0,False,2026-10-07 18:03:07.714000+00:00,0.0,0.0,4.670000000000002,26.508,0.14788509052648036,0.0,4.670000000000002,False,False,False,True,False,False,,,,True,False,False,False,False,False,False,True,False,False,True,CRITICAL
,1791396189714.0,window_state,True,0.97,rear_center,26.67,OK,MONITORING,True,24.0,0.0,True,22.0,False,0.0,False,2026-10-07 18:03:09.714000+00:00,0.0,0.0,4.670000000000002,26.562,0.1478850905264818,0.0,4.670000000000002,False,False,False,True,False,False,,,,True,False,False,False,False,False,False,True,False,False,True,CRITICAL
,1791396190714.0,hvac_state,True,0.97,rear_center,26.67,OK,MONITORING,True,24.0,0.0,True,22.0,False,0.0,False,2026-10-07 18:03:10.714000+00:00,0.0,0.0,4.670000000000002,26.616000000000003,0.12074767078509553,0.0,4.670000000000002,False,False,False,True,False,False,,,,True,False,False,False,False,False,False,True,False,False,True,CRITICAL
,1791396191714.0,temperature,True,0.97,rear_center,27.07,OK,MONITORING,True,24.0,0.0,True,22.0,False,0.0,False,2026-10-07 18:03:11.714000+00:00,0.3999999999999986,0.0,5.07,26.75,0.17888543820005443,23.999999999999915,5.07,False,False,False,True,False,False,,,,True,False,False,False,False,False,False,True,False,False,True,CRITICAL
,1791396193714.0,window_state,True,0.97,rear_center,27.07,OK,MONITORING,True,24.0,0.0,True,22.0,False,0.0,False,2026-10-07 18:03:13.714000+00:00,0.0,0.0,5.07,26.830000000000002,0.21908902300212524,0.0,5.07,False,False,False,True,False,False,,,,True,False,False,False,False,False,False,True,False,False,True,CRITICAL
,1791396194714.0,hvac_state,True,0.97,rear_center,27.07,OK,MONITORING,True,24.0,0.0,True,22.0,False,0.0,False,2026-10-07 18:03:14.714000+00:00,0.0,0.0,5.07,26.910000000000004,0.2190890230021267,0.0,5.07,False,False,False,True,False,False,,,,True,False,False,False,False,False,False,True,False,False,True,CRITICAL
,1791396195714.0,temperature,True,0.97,rear_center,27.33,OK,MONITORING,True,24.0,0.0,True,22.0,False,0.0,False,2026-10-07 18:03:15.714000+00:00,0.259999999999998,0.0,5.329999999999998,27.042,0.23647410006177788,15.59999999999988,5.329999999999998,False,False,False,True,False,False,,,,True,False,False,False,False,False,False,True,False,False,True,CRITICAL
,1791396197714.0,child_presence,True,0.97,rear_center,27.33,OK,MONITORING,True,24.0,0.0,True,22.0,False,0.0,False,2026-10-07 18:03:17.714000+00:00,0.0,0.0,5.329999999999998,27.174,0.14240786495144905,0.0,5.329999999999998,False,False,False,True,False,False,,,,True,False,False,False,False,False,False,True,False,False,True,CRITICAL
,1791396199714.0,window_state,True,0.97,rear_center,27.33,OK,MONITORING,True,24.0,0.0,True,22.0,False,0.0,False,2026-10-07 18:03:19.714000+00:00,0.0,0.0,5.329999999999998,27.226,0.14240786495145263,0.0,5.329999999999998,False,False,False,True,False,False,,,,True,False,False,False,False,False,False,True,False,False,True,CRITICAL
,1791396200714.0,hvac_state,True,0.97,rear_center,27.33,OK,MONITORING,True,24.0,0.0,True,22.0,False,0.0,False,2026-10-07 18:03:20.714000+00:00,0.0,0.0,5.329999999999998,27.278,0.11627553483012752,0.0,5.329999999999998,False,False,False,True,False,False,,,,True,False,False,False,False,False,False,True,False,False,True,CRITICAL
,1791396201714.0,temperature,True,0.97,rear_center,27.73,OK,MONITORING,True,24.0,0.0,True,22.0,False,0.0,False,2026-10-07 18:03:21.714000+00:00,0.40000000000000213,0.0,5.73,27.409999999999997,0.1788854382000802,24.000000000000128,5.73,False,False,False,True,False,False,,,,True,False,False,False,False,False,False,True,False,False,True,CRITICAL
,1791396203714.0,window_state,True,0.97,rear_center,27.73,OK,MONITORING,True,24.0,0.0,True,22.0,False,0.0,False,2026-10-07 18:03:23.714000+00:00,0.0,0.0,5.73,27.49,0.21908902300214825,0.0,5.73,False,False,False,True,False,False,,,,True,False,False,False,False,False,False,True,False,False,True,CRITICAL
,1791396204714.0,hvac_state,True,0.97,rear_center,27.73,OK,MONITORING,True,24.0,0.0,True,22.0,False,0.0,False,2026-10-07 18:03:24.714000+00:00,0.0,0.0,5.73,27.57,0.21908902300215002,0.0,5.73,False,False,False,True,False,False,,,,True,False,False,False,False,False,False,True,False,False,True,CRITICAL
,1791396205714.0,temperature,True,0.97,rear_center,28.0,OK,MONITORING,True,24.0,0.0,True,22.0,False,0.0,False,2026-10-07 18:03:25.714000+00:00,0.2699999999999996,0.0,6.0,27.703999999999997,0.2395412281842888,16.199999999999974,6.0,False,False,False,True,True,False,,,,True,False,False,False,False,False,False,True,True,False,True,CRITICAL
,1791396207714.0,child_presence,True,0.966,rear_center,28.0,OK,MONITORING,True,24.0,0.0,True,22.0,False,0.0,False,2026-10-07 18:03:27.714000+00:00,0.0,0.0,6.0,27.838,0.14788509052652396,0.0,6.0,False,False,False,True,True,False,,,,True,False,False,False,False,False,False,True,True,False,True,CRITICAL
,1791396209714.0,window_state,True,0.966,rear_center,28.0,OK,MONITORING,True,24.0,0.0,True,22.0,False,0.0,False,2026-10-07 18:03:29.714000+00:00,0.0,0.0,6.0,27.892000000000003,0.14788509052652574,0.0,6.0,False,False,False,True,True,False,,,,True,False,False,False,False,False,False,True,True,False,True,CRITICAL
,1791396210714.0,hvac_state,True,0.966,rear_center,28.0,OK,MONITORING,True,24.0,0.0,True,22.0,False,0.0,False,2026-10-07 18:03:30.714000+00:00,0.0,0.0,6.0,27.946000000000005,0.12074767078515172,0.0,6.0,False,False,False,True,True,False,,,,True,False,False,False,False,False,False,True,True,False,True,CRITICAL
,1791396211714.0,temperature,True,0.966,rear_center,28.4,OK,MONITORING,True,24.0,0.0,True,22.0,False,0.0,False,2026-10-07 18:03:31.714000+00:00,0.3999999999999986,0.0,6.399999999999999,28.080000000000002,0.1788854382000979,23.999999999999915,6.399999999999999,False,False,False,True,True,False,,,,True,False,False,False,False,False,False,True,True,False,True,CRITICAL
,1791396213714.0,window_state,True,0.966,rear_center,28.4,OK,MONITORING,True,24.0,0.0,True,22.0,False,0.0,False,2026-10-07 18:03:33.714000+00:00,0.0,0.0,6.399999999999999,28.160000000000004,0.2190890230021616,0.0,6.399999999999999,False,False,False,True,True,False,,,,True,False,False,False,False,False,False,True,True,False,True,CRITICAL
,1791396214714.0,hvac_state,True,0.966,rear_center,28.4,OK,MONITORING,True,24.0,0.0,True,22.0,False,0.0,False,2026-10-07 18:03:34.714000+00:00,0.0,0.0,6.399999999999999,28.24,0.21908902300216304,0.0,6.399999999999999,False,False,False,True,True,False,,,,True,False,False,False,False,False,False,True,True,False,True,CRITICAL
,1791396215714.0,temperature,True,0.966,rear_center,28.67,OK,MONITORING,True,24.0,0.0,True,22.0,False,0.0,False,2026-10-07 18:03:35.714000+00:00,0.2700000000000031,0.0,6.670000000000002,28.374000000000002,0.23954122818430296,16.200000000000188,6.670000000000002,False,False,False,True,True,False,,,,True,False,False,False,False,False,False,True,True,False,True,CRITICAL
,1791396217714.0,child_presence,True,0.972,rear_center,28.67,OK,MONITORING,True,24.0,0.0,True,22.0,False,0.0,False,2026-10-07 18:03:37.714000+00:00,0.0,0.0,6.670000000000002,28.508,0.1478850905265505,0.0,6.670000000000002,False,False,False,True,True,False,,,,True,False,False,False,False,False,False,True,True,False,True,CRITICAL
,1791396219714.0,window_state,True,0.972,rear_center,28.67,OK,MONITORING,True,24.0,0.0,True,22.0,False,0.0,False,2026-10-07 18:03:39.714000+00:00,0.0,0.0,6.670000000000002,28.562,0.14788509052655197,0.0,6.670000000000002,False,False,False,True,True,False,,,,True,False,False,False,False,False,False,True,True,False,True,CRITICAL
,1791396220714.0,hvac_state,True,0.972,rear_center,28.67,OK,MONITORING,True,24.0,0.0,True,22.0,False,0.0,False,2026-10-07 18:03:40.714000+00:00,0.0,0.0,6.670000000000002,28.616000000000003,0.12074767078518145,0.0,6.670000000000002,False,False,False,True,True,False,,,,True,False,False,False,False,False,False,True,True,False,True,CRITICAL
,1791396221714.0,temperature,True,0.972,rear_center,29.07,OK,MONITORING,True,24.0,0.0,True,22.0,False,0.0,False,2026-10-07 18:03:41.714000+00:00,0.3999999999999986,0.0,7.07,28.75,0.1788854382001124,23.999999999999915,7.07,False,False,False,True,True,False,,,,True,False,False,False,False,False,False,True,True,False,True,CRITICAL
,1791396223714.0,window_state,True,0.972,rear_center,29.07,OK,MONITORING,True,24.0,0.0,True,22.0,False,0.0,False,2026-10-07 18:03:43.714000+00:00,0.0,0.0,7.07,28.830000000000002,0.2190890230021726,0.0,7.07,False,False,False,True,True,False,,,,True,False,False,False,False,False,False,True,True,False,True,CRITICAL
,1791396224714.0,hvac_state,True,0.972,rear_center,29.07,OK,MONITORING,True,24.0,0.0,True,22.0,False,0.0,False,2026-10-07 18:03:44.714000+00:00,0.0,0.0,7.07,28.910000000000004,0.21908902300217406,0.0,7.07,False,False,False,True,True,False,,,,True,False,False,False,False,False,False,True,True,False,True,CRITICAL
,1791396225714.0,temperature,True,0.972,rear_center,29.33,OK,MONITORING,True,24.0,0.0,True,22.0,False,0.0,False,2026-10-07 18:03:45.714000+00:00,0.259999999999998,0.0,7.329999999999998,29.042,0.23647410006182173,15.59999999999988,7.329999999999998,False,False,False,True,True,False,,,,True,False,False,False,False,False,False,True,True,False,True,CRITICAL
,1791396227714.0,child_presence,True,0.97,rear_center,29.33,OK,MONITORING,True,24.0,0.0,True,22.0,False,0.0,False,2026-10-07 18:03:47.714000+00:00,0.0,0.0,7.329999999999998,29.174,0.1424078649515219,0.0,7.329999999999998,False,False,False,True,True,False,,,,True,False,False,False,False,False,False,True,True,False,True,CRITICAL
,1791396229714.0,window_state,True,0.97,rear_center,29.33,OK,MONITORING,True,24.0,0.0,True,22.0,False,0.0,False,2026-10-07 18:03:49.714000+00:00,0.0,0.0,7.329999999999998,29.226,0.14240786495152546,0.0,7.329999999999998,False,False,False,True,True,False,,,,True,False,False,False,False,False,False,True,True,False,True,CRITICAL
,1791396230714.0,hvac_state,True,0.97,rear_center,29.33,OK,MONITORING,True,24.0,0.0,True,22.0,False,0.0,False,2026-10-07 18:03:50.714000+00:00,0.0,0.0,7.329999999999998,29.278,0.11627553483021673,0.0,7.329999999999998,False,False,False,True,True,False,,,,True,False,False,False,False,False,False,True,True,False,True,CRITICAL
,1791396231714.0,temperature,True,0.97,rear_center,29.73,OK,MONITORING,True,24.0,0.0,True,22.0,False,0.0,False,2026-10-07 18:03:51.714000+00:00,0.40000000000000213,0.0,7.73,29.409999999999997,0.1788854382001382,24.000000000000128,7.73,False,False,False,True,True,False,,,,True,False,False,False,False,False,False,True,True,False,True,CRITICAL
,1791396233714.0,window_state,True,0.97,rear_center,29.73,OK,MONITORING,True,24.0,0.0,True,22.0,False,0.0,False,2026-10-07 18:03:53.714000+00:00,0.0,0.0,7.73,29.49,0.2190890230021956,0.0,7.73,False,False,False,True,True,False,,,,True,False,False,False,False,False,False,True,True,False,True,CRITICAL
,1791396234714.0,hvac_state,True,0.97,rear_center,29.73,OK,MONITORING,True,24.0,0.0,True,22.0,False,0.0,False,2026-10-07 18:03:54.714000+00:00,0.0,0.0,7.73,29.57,0.21908902300219738,0.0,7.73,False,False,False,True,True,False,,,,True,False,False,False,False,False,False,True,True,False,True,CRITICAL
,1791396235714.0,temperature,True,0.97,rear_center,30.0,OK,MONITORING,True,24.0,0.0,True,22.0,False,0.0,False,2026-10-07 18:03:55.714000+00:00,0.2699999999999996,0.0,8.0,29.704,0.23954122818433213,16.199999999999974,8.0,False,False,False,True,True,True,,,,True,False,False,False,False,False,False,True,True,True,True,CRITICAL
,1791396237714.0,child_presence,True,0.98,rear_center,30.0,OK,MONITORING,True,24.0,0.0,True,22.0,False,0.0,False,2026-10-07 18:03:57.714000+00:00,0.0,0.0,8.0,29.838,0.1478850905265941,0.0,8.0,False,False,False,True,True,True,,,,True,False,False,False,False,False,False,True,True,True,True,CRITICAL
,1791396239714.0,window_state,True,0.98,rear_center,30.0,OK,MONITORING,True,24.0,0.0,True,22.0,False,0.0,False,2026-10-07 18:03:59.714000+00:00,0.0,0.0,8.0,29.892000000000003,0.14788509052659587,0.0,8.0,False,False,False,True,True,True,,,,True,False,False,False,False,False,False,True,True,True,True,CRITICAL
,1791396240714.0,hvac_state,True,0.98,rear_center,30.0,OK,MONITORING,True,24.0,0.0,True,22.0,False,0.0,False,2026-10-07 18:04:00.714000+00:00,0.0,0.0,8.0,29.946000000000005,0.12074767078523764,0.0,8.0,False,False,False,True,True,True,,,,True,False,False,False,False,False,False,True,True,True,True,CRITICAL
,1791396241714.0,temperature,True,0.98,rear_center,30.4,OK,MONITORING,True,24.0,0.0,True,22.0,False,0.0,False,2026-10-07 18:04:01.714000+00:00,0.3999999999999986,0.0,8.399999999999999,30.080000000000002,0.17888543820015587,23.999999999999915,8.399999999999999,False,False,False,True,True,True,,,,True,False,False,False,False,False,False,True,True,True,True,CRITICAL
,1791396243714.0,window_state,True,0.98,rear_center,30.4,OK,MONITORING,True,24.0,0.0,True,22.0,False,0.0,False,2026-10-07 18:04:03.714000+00:00,0.0,0.0,8.399999999999999,30.160000000000004,0.21908902300220895,0.0,8.399999999999999,False,False,False,True,True,True,,,,True,False,False,False,False,False,False,True,True,True,True,CRITICAL
,1791396244714.0,hvac_state,True,0.98,rear_center,30.4,OK,MONITORING,True,24.0,0.0,True,22.0,False,0.0,False,2026-10-07 18:04:04.714000+00:00,0.0,0.0,8.399999999999999,30.24,0.2190890230022104,0.0,8.399999999999999,False,False,False,True,True,True,,,,True,False,False,False,False,False,False,True,True,True,True,CRITICAL
,1791396245714.0,temperature,True,0.98,rear_center,30.67,OK,MONITORING,True,24.0,0.0,True,22.0,False,0.0,False,2026-10-07 18:04:05.714000+00:00,0.2700000000000031,0.0,8.670000000000002,30.374000000000002,0.23954122818434626,16.200000000000188,8.670000000000002,False,False,False,True,True,True,,,,True,False,False,False,False,False,False,True,True,True,True,CRITICAL
,1791396247714.0,child_presence,True,0.978,rear_center,30.67,OK,MONITORING,True,24.0,0.0,True,22.0,False,0.0,False,2026-10-07 18:04:07.714000+00:00,0.0,0.0,8.670000000000002,30.508,0.14788509052662066,0.0,8.670000000000002,False,False,False,True,True,True,,,,True,False,False,False,False,False,False,True,True,True,True,CRITICAL
,1791396249714.0,window_state,True,0.978,rear_center,30.67,OK,MONITORING,True,24.0,0.0,True,22.0,False,0.0,False,2026-10-07 18:04:09.714000+00:00,0.0,0.0,8.670000000000002,30.562,0.1478850905266221,0.0,8.670000000000002,False,False,False,True,True,True,,,,True,False,False,False,False,False,False,True,True,True,True,CRITICAL
,1791396250714.0,hvac_state,True,0.978,rear_center,30.67,OK,MONITORING,True,24.0,0.0,True,22.0,False,0.0,False,2026-10-07 18:04:10.714000+00:00,0.0,0.0,8.670000000000002,30.616000000000003,0.12074767078526735,0.0,8.670000000000002,False,False,False,True,True,True,,,,True,False,False,False,False,False,False,True,True,True,True,CRITICAL
,,guardian_state,True,0.978,rear_center,30.67,OK,MONITORING,False,23.7,0.0,True,22.0,False,0.0,False,,0.0,-0.3000000000000007,8.670000000000002,30.67,2.5897198609907596e-07,,8.670000000000002,False,False,False,True,True,True,,,,True,False,False,False,False,False,False,True,True,True,True,CRITICAL
,,guardian_state,True,0.978,rear_center,30.67,OK,MONITORING,False,23.6,0.0,True,22.0,False,0.0,False,,0.0,-0.09999999999999787,8.670000000000002,30.67,2.5897198609907596e-07,,8.670000000000002,False,False,False,True,True,True,,,,True,False,False,False,False,False,False,True,True,True,True,CRITICAL
,,guardian_state,True,0.978,rear_center,30.67,OK,MONITORING,False,23.8,0.0,True,22.0,False,0.0,False,,0.0,0.1999999999999993,8.670000000000002,30.67,2.5897198609907596e-07,,8.670000000000002,False,False,False,True,True,True,,,,True,False,False,False,False,False,False,True,True,True,True,CRITICAL
,,guardian_state,True,0.978,rear_center,30.67,OK,MONITORING,False,23.81,0.0,True,22.0,False,0.0,False,,0.0,0.00999999999999801,8.670000000000002,30.67,2.5897198609907596e-07,,8.670000000000002,False,False,False,True,True,True,,,,True,False,False,False,False,False,False,True,True,True,True,CRITICAL
,,guardian_state,True,0.978,rear_center,30.67,OK,MONITORING,False,23.71,0.0,True,22.0,False,0.0,False,,0.0,-0.09999999999999787,8.670000000000002,30.67,2.5897198609907596e-07,,8.670000000000002,False,False,False,True,True,True,,,,True,False,False,False,False,False,False,True,True,True,True,CRITICAL
,,guardian_state,True,0.978,rear_center,30.67,OK,MONITORING,False,23.8,0.0,True,22.0,False,0.0,False,,0.0,0.08999999999999986,8.670000000000002,30.67,2.5897198609907596e-07,,8.670000000000002,False,False,False,True,True,True,,,,True,False,False,False,False,False,False,True,True,True,True,CRITICAL
,,guardian_state,True,0.978,rear_center,30.67,OK,MONITORING,False,23.78,0.0,True,22.0,False,0.0,False,,0.0,-0.019999999999999574,8.670000000000002,30.67,2.5897198609907596e-07,,8.670000000000002,False,False,False,True,True,True,,,,True,False,False,False,False,False,False,True,True,True,True,CRITICAL
,,guardian_state,True,0.978,rear_center,30.67,OK,MONITORING,False,23.85,0.0,True,22.0,False,0.0,False,,0.0,0.07000000000000028,8.670000000000002,30.67,2.5897198609907596e-07,,8.670000000000002,False,False,False,True,True,True,,,,True,False,False,False,False,False,False,True,True,True,True,CRITICAL
,,guardian_state,True,0.978,rear_center,30.67,OK,MONITORING,False,24.01,0.0,True,22.0,False,0.0,False,,0.0,0.16000000000000014,8.670000000000002,30.67,2.5897198609907596e-07,,8.670000000000002,False,False,False,True,True,True,,,,True,False,False,False,False,False,False,True,True,True,True,CRITICAL
,,guardian_state,True,0.978,rear_center,30.67,OK,MONITORING,False,23.86,0.0,True,22.0,False,0.0,False,,0.0,-0.15000000000000213,8.670000000000002,30.67,2.5897198609907596e-07,,8.670000000000002,False,False,False,True,True,True,,,,True,False,False,False,False,False,False,True,True,True,True,CRITICAL
,,guardian_state,True,0.978,rear_center,30.67,OK,MONITORING,False,23.72,0.0,True,22.0,False,0.0,False,,0.0,-0.14000000000000057,8.670000000000002,30.67,2.5897198609907596e-07,,8.670000000000002,False,False,False,True,True,True,,,,True,False,False,False,False,False,False,True,True,True,True,CRITICAL
,,guardian_state,True,0.978,rear_center,30.67,OK,MONITORING,False,23.85,0.0,True,22.0,False,0.0,False,,0.0,0.13000000000000256,8.670000000000002,30.67,2.5897198609907596e-07,,8.670000000000002,False,False,False,True,True,True,,,,True,False,False,False,False,False,False,True,True,True,True,CRITICAL
,,guardian_state,True,0.978,rear_center,30.67,OK,MONITORING,False,23.82,0.0,True,22.0,False,0.0,False,,0.0,-0.030000000000001137,8.670000000000002,30.67,2.5897198609907596e-07,,8.670000000000002,False,False,False,True,True,True,,,,True,False,False,False,False,False,False,True,True,True,True,CRITICAL
,,guardian_state,True,0.978,rear_center,30.67,OK,MONITORING,False,23.87,0.0,True,22.0,False,0.0,False,,0.0,0.05000000000000071,8.670000000000002,30.67,2.5897198609907596e-07,,8.670000000000002,False,False,False,True,True,True,,,,True,False,False,False,False,False,False,True,True,True,True,CRITICAL
,,guardian_state,True,0.978,rear_center,30.67,OK,MONITORING,False,23.65,0.0,True,22.0,False,0.0,False,,0.0,-0.22000000000000242,8.670000000000002,30.67,2.5897198609907596e-07,,8.670000000000002,False,False,False,True,True,True,,,,True,False,False,False,False,False,False,True,True,True,True,CRITICAL
,,guardian_state,True,0.978,rear_center,30.67,OK,MONITORING,False,23.77,0.0,True,22.0,False,0.0,False,,0.0,0.120000000000001,8.670000000000002,30.67,2.5897198609907596e-07,,8.670000000000002,False,False,False,True,True,True,,,,True,False,False,False,False,False,False,True,True,True,True,CRITICAL
,,guardian_state,True,0.978,rear_center,30.67,OK,MONITORING,False,23.9,0.0,True,22.0,False,0.0,False,,0.0,0.129999999999999,8.670000000000002,30.67,2.5897198609907596e-07,,8.670000000000002,False,False,False,True,True,True,,,,True,False,False,False,False,False,False,True,True,True,True,CRITICAL
,,guardian_state,True,0.978,rear_center,30.67,OK,MONITORING,False,23.86,0.0,True,22.0,False,0.0,False,,0.0,-0.03999999999999915,8.670000000000002,30.67,2.5897198609907596e-07,,8.670000000000002,False,False,False,True,True,True,,,,True,False,False,False,False,False,False,True,True,True,True,CRITICAL
,,guardian_state,True,0.978,rear_center,30.67,OK,MONITORING,False,23.75,0.0,True,22.0,False,0.0,False,,0.0,-0.10999999999999943,8.670000000000002,30.67,2.5897198609907596e-07,,8.670000000000002,False,False,False,True,True,True,,,,True,False,False,False,False,False,False,True,True,True,True,CRITICAL
,,guardian_state,True,0.978,rear_center,30.67,OK,MONITORING,False,23.67,0.0,True,22.0,False,0.0,False,,0.0,-0.0799999999999983,8.670000000000002,30.67,2.5897198609907596e-07,,8.670000000000002,False,False,False,True,True,True,,,,True,False,False,False,False,False,False,True,True,True,True,CRITICAL
,,guardian_state,True,0.978,rear_center,30.67,OK,MONITORING,False,23.81,0.0,True,22.0,False,0.0,False,,0.0,0.13999999999999702,8.670000000000002,30.67,2.5897198609907596e-07,,8.670000000000002,False,False,False,True,True,True,,,,True,False,False,False,False,False,False,True,True,True,True,CRITICAL
,,guardian_state,True,0.978,rear_center,30.67,OK,MONITORING,False,23.86,0.0,True,22.0,False,0.0,False,,0.0,0.05000000000000071,8.670000000000002,30.67,2.5897198609907596e-07,,8.670000000000002,False,False,False,True,True,True,,,,True,False,False,False,False,False,False,True,True,True,True,CRITICAL
,,guardian_state,True,0.978,rear_center,30.67,OK,MONITORING,False,23.73,0.0,True,22.0,False,0.0,False,,0.0,-0.129999999999999,8.670000000000002,30.67,2.5897198609907596e-07,,8.670000000000002,False,False,False,True,True,True,,,,True,False,False,False,False,False,False,True,True,True,True,CRITICAL
,,guardian_state,True,0.978,rear_center,30.67,OK,MONITORING,False,23.85,0.0,True,22.0,False,0.0,False,,0.0,0.120000000000001,8.670000000000002,30.67,2.5897198609907596e-07,,8.670000000000002,False,False,False,True,True,True,,,,True,False,False,False,False,False,False,True,True,True,True,CRITICAL
,,guardian_state,True,0.978,rear_center,30.67,OK,MONITORING,False,23.84,0.0,True,22.0,False,0.0,False,,0.0,-0.010000000000001563,8.670000000000002,30.67,2.5897198609907596e-07,,8.670000000000002,False,False,False,True,True,True,,,,True,False,False,False,False,False,False,True,True,True,True,CRITICAL
,,guardian_state,True,0.978,rear_center,30.67,OK,MONITORING,False,23.76,0.0,True,22.0,False,0.0,False,,0.0,-0.0799999999999983,8.670000000000002,30.67,2.5897198609907596e-07,,8.670000000000002,False,False,False,True,True,True,,,,True,False,False,False,False,False,False,True,True,True,True,CRITICAL
,,guardian_state,True,0.978,rear_center,30.67,OK,MONITORING,False,23.67,0.0,True,22.0,False,0.0,False,,0.0,-0.08999999999999986,8.670000000000002,30.67,2.5897198609907596e-07,,8.670000000000002,False,False,False,True,True,True,,,,True,False,False,False,False,False,False,True,True,True,True,CRITICAL
,,guardian_state,True,0.978,rear_center,30.67,OK,MONITORING,False,23.76,0.0,True,22.0,False,0.0,False,,0.0,0.08999999999999986,8.670000000000002,30.67,2.5897198609907596e-07,,8.670000000000002,False,False,False,True,True,True,,,,True,False,False,False,False,False,False,True,True,True,True,CRITICAL
,,guardian_state,True,0.978,rear_center,30.67,OK,MONITORING,False,23.87,0.0,True,22.0,False,0.0,False,,0.0,0.10999999999999943,8.670000000000002,30.67,2.5897198609907596e-07,,8.670000000000002,False,False,False,True,True,True,,,,True,False,False,False,False,False,False,True,True,True,True,CRITICAL
,,guardian_state,True,0.978,rear_center,30.67,OK,MONITORING,False,23.77,0.0,True,22.0,False,0.0,False,,0.0,-0.10000000000000142,8.670000000000002,30.67,2.5897198609907596e-07,,8.670000000000002,False,False,False,True,True,True,,,,True,False,False,False,False,False,False,True,True,True,True,CRITICAL
,,guardian_state,True,0.978,rear_center,30.67,OK,MONITORING,True,23.52,0.0,True,22.0,False,0.0,False,,0.0,-0.25,8.670000000000002,30.67,2.5897198609907596e-07,,8.670000000000002,False,False,False,True,True,True,,,,True,False,False,False,False,False,False,True,True,True,True,CRITICAL
,,guardian_state,True,0.978,rear_center,30.67,OK,MONITORING,True,23.51,0.0,True,22.0,False,0.0,False,,0.0,-0.00999999999999801,8.670000000000002,30.67,2.5897198609907596e-07,,8.670000000000002,False,False,False,True,True,True,,,,True,False,False,False,False,False,False,True,True,True,True,CRITICAL
,,guardian_state,True,0.978,rear_center,30.67,OK,MONITORING,True,23.63,0.0,True,22.0,False,0.0,False,,0.0,0.11999999999999744,8.670000000000002,30.67,2.5897198609907596e-07,,8.670000000000002,False,False,False,True,True,True,,,,True,False,False,False,False,False,False,True,True,True,True,CRITICAL
,,guardian_state,True,0.978,rear_center,30.67,OK,MONITORING,True,23.52,0.0,True,22.0,False,0.0,False,,0.0,-0.10999999999999943,8.670000000000002,30.67,2.5897198609907596e-07,,8.670000000000002,False,False,False,True,True,True,,,,True,False,False,False,False,False,False,True,True,True,True,CRITICAL
,,guardian_state,True,0.978,rear_center,30.67,OK,MONITORING,True,23.53,0.0,True,22.0,False,0.0,False,,0.0,0.010000000000001563,8.670000000000002,30.67,2.5897198609907596e-07,,8.670000000000002,False,False,False,True,True,True,,,,True,False,False,False,False,False,False,True,True,True,True,CRITICAL
,,guardian_state,True,0.978,rear_center,30.67,OK,MONITORING,True,23.43,0.0,True,22.0,False,0.0,False,,0.0,-0.10000000000000142,8.670000000000002,30.67,2.5897198609907596e-07,,8.670000000000002,False,False,False,True,True,True,,,,True,False,False,False,False,False,False,True,True,True,True,CRITICAL
,,guardian_state,True,0.978,rear_center,30.67,OK,MONITORING,True,23.48,0.0,True,22.0,False,0.0,False,,0.0,0.05000000000000071,8.670000000000002,30.67,2.5897198609907596e-07,,8.670000000000002,False,False,False,True,True,True,,,,True,False,False,False,False,False,False,True,True,True,True,CRITICAL
,,guardian_state,True,0.978,rear_center,30.67,OK,MONITORING,True,23.53,0.0,True,22.0,False,0.0,False,,0.0,0.05000000000000071,8.670000000000002,30.67,2.5897198609907596e-07,,8.670000000000002,False,False,False,True,True,True,,,,True,False,False,False,False,False,False,True,True,True,True,CRITICAL
,,guardian_state,True,0.978,rear_center,30.67,OK,MONITORING,True,23.53,0.0,True,22.0,False,0.0,False,,0.0,0.0,8.670000000000002,30.67,2.5897198609907596e-07,,8.670000000000002,False,False,False,True,True,True,,,,True,False,False,False,False,False,False,True,True,True,True,CRITICAL
,,guardian_state,True,0.978,rear_center,30.67,OK,MONITORING,True,23.43,0.0,True,22.0,False,0.0,False,,0.0,-0.10000000000000142,8.670000000000002,30.67,2.5897198609907596e-07,,8.670000000000002,False,False,False,True,True,True,,,,True,False,False,False,False,False,False,True,True,True,True,CRITICAL
,,guardian_state,True,0.978,rear_center,30.67,OK,MONITORING,True,23.49,0.0,True,22.0,False,0.0,False,,0.0,0.05999999999999872,8.670000000000002,30.67,2.5897198609907596e-07,,8.670000000000002,False,False,False,True,True,True,,,,True,False,False,False,False,False,False,True,True,True,True,CRITICAL
,,guardian_state,True,0.978,rear_center,30.67,OK,MONITORING,True,23.42,0.0,True,22.0,False,0.0,False,,0.0,-0.06999999999999673,8.670000000000002,30.67,2.5897198609907596e-07,,8.670000000000002,False,False,False,True,True,True,,,,True,False,False,False,False,False,False,True,True,True,True,CRITICAL
,,guardian_state,True,0.978,rear_center,30.67,OK,MONITORING,True,23.64,0.0,True,22.0,False,0.0,False,,0.0,0.21999999999999886,8.670000000000002,30.67,2.5897198609907596e-07,,8.670000000000002,False,False,False,True,True,True,,,,True,False,False,False,False,False,False,True,True,True,True,CRITICAL
,,guardian_state,True,0.978,rear_center,30.67,OK,MONITORING,True,23.46,0.0,True,22.0,False,0.0,False,,0.0,-0.17999999999999972,8.670000000000002,30.67,2.5897198609907596e-07,,8.670000000000002,False,False,False,True,True,True,,,,True,False,False,False,False,False,False,True,True,True,True,CRITICAL
,,guardian_state,True,0.978,rear_center,30.67,OK,MONITORING,True,23.67,0.0,True,22.0,False,0.0,False,,0.0,0.21000000000000085,8.670000000000002,30.67,2.5897198609907596e-07,,8.670000000000002,False,False,False,True,True,True,,,,True,False,False,False,False,False,False,True,True,True,True,CRITICAL
,,guardian_state,True,0.978,rear_center,30.67,OK,MONITORING,True,23.57,0.0,True,22.0,False,0.0,False,,0.0,-0.10000000000000142,8.670000000000002,30.67,2.5897198609907596e-07,,8.670000000000002,False,False,False,True,True,True,,,,True,False,False,False,False,False,False,True,True,True,True,CRITICAL
,,guardian_state,True,0.978,rear_center,30.67,OK,MONITORING,True,23.5,0.0,True,22.0,False,0.0,False,,0.0,-0.07000000000000028,8.670000000000002,30.67,2.5897198609907596e-07,,8.670000000000002,False,False,False,True,True,True,,,,True,False,False,False,False,False,False,True,True,True,True,CRITICAL
,,guardian_state,True,0.978,rear_center,30.67,OK,MONITORING,True,23.4,0.0,True,22.0,False,0.0,False,,0.0,-0.10000000000000142,8.670000000000002,30.67,2.5897198609907596e-07,,8.670000000000002,False,False,False,True,True,True,,,,True,False,False,False,False,False,False,True,True,True,True,CRITICAL
,,guardian_state,True,0.978,rear_center,30.67,OK,MONITORING,True,23.51,0.0,True,22.0,False,0.0,False,,0.0,0.11000000000000298,8.670000000000002,30.67,2.5897198609907596e-07,,8.670000000000002,False,False,False,True,True,True,,,,True,False,False,False,False,False,False,True,True,True,True,CRITICAL
,,guardian_state,True,0.978,rear_center,30.67,OK,MONITORING,True,23.6,0.0,True,22.0,False,0.0,False,,0.0,0.08999999999999986,8.670000000000002,30.67,2.5897198609907596e-07,,8.670000000000002,False,False,False,True,True,True,,,,True,False,False,False,False,False,False,True,True,True,True,CRITICAL
,,guardian_state,True,0.978,rear_center,30.67,OK,MONITORING,True,23.53,0.0,True,22.0,False,0.0,False,,0.0,-0.07000000000000028,8.670000000000002,30.67,2.5897198609907596e-07,,8.670000000000002,False,False,False,True,True,True,,,,True,False,False,False,False,False,False,True,True,True,True,CRITICAL
,,guardian_state,True,0.978,rear_center,30.67,OK,MONITORING,True,23.39,0.0,True,22.0,False,0.0,False,,0.0,-0.14000000000000057,8.670000000000002,30.67,2.5897198609907596e-07,,8.670000000000002,False,False,False,True,True,True,,,,True,False,False,False,False,False,False,True,True,True,True,CRITICAL
,,guardian_state,True,0.978,rear_center,30.67,OK,MONITORING,True,23.49,0.0,True,22.0,False,0.0,False,,0.0,0.09999999999999787,8.670000000000002,30.67,2.5897198609907596e-07,,8.670000000000002,False,False,False,True,True,True,,,,True,False,False,False,False,False,False,True,True,True,True,CRITICAL
,,guardian_state,True,0.978,rear_center,30.67,OK,MONITORING,True,23.43,0.0,True,22.0,False,0.0,False,,0.0,-0.05999999999999872,8.670000000000002,30.67,2.5897198609907596e-07,,8.670000000000002,False,False,False,True,True,True,,,,True,False,False,False,False,False,False,True,True,True,True,CRITICAL
,,guardian_state,True,0.978,rear_center,30.67,OK,MONITORING,True,24.06,0.0,True,22.0,False,0.0,False,,0.0,0.629999999999999,8.670000000000002,30.67,2.5897198609907596e-07,,8.670000000000002,False,False,False,True,True,True,,,,True,False,False,False,False,False,False,True,True,True,True,CRITICAL
,,guardian_state,True,0.978,rear_center,30.67,OK,MONITORING,True,24.17,0.0,True,22.0,False,0.0,False,,0.0,0.11000000000000298,8.670000000000002,30.67,2.5897198609907596e-07,,8.670000000000002,False,False,False,True,True,True,,,,True,False,False,False,False,False,False,True,True,True,True,CRITICAL
,,guardian_state,True,0.978,rear_center,30.67,OK,MONITORING,True,24.39,0.0,True,22.0,False,0.0,False,,0.0,0.21999999999999886,8.670000000000002,30.67,2.5897198609907596e-07,,8.670000000000002,False,False,False,True,True,True,,,,True,False,False,False,False,False,False,True,True,True,True,CRITICAL
,,guardian_state,True,0.978,rear_center,30.67,OK,MONITORING,True,24.62,0.0,True,22.0,False,0.0,False,,0.0,0.23000000000000043,8.670000000000002,30.67,2.5897198609907596e-07,,8.670000000000002,False,False,False,True,True,True,,,,True,False,False,False,False,False,False,True,True,True,True,CRITICAL
,,guardian_state,True,0.978,rear_center,30.67,OK,MONITORING,True,24.73,0.0,True,22.0,False,0.0,False,,0.0,0.10999999999999943,8.670000000000002,30.67,2.5897198609907596e-07,,8.670000000000002,False,False,False,True,True,True,,,,True,False,False,False,False,False,False,True,True,True,True,CRITICAL
,,guardian_state,True,0.978,rear_center,30.67,OK,MONITORING,True,24.96,0.0,True,22.0,False,0.0,False,,0.0,0.23000000000000043,8.670000000000002,30.67,2.5897198609907596e-07,,8.670000000000002,False,False,False,True,True,True,,,,True,False,False,False,False,False,False,True,True,True,True,CRITICAL
,,guardian_state,True,0.978,rear_center,30.67,OK,MONITORING,True,25.18,0.0,True,22.0,False,0.0,False,,0.0,0.21999999999999886,8.670000000000002,30.67,2.5897198609907596e-07,,8.670000000000002,False,False,False,True,True,True,,,,True,False,False,False,False,False,False,True,True,True,True,CRITICAL
,,guardian_state,True,0.978,rear_center,30.67,OK,MONITORING,True,25.29,0.0,True,22.0,False,0.0,False,,0.0,0.10999999999999943,8.670000000000002,30.67,2.5897198609907596e-07,,8.670000000000002,False,False,False,True,True,True,,,,True,False,False,False,False,False,False,True,True,True,True,CRITICAL
,,guardian_state,True,0.978,rear_center,30.67,OK,MONITORING,True,25.52,0.0,True,22.0,False,0.0,False,,0.0,0.23000000000000043,8.670000000000002,30.67,2.5897198609907596e-07,,8.670000000000002,False,False,False,True,True,True,,,,True,False,False,False,False,False,False,True,True,True,True,CRITICAL
,,guardian_state,True,0.978,rear_center,30.67,OK,MONITORING,True,25.74,0.0,True,22.0,False,0.0,False,,0.0,0.21999999999999886,8.670000000000002,30.67,2.5897198609907596e-07,,8.670000000000002,False,False,False,True,True,True,,,,True,False,False,False,False,False,False,True,True,True,True,CRITICAL
,,guardian_state,True,0.978,rear_center,30.67,OK,MONITORING,True,25.85,0.0,True,22.0,False,0.0,False,,0.0,0.11000000000000298,8.670000000000002,30.67,2.5897198609907596e-07,,8.670000000000002,False,False,False,True,True,True,,,,True,False,False,False,False,False,False,True,True,True,True,CRITICAL
,,guardian_state,True,0.978,rear_center,30.67,OK,MONITORING,True,26.08,0.0,True,22.0,False,0.0,False,,0.0,0.22999999999999687,8.670000000000002,30.67,2.5897198609907596e-07,,8.670000000000002,False,False,False,True,True,True,,,,True,False,False,False,False,False,False,True,True,True,True,CRITICAL
,,guardian_state,True,0.978,rear_center,30.67,OK,MONITORING,True,26.3,0.0,True,22.0,False,0.0,False,,0.0,0.22000000000000242,8.670000000000002,30.67,2.5897198609907596e-07,,8.670000000000002,False,False,False,True,True,True,,,,True,False,False,False,False,False,False,True,True,True,True,CRITICAL
,,guardian_state,True,0.978,rear_center,30.67,OK,MONITORING,True,26.42,0.0,True,22.0,False,0.0,False,,0.0,0.120000000000001,8.670000000000002,30.67,2.5897198609907596e-07,,8.670000000000002,False,False,False,True,True,True,,,,True,False,False,False,False,False,False,True,True,True,True,CRITICAL
,,guardian_state,True,0.978,rear_center,30.67,OK,MONITORING,True,26.64,0.0,True,22.0,False,0.0,False,,0.0,0.21999999999999886,8.670000000000002,30.67,2.5897198609907596e-07,,8.670000000000002,False,False,False,True,True,True,,,,True,False,False,False,False,False,False,True,True,True,True,CRITICAL
,,guardian_state,True,0.978,rear_center,30.67,OK,MONITORING,True,26.87,0.0,True,22.0,False,0.0,False,,0.0,0.23000000000000043,8.670000000000002,30.67,2.5897198609907596e-07,,8.670000000000002,False,False,False,True,True,True,,,,True,False,False,False,False,False,False,True,True,True,True,CRITICAL
,,guardian_state,True,0.978,rear_center,30.67,OK,MONITORING,True,26.98,0.0,True,22.0,False,0.0,False,,0.0,0.10999999999999943,8.670000000000002,30.67,2.5897198609907596e-07,,8.670000000000002,False,False,False,True,True,True,,,,True,False,False,False,False,False,False,True,True,True,True,CRITICAL
,,guardian_state,True,0.978,rear_center,30.67,OK,MONITORING,True,27.2,0.0,True,22.0,False,0.0,False,,0.0,0.21999999999999886,8.670000000000002,30.67,2.5897198609907596e-07,,8.670000000000002,False,False,False,True,True,True,,,,True,False,False,False,False,False,False,True,True,True,True,CRITICAL
,,guardian_state,True,0.978,rear_center,30.67,OK,MONITORING,True,27.43,0.0,True,22.0,False,0.0,False,,0.0,0.23000000000000043,8.670000000000002,30.67,2.5897198609907596e-07,,8.670000000000002,False,False,False,True,True,True,,,,True,False,False,False,False,False,False,True,True,True,True,CRITICAL
,,guardian_state,True,0.978,rear_center,30.67,OK,MONITORING,True,27.54,0.0,True,22.0,False,0.0,False,,0.0,0.10999999999999943,8.670000000000002,30.67,2.5897198609907596e-07,,8.670000000000002,False,False,False,True,True,True,,,,True,False,False,False,False,False,False,True,True,True,True,CRITICAL
,,guardian_state,True,0.978,rear_center,30.67,OK,MONITORING,True,27.76,0.0,True,22.0,False,0.0,False,,0.0,0.22000000000000242,8.670000000000002,30.67,2.5897198609907596e-07,,8.670000000000002,False,False,False,True,True,True,,,,True,False,False,False,False,False,False,True,True,True,True,CRITICAL
,,guardian_state,True,0.978,rear_center,30.67,OK,MONITORING,True,27.99,0.0,True,22.0,False,0.0,False,,0.0,0.22999999999999687,8.670000000000002,30.67,2.5897198609907596e-07,,8.670000000000002,False,False,False,True,True,True,,,,True,False,False,False,False,False,False,True,True,True,True,CRITICAL
,,guardian_state,True,0.978,rear_center,30.67,OK,MONITORING,True,28.1,0.0,True,22.0,False,0.0,False,,0.0,0.11000000000000298,8.670000000000002,30.67,2.5897198609907596e-07,,8.670000000000002,False,False,False,True,True,True,,,,True,False,False,False,False,False,False,True,True,True,True,CRITICAL
,,guardian_state,True,0.978,rear_center,30.67,OK,MONITORING,True,28.33,0.0,True,22.0,False,0.0,False,,0.0,0.22999999999999687,8.670000000000002,30.67,2.5897198609907596e-07,,8.670000000000002,False,False,False,True,True,True,,,,True,False,False,False,False,False,False,True,True,True,True,CRITICAL
,,guardian_state,True,0.978,rear_center,30.67,OK,MONITORING,True,28.55,0.0,True,22.0,False,0.0,False,,0.0,0.22000000000000242,8.670000000000002,30.67,2.5897198609907596e-07,,8.670000000000002,False,False,False,True,True,True,,,,True,False,False,False,False,False,False,True,True,True,True,CRITICAL
,,guardian_state,True,0.978,rear_center,30.67,OK,MONITORING,True,28.66,0.0,True,22.0,False,0.0,False,,0.0,0.10999999999999943,8.670000000000002,30.67,2.5897198609907596e-07,,8.670000000000002,False,False,False,True,True,True,,,,True,False,False,False,False,False,False,True,True,True,True,CRITICAL
,,guardian_state,True,0.978,rear_center,30.67,OK,MONITORING,True,28.89,0.0,True,22.0,False,0.0,False,,0.0,0.23000000000000043,8.670000000000002,30.67,2.5897198609907596e-07,,8.670000000000002,False,False,False,True,True,True,,,,True,False,False,False,False,False,False,True,True,True,True,CRITICAL
,,guardian_state,True,0.978,rear_center,30.67,OK,MONITORING,True,24.04,0.0,True,22.0,False,0.0,False,,0.0,-4.850000000000001,8.670000000000002,30.67,2.5897198609907596e-07,,8.670000000000002,False,False,False,True,True,True,,,,True,False,False,False,False,False,False,True,True,True,True,CRITICAL
,,guardian_state,True,0.978,rear_center,30.67,OK,MONITORING,True,24.12,0.0,True,22.0,False,0.0,False,,0.0,0.08000000000000185,8.670000000000002,30.67,2.5897198609907596e-07,,8.670000000000002,False,False,False,True,True,True,,,,True,False,False,False,False,False,False,True,True,True,True,CRITICAL
,,guardian_state,True,0.978,rear_center,30.67,OK,MONITORING,True,24.28,0.0,True,22.0,False,0.0,False,,0.0,0.16000000000000014,8.670000000000002,30.67,2.5897198609907596e-07,,8.670000000000002,False,False,False,True,True,True,,,,True,False,False,False,False,False,False,True,True,True,True,CRITICAL
,,guardian_state,True,0.978,rear_center,30.67,OK,MONITORING,True,24.44,0.0,True,22.0,False,0.0,False,,0.0,0.16000000000000014,8.670000000000002,30.67,2.5897198609907596e-07,,8.670000000000002,False,False,False,True,True,True,,,,True,False,False,False,False,False,False,True,True,True,True,CRITICAL
,,guardian_state,True,0.978,rear_center,30.67,OK,MONITORING,True,24.53,0.0,True,22.0,False,0.0,False,,0.0,0.08999999999999986,8.670000000000002,30.67,2.5897198609907596e-07,,8.670000000000002,False,False,False,True,True,True,,,,True,False,False,False,False,False,False,True,True,True,True,CRITICAL
,,guardian_state,True,0.978,rear_center,30.67,OK,MONITORING,True,24.69,0.0,True,22.0,False,0.0,False,,0.0,0.16000000000000014,8.670000000000002,30.67,2.5897198609907596e-07,,8.670000000000002,False,False,False,True,True,True,,,,True,False,False,False,False,False,False,True,True,True,True,CRITICAL
,,guardian_state,True,0.978,rear_center,30.67,OK,MONITORING,True,24.85,0.0,True,22.0,False,0.0,False,,0.0,0.16000000000000014,8.670000000000002,30.67,2.5897198609907596e-07,,8.670000000000002,False,False,False,True,True,True,,,,True,False,False,False,False,False,False,True,True,True,True,CRITICAL
,,guardian_state,True,0.978,rear_center,30.67,OK,MONITORING,True,24.93,0.0,True,22.0,False,0.0,False,,0.0,0.0799999999999983,8.670000000000002,30.67,2.5897198609907596e-07,,8.670000000000002,False,False,False,True,True,True,,,,True,False,False,False,False,False,False,True,True,True,True,CRITICAL
,,guardian_state,True,0.978,rear_center,30.67,OK,MONITORING,True,25.09,0.0,True,22.0,False,0.0,False,,0.0,0.16000000000000014,8.670000000000002,30.67,2.5897198609907596e-07,,8.670000000000002,False,False,False,True,True,True,,,,True,False,False,False,False,False,False,True,True,True,True,CRITICAL
,,guardian_state,True,0.978,rear_center,30.67,OK,MONITORING,True,25.25,0.0,True,22.0,False,0.0,False,,0.0,0.16000000000000014,8.670000000000002,30.67,2.5897198609907596e-07,,8.670000000000002,False,False,False,True,True,True,,,,True,False,False,False,False,False,False,True,True,True,True,CRITICAL
,,guardian_state,True,0.978,rear_center,30.67,OK,MONITORING,True,25.33,0.0,True,22.0,False,0.0,False,,0.0,0.0799999999999983,8.670000000000002,30.67,2.5897198609907596e-07,,8.670000000000002,False,False,False,True,True,True,,,,True,False,False,False,False,False,False,True,True,True,True,CRITICAL
,,guardian_state,True,0.978,rear_center,30.67,OK,MONITORING,True,25.49,0.0,True,22.0,False,0.0,False,,0.0,0.16000000000000014,8.670000000000002,30.67,2.5897198609907596e-07,,8.670000000000002,False,False,False,True,True,True,,,,True,False,False,False,False,False,False,True,True,True,True,CRITICAL
,,guardian_state,True,0.978,rear_center,30.67,OK,MONITORING,True,25.66,0.0,True,22.0,False,0.0,False,,0.0,0.1700000000000017,8.670000000000002,30.67,2.5897198609907596e-07,,8.670000000000002,False,False,False,True,True,True,,,,True,False,False,False,False,False,False,True,True,True,True,CRITICAL
,,guardian_state,True,0.978,rear_center,30.67,OK,MONITORING,True,25.74,0.0,True,22.0,False,0.0,False,,0.0,0.0799999999999983,8.670000000000002,30.67,2.5897198609907596e-07,,8.670000000000002,False,False,False,True,True,True,,,,True,False,False,False,False,False,False,True,True,True,True,CRITICAL
,,guardian_state,True,0.978,rear_center,30.67,OK,MONITORING,True,25.9,0.0,True,22.0,False,0.0,False,,0.0,0.16000000000000014,8.670000000000002,30.67,2.5897198609907596e-07,,8.670000000000002,False,False,False,True,True,True,,,,True,False,False,False,False,False,False,True,True,True,True,CRITICAL
,,guardian_state,True,0.978,rear_center,30.67,OK,MONITORING,True,26.06,0.0,True,22.0,False,0.0,False,,0.0,0.16000000000000014,8.670000000000002,30.67,2.5897198609907596e-07,,8.670000000000002,False,False,False,True,True,True,,,,True,False,False,False,False,False,False,True,True,True,True,CRITICAL
,,guardian_state,True,0.978,rear_center,30.67,OK,MONITORING,True,26.14,0.0,True,22.0,False,0.0,False,,0.0,0.08000000000000185,8.670000000000002,30.67,2.5897198609907596e-07,,8.670000000000002,False,False,False,True,True,True,,,,True,False,False,False,False,False,False,True,True,True,True,CRITICAL
,,guardian_state,True,0.978,rear_center,30.67,OK,MONITORING,True,26.3,0.0,True,22.0,False,0.0,False,,0.0,0.16000000000000014,8.670000000000002,30.67,2.5897198609907596e-07,,8.670000000000002,False,False,False,True,True,True,,,,True,False,False,False,False,False,False,True,True,True,True,CRITICAL
,,guardian_state,True,0.978,rear_center,30.67,OK,MONITORING,True,26.46,0.0,True,22.0,False,0.0,False,,0.0,0.16000000000000014,8.670000000000002,30.67,2.5897198609907596e-07,,8.670000000000002,False,False,False,True,True,True,,,,True,False,False,False,False,False,False,True,True,True,True,CRITICAL
,,guardian_state,True,0.978,rear_center,30.67,OK,MONITORING,True,26.55,0.0,True,22.0,False,0.0,False,,0.0,0.08999999999999986,8.670000000000002,30.67,2.5897198609907596e-07,,8.670000000000002,False,False,False,True,True,True,,,,True,False,False,False,False,False,False,True,True,True,True,CRITICAL
,,guardian_state,True,0.978,rear_center,30.67,OK,MONITORING,True,26.71,0.0,True,22.0,False,0.0,False,,0.0,0.16000000000000014,8.670000000000002,30.67,2.5897198609907596e-07,,8.670000000000002,False,False,False,True,True,True,,,,True,False,False,False,False,False,False,True,True,True,True,CRITICAL
,,guardian_state,True,0.978,rear_center,30.67,OK,MONITORING,True,26.87,0.0,True,22.0,False,0.0,False,,0.0,0.16000000000000014,8.670000000000002,30.67,2.5897198609907596e-07,,8.670000000000002,False,False,False,True,True,True,,,,True,False,False,False,False,False,False,True,True,True,True,CRITICAL
,,guardian_state,True,0.978,rear_center,30.67,OK,MONITORING,True,26.95,0.0,True,22.0,False,0.0,False,,0.0,0.0799999999999983,8.670000000000002,30.67,2.5897198609907596e-07,,8.670000000000002,False,False,False,True,True,True,,,,True,False,False,False,False,False,False,True,True,True,True,CRITICAL
,,guardian_state,True,0.978,rear_center,30.67,OK,MONITORING,True,27.11,0.0,True,22.0,False,0.0,False,,0.0,0.16000000000000014,8.670000000000002,30.67,2.5897198609907596e-07,,8.670000000000002,False,False,False,True,True,True,,,,True,False,False,False,False,False,False,True,True,True,True,CRITICAL
,,guardian_state,True,0.978,rear_center,30.67,OK,MONITORING,True,27.27,0.0,True,22.0,False,0.0,False,,0.0,0.16000000000000014,8.670000000000002,30.67,2.5897198609907596e-07,,8.670000000000002,False,False,False,True,True,True,,,,True,False,False,False,False,False,False,True,True,True,True,CRITICAL
,,guardian_state,True,0.978,rear_center,30.67,OK,MONITORING,True,27.35,0.0,True,22.0,False,0.0,False,,0.0,0.08000000000000185,8.670000000000002,30.67,2.5897198609907596e-07,,8.670000000000002,False,False,False,True,True,True,,,,True,False,False,False,False,False,False,True,True,True,True,CRITICAL
,,guardian_state,True,0.978,rear_center,30.67,OK,MONITORING,True,27.52,0.0,True,22.0,False,0.0,False,,0.0,0.16999999999999815,8.670000000000002,30.67,2.5897198609907596e-07,,8.670000000000002,False,False,False,True,True,True,,,,True,False,False,False,False,False,False,True,True,True,True,CRITICAL
,,guardian_state,True,0.978,rear_center,30.67,OK,MONITORING,True,27.68,0.0,True,22.0,False,0.0,False,,0.0,0.16000000000000014,8.670000000000002,30.67,2.5897198609907596e-07,,8.670000000000002,False,False,False,True,True,True,,,,True,False,False,False,False,False,False,True,True,True,True,CRITICAL
,,guardian_state,True,0.978,rear_center,30.67,OK,MONITORING,True,27.76,0.0,True,22.0,False,0.0,False,,0.0,0.08000000000000185,8.670000000000002,30.67,2.5897198609907596e-07,,8.670000000000002,False,False,False,True,True,True,,,,True,False,False,False,False,False,False,True,True,True,True,CRITICAL
,,guardian_state,True,0.978,rear_center,30.67,OK,MONITORING,True,27.92,0.0,True,22.0,False,0.0,False,,0.0,0.16000000000000014,8.670000000000002,30.67,2.5897198609907596e-07,,8.670000000000002,False,False,False,True,True,True,,,,True,False,False,False,False,False,False,True,True,True,True,CRITICAL
,,guardian_state,True,0.978,rear_center,30.67,OK,MONITORING,True,27.04,0.0,True,22.0,False,0.0,False,,0.0,-0.8800000000000026,8.670000000000002,30.67,2.5897198609907596e-07,,8.670000000000002,False,False,False,True,True,True,,,,True,False,False,False,False,False,False,True,True,True,True,CRITICAL
,,guardian_state,True,0.978,rear_center,30.67,OK,MONITORING,True,27.12,0.0,True,22.0,False,0.0,False,,0.0,0.08000000000000185,8.670000000000002,30.67,2.5897198609907596e-07,,8.670000000000002,False,False,False,True,True,True,,,,True,False,False,False,False,False,False,True,True,True,True,CRITICAL
,,guardian_state,True,0.978,rear_center,30.67,OK,MONITORING,True,27.28,0.0,True,22.0,False,0.0,False,,0.0,0.16000000000000014,8.670000000000002,30.67,2.5897198609907596e-07,,8.670000000000002,False,False,False,True,True,True,,,,True,False,False,False,False,False,False,True,True,True,True,CRITICAL
,,guardian_state,True,0.978,rear_center,30.67,OK,MONITORING,True,27.44,0.0,True,22.0,False,0.0,False,,0.0,0.16000000000000014,8.670000000000002,30.67,2.5897198609907596e-07,,8.670000000000002,False,False,False,True,True,True,,,,True,False,False,False,False,False,False,True,True,True,True,CRITICAL
,,guardian_state,True,0.978,rear_center,30.67,OK,MONITORING,True,27.53,0.0,True,22.0,False,0.0,False,,0.0,0.08999999999999986,8.670000000000002,30.67,2.5897198609907596e-07,,8.670000000000002,False,False,False,True,True,True,,,,True,False,False,False,False,False,False,True,True,True,True,CRITICAL
,,guardian_state,True,0.978,rear_center,30.67,OK,MONITORING,True,27.69,0.0,True,22.0,False,0.0,False,,0.0,0.16000000000000014,8.670000000000002,30.67,2.5897198609907596e-07,,8.670000000000002,False,False,False,True,True,True,,,,True,False,False,False,False,False,False,True,True,True,True,CRITICAL
,,guardian_state,True,0.978,rear_center,30.67,OK,MONITORING,True,27.85,0.0,True,22.0,False,0.0,False,,0.0,0.16000000000000014,8.670000000000002,30.67,2.5897198609907596e-07,,8.670000000000002,False,False,False,True,True,True,,,,True,False,False,False,False,False,False,True,True,True,True,CRITICAL
,,guardian_state,True,0.978,rear_center,30.67,OK,MONITORING,True,27.93,0.0,True,22.0,False,0.0,False,,0.0,0.0799999999999983,8.670000000000002,30.67,2.5897198609907596e-07,,8.670000000000002,False,False,False,True,True,True,,,,True,False,False,False,False,False,False,True,True,True,True,CRITICAL
,,guardian_state,True,0.978,rear_center,30.67,OK,MONITORING,True,28.09,0.0,True,22.0,False,0.0,False,,0.0,0.16000000000000014,8.670000000000002,30.67,2.5897198609907596e-07,,8.670000000000002,False,False,False,True,True,True,,,,True,False,False,False,False,False,False,True,True,True,True,CRITICAL
,,guardian_state,True,0.978,rear_center,30.67,OK,MONITORING,True,28.25,0.0,True,22.0,False,0.0,False,,0.0,0.16000000000000014,8.670000000000002,30.67,2.5897198609907596e-07,,8.670000000000002,False,False,False,True,True,True,,,,True,False,False,False,False,False,False,True,True,True,True,CRITICAL
,,guardian_state,True,0.978,rear_center,30.67,OK,MONITORING,True,28.33,0.0,True,22.0,False,0.0,False,,0.0,0.0799999999999983,8.670000000000002,30.67,2.5897198609907596e-07,,8.670000000000002,False,False,False,True,True,True,,,,True,False,False,False,False,False,False,True,True,True,True,CRITICAL
,,guardian_state,True,0.978,rear_center,30.67,OK,MONITORING,True,28.49,0.0,True,22.0,False,0.0,False,,0.0,0.16000000000000014,8.670000000000002,30.67,2.5897198609907596e-07,,8.670000000000002,False,False,False,True,True,True,,,,True,False,False,False,False,False,False,True,True,True,True,CRITICAL
,,guardian_state,True,0.978,rear_center,30.67,OK,MONITORING,True,28.66,0.0,True,22.0,False,0.0,False,,0.0,0.1700000000000017,8.670000000000002,30.67,2.5897198609907596e-07,,8.670000000000002,False,False,False,True,True,True,,,,True,False,False,False,False,False,False,True,True,True,True,CRITICAL
,,guardian_state,True,0.978,rear_center,30.67,OK,MONITORING,True,28.74,0.0,True,22.0,False,0.0,False,,0.0,0.0799999999999983,8.670000000000002,30.67,2.5897198609907596e-07,,8.670000000000002,False,False,False,True,True,True,,,,True,False,False,False,False,False,False,True,True,True,True,CRITICAL
,,guardian_state,True,0.978,rear_center,30.67,OK,MONITORING,True,28.9,0.0,True,22.0,False,0.0,False,,0.0,0.16000000000000014,8.670000000000002,30.67,2.5897198609907596e-07,,8.670000000000002,False,False,False,True,True,True,,,,True,False,False,False,False,False,False,True,True,True,True,CRITICAL
,,guardian_state,True,0.978,rear_center,30.67,OK,MONITORING,True,29.06,0.0,True,22.0,False,0.0,False,,0.0,0.16000000000000014,8.670000000000002,30.67,2.5897198609907596e-07,,8.670000000000002,False,False,False,True,True,True,,,,True,False,False,False,False,False,False,True,True,True,True,CRITICAL
,,guardian_state,True,0.978,rear_center,30.67,OK,MONITORING,True,29.14,0.0,True,22.0,False,0.0,False,,0.0,0.08000000000000185,8.670000000000002,30.67,2.5897198609907596e-07,,8.670000000000002,False,False,False,True,True,True,,,,True,False,False,False,False,False,False,True,True,True,True,CRITICAL
,,guardian_state,True,0.978,rear_center,30.67,OK,MONITORING,True,29.3,0.0,True,22.0,False,0.0,False,,0.0,0.16000000000000014,8.670000000000002,30.67,2.5897198609907596e-07,,8.670000000000002,False,False,False,True,True,True,,,,True,False,False,False,False,False,False,True,True,True,True,CRITICAL
,,guardian_state,True,0.978,rear_center,30.67,OK,MONITORING,True,29.46,0.0,True,22.0,False,0.0,False,,0.0,0.16000000000000014,8.670000000000002,30.67,2.5897198609907596e-07,,8.670000000000002,False,False,False,True,True,True,,,,True,False,False,False,False,False,False,True,True,True,True,CRITICAL
,,guardian_state,True,0.978,rear_center,30.67,OK,MONITORING,True,29.55,0.0,True,22.0,False,0.0,False,,0.0,0.08999999999999986,8.670000000000002,30.67,2.5897198609907596e-07,,8.670000000000002,False,False,False,True,True,True,,,,True,False,False,False,False,False,False,True,True,True,True,CRITICAL
,,guardian_state,True,0.978,rear_center,30.67,OK,MONITORING,True,29.71,0.0,True,22.0,False,0.0,False,,0.0,0.16000000000000014,8.670000000000002,30.67,2.5897198609907596e-07,,8.670000000000002,False,False,False,True,True,True,,,,True,False,False,False,False,False,False,True,True,True,True,CRITICAL
,,guardian_state,True,0.978,rear_center,30.67,OK,MONITORING,True,29.87,0.0,True,22.0,False,0.0,False,,0.0,0.16000000000000014,8.670000000000002,30.67,2.5897198609907596e-07,,8.670000000000002,False,False,False,True,True,True,,,,True,False,False,False,False,False,False,True,True,True,True,CRITICAL
,,guardian_state,True,0.978,rear_center,30.67,OK,MONITORING,True,29.95,0.0,True,22.0,False,0.0,False,,0.0,0.0799999999999983,8.670000000000002,30.67,2.5897198609907596e-07,,8.670000000000002,False,False,False,True,True,True,,,,True,False,False,False,False,False,False,True,True,True,True,CRITICAL
,,guardian_state,True,0.978,rear_center,30.67,OK,MONITORING,True,30.11,0.0,True,22.0,False,0.0,False,,0.0,0.16000000000000014,8.670000000000002,30.67,2.5897198609907596e-07,,8.670000000000002,False,False,False,True,True,True,,,,True,False,False,False,False,False,False,True,True,True,True,CRITICAL
,,guardian_state,True,0.978,rear_center,30.67,OK,MONITORING,True,30.27,0.0,True,22.0,False,0.0,False,,0.0,0.16000000000000014,8.670000000000002,30.67,2.5897198609907596e-07,,8.670000000000002,False,False,False,True,True,True,,,,True,False,False,False,False,False,False,True,True,True,True,CRITICAL
,,guardian_state,True,0.978,rear_center,30.67,OK,MONITORING,True,30.35,0.0,True,22.0,False,0.0,False,,0.0,0.08000000000000185,8.670000000000002,30.67,2.5897198609907596e-07,,8.670000000000002,False,False,False,True,True,True,,,,True,False,False,False,False,False,False,True,True,True,True,CRITICAL
,,guardian_state,True,0.978,rear_center,30.67,OK,MONITORING,True,30.52,0.0,True,22.0,False,0.0,False,,0.0,0.16999999999999815,8.670000000000002,30.67,2.5897198609907596e-07,,8.670000000000002,False,False,False,True,True,True,,,,True,False,False,False,False,False,False,True,True,True,True,CRITICAL
,,guardian_state,True,0.978,rear_center,30.67,OK,MONITORING,True,30.68,0.0,True,22.0,False,0.0,False,,0.0,0.16000000000000014,8.670000000000002,30.67,2.5897198609907596e-07,,8.670000000000002,False,False,False,True,True,True,,,,True,False,False,False,False,False,False,True,True,True,True,CRITICAL
,,guardian_state,True,0.978,rear_center,30.67,OK,MONITORING,True,30.76,0.0,True,22.0,False,0.0,False,,0.0,0.08000000000000185,8.670000000000002,30.67,2.5897198609907596e-07,,8.670000000000002,False,False,False,True,True,True,,,,True,False,False,False,False,False,False,True,True,True,True,CRITICAL
,,guardian_state,True,0.978,rear_center,30.67,OK,MONITORING,True,30.92,0.0,True,22.0,False,0.0,False,,0.0,0.16000000000000014,8.670000000000002,30.67,2.5897198609907596e-07,,8.670000000000002,False,False,False,True,True,True,,,,True,False,False,False,False,False,False,True,True,True,True,CRITICAL
,,guardian_state,True,0.978,rear_center,30.67,OK,MONITORING,True,24.04,0.0,True,22.0,False,0.0,False,,0.0,-6.880000000000003,8.670000000000002,30.67,2.5897198609907596e-07,,8.670000000000002,False,False,False,True,True,True,,,,True,False,False,False,False,False,False,True,True,True,True,CRITICAL
,,guardian_state,True,0.978,rear_center,30.67,OK,MONITORING,True,24.12,0.0,True,22.0,False,0.0,False,,0.0,0.08000000000000185,8.670000000000002,30.67,2.5897198609907596e-07,,8.670000000000002,False,False,False,True,True,True,,,,True,False,False,False,False,False,False,True,True,True,True,CRITICAL
,,guardian_state,True,0.978,rear_center,30.67,OK,MONITORING,True,24.28,0.0,True,22.0,False,0.0,False,,0.0,0.16000000000000014,8.670000000000002,30.67,2.5897198609907596e-07,,8.670000000000002,False,False,False,True,True,True,,,,True,False,False,False,False,False,False,True,True,True,True,CRITICAL
,,guardian_state,True,0.978,rear_center,30.67,OK,MONITORING,True,24.43,0.0,True,22.0,False,0.0,False,,0.0,0.14999999999999858,8.670000000000002,30.67,2.5897198609907596e-07,,8.670000000000002,False,False,False,True,True,True,,,,True,False,False,False,False,False,False,True,True,True,True,CRITICAL
,,guardian_state,True,0.978,rear_center,30.67,OK,MONITORING,True,24.51,0.0,True,22.0,False,0.0,False,,0.0,0.08000000000000185,8.670000000000002,30.67,2.5897198609907596e-07,,8.670000000000002,False,False,False,True,True,True,,,,True,False,False,False,False,False,False,True,True,True,True,CRITICAL
,,guardian_state,True,0.978,rear_center,30.67,OK,MONITORING,True,24.67,0.0,True,22.0,False,0.0,False,,0.0,0.16000000000000014,8.670000000000002,30.67,2.5897198609907596e-07,,8.670000000000002,False,False,False,True,True,True,,,,True,False,False,False,False,False,False,True,True,True,True,CRITICAL
,,guardian_state,True,0.978,rear_center,30.67,OK,MONITORING,True,24.83,0.0,True,22.0,False,0.0,False,,0.0,0.1599999999999966,8.670000000000002,30.67,2.5897198609907596e-07,,8.670000000000002,False,False,False,True,True,True,,,,True,False,False,False,False,False,False,True,True,True,True,CRITICAL
,,guardian_state,True,0.978,rear_center,30.67,OK,MONITORING,True,24.9,0.0,True,22.0,False,0.0,False,,0.0,0.07000000000000028,8.670000000000002,30.67,2.5897198609907596e-07,,8.670000000000002,False,False,False,True,True,True,,,,True,False,False,False,False,False,False,True,True,True,True,CRITICAL
,,guardian_state,True,0.978,rear_center,30.67,OK,MONITORING,True,25.06,0.0,True,22.0,False,0.0,False,,0.0,0.16000000000000014,8.670000000000002,30.67,2.5897198609907596e-07,,8.670000000000002,False,False,False,True,True,True,,,,True,False,False,False,False,False,False,True,True,True,True,CRITICAL
,,guardian_state,True,0.978,rear_center,30.67,OK,MONITORING,True,25.22,0.0,True,22.0,False,0.0,False,,0.0,0.16000000000000014,8.670000000000002,30.67,2.5897198609907596e-07,,8.670000000000002,False,False,False,True,True,True,,,,True,False,False,False,False,False,False,True,True,True,True,CRITICAL
,,guardian_state,True,0.978,rear_center,30.67,OK,MONITORING,True,25.3,0.0,True,22.0,False,0.0,False,,0.0,0.08000000000000185,8.670000000000002,30.67,2.5897198609907596e-07,,8.670000000000002,False,False,False,True,True,True,,,,True,False,False,False,False,False,False,True,True,True,True,CRITICAL
,,guardian_state,True,0.978,rear_center,30.67,OK,MONITORING,True,25.46,0.0,True,22.0,False,0.0,False,,0.0,0.16000000000000014,8.670000000000002,30.67,2.5897198609907596e-07,,8.670000000000002,False,False,False,True,True,True,,,,True,False,False,False,False,False,False,True,True,True,True,CRITICAL
,,guardian_state,True,0.978,rear_center,30.67,OK,MONITORING,True,25.61,0.0,True,22.0,False,0.0,False,,0.0,0.14999999999999858,8.670000000000002,30.67,2.5897198609907596e-07,,8.670000000000002,False,False,False,True,True,True,,,,True,False,False,False,False,False,False,True,True,True,True,CRITICAL
,,guardian_state,True,0.978,rear_center,30.67,OK,MONITORING,True,25.69,0.0,True,22.0,False,0.0,False,,0.0,0.08000000000000185,8.670000000000002,30.67,2.5897198609907596e-07,,8.670000000000002,False,False,False,True,True,True,,,,True,False,False,False,False,False,False,True,True,True,True,CRITICAL
,,guardian_state,True,0.978,rear_center,30.67,OK,MONITORING,True,25.85,0.0,True,22.0,False,0.0,False,,0.0,0.16000000000000014,8.670000000000002,30.67,2.5897198609907596e-07,,8.670000000000002,False,False,False,True,True,True,,,,True,False,False,False,False,False,False,True,True,True,True,CRITICAL
,,guardian_state,True,0.978,rear_center,30.67,OK,MONITORING,True,26.01,0.0,True,22.0,False,0.0,False,,0.0,0.16000000000000014,8.670000000000002,30.67,2.5897198609907596e-07,,8.670000000000002,False,False,False,True,True,True,,,,True,False,False,False,False,False,False,True,True,True,True,CRITICAL
,,guardian_state,True,0.978,rear_center,30.67,OK,MONITORING,True,26.08,0.0,True,22.0,False,0.0,False,,0.0,0.06999999999999673,8.670000000000002,30.67,2.5897198609907596e-07,,8.670000000000002,False,False,False,True,True,True,,,,True,False,False,False,False,False,False,True,True,True,True,CRITICAL
,,guardian_state,True,0.978,rear_center,30.67,OK,MONITORING,True,26.24,0.0,True,22.0,False,0.0,False,,0.0,0.16000000000000014,8.670000000000002,30.67,2.5897198609907596e-07,,8.670000000000002,False,False,False,True,True,True,,,,True,False,False,False,False,False,False,True,True,True,True,CRITICAL
,,guardian_state,True,0.978,rear_center,30.67,OK,MONITORING,True,26.4,0.0,True,22.0,False,0.0,False,,0.0,0.16000000000000014,8.670000000000002,30.67,2.5897198609907596e-07,,8.670000000000002,False,False,False,True,True,True,,,,True,False,False,False,False,False,False,True,True,True,True,CRITICAL
,,guardian_state,True,0.978,rear_center,30.67,OK,MONITORING,True,26.48,0.0,True,22.0,False,0.0,False,,0.0,0.08000000000000185,8.670000000000002,30.67,2.5897198609907596e-07,,8.670000000000002,False,False,False,True,True,True,,,,True,False,False,False,False,False,False,True,True,True,True,CRITICAL
,,guardian_state,True,0.978,rear_center,30.67,OK,MONITORING,True,26.63,0.0,True,22.0,False,0.0,False,,0.0,0.14999999999999858,8.670000000000002,30.67,2.5897198609907596e-07,,8.670000000000002,False,False,False,True,True,True,,,,True,False,False,False,False,False,False,True,True,True,True,CRITICAL
,,guardian_state,True,0.978,rear_center,30.67,OK,MONITORING,True,26.79,0.0,True,22.0,False,0.0,False,,0.0,0.16000000000000014,8.670000000000002,30.67,2.5897198609907596e-07,,8.670000000000002,False,False,False,True,True,True,,,,True,False,False,False,False,False,False,True,True,True,True,CRITICAL
,,guardian_state,True,0.978,rear_center,30.67,OK,MONITORING,True,26.87,0.0,True,22.0,False,0.0,False,,0.0,0.08000000000000185,8.670000000000002,30.67,2.5897198609907596e-07,,8.670000000000002,False,False,False,True,True,True,,,,True,False,False,False,False,False,False,True,True,True,True,CRITICAL
,,guardian_state,True,0.978,rear_center,30.67,OK,MONITORING,True,27.03,0.0,True,22.0,False,0.0,False,,0.0,0.16000000000000014,8.670000000000002,30.67,2.5897198609907596e-07,,8.670000000000002,False,False,False,True,True,True,,,,True,False,False,False,False,False,False,True,True,True,True,CRITICAL
,,guardian_state,True,0.978,rear_center,30.67,OK,MONITORING,True,27.19,0.0,True,22.0,False,0.0,False,,0.0,0.16000000000000014,8.670000000000002,30.67,2.5897198609907596e-07,,8.670000000000002,False,False,False,True,True,True,,,,True,False,False,False,False,False,False,True,True,True,True,CRITICAL
,,guardian_state,True,0.978,rear_center,30.67,OK,MONITORING,True,27.26,0.0,True,22.0,False,0.0,False,,0.0,0.07000000000000028,8.670000000000002,30.67,2.5897198609907596e-07,,8.670000000000002,False,False,False,True,True,True,,,,True,False,False,False,False,False,False,True,True,True,True,CRITICAL
,,guardian_state,True,0.978,rear_center,30.67,OK,MONITORING,True,27.42,0.0,True,22.0,False,0.0,False,,0.0,0.16000000000000014,8.670000000000002,30.67,2.5897198609907596e-07,,8.670000000000002,False,False,False,True,True,True,,,,True,False,False,False,False,False,False,True,True,True,True,CRITICAL
,,guardian_state,True,0.978,rear_center,30.67,OK,MONITORING,True,29.91,0.0,True,22.0,False,0.0,False,,0.0,2.4899999999999984,8.670000000000002,30.67,2.5897198609907596e-07,,8.670000000000002,False,False,False,True,True,True,,,,True,False,False,False,False,False,False,True,True,True,True,CRITICAL
,,guardian_state,True,0.978,rear_center,30.67,OK,MONITORING,True,29.73,0.0,True,22.0,False,0.0,False,,0.0,-0.17999999999999972,8.670000000000002,30.67,2.5897198609907596e-07,,8.670000000000002,False,False,False,True,True,True,,,,True,False,False,False,False,False,False,True,True,True,True,CRITICAL
,,guardian_state,True,0.978,rear_center,30.67,OK,MONITORING,True,29.38,0.0,True,22.0,False,0.0,False,,0.0,-0.3500000000000014,8.670000000000002,30.67,2.5897198609907596e-07,,8.670000000000002,False,False,False,True,True,True,,,,True,False,False,False,False,False,False,True,True,True,True,CRITICAL
,,guardian_state,True,0.978,rear_center,30.67,OK,MONITORING,True,29.03,0.0,True,22.0,False,0.0,False,,0.0,-0.34999999999999787,8.670000000000002,30.67,2.5897198609907596e-07,,8.670000000000002,False,False,False,True,True,True,,,,True,False,False,False,False,False,False,True,True,True,True,CRITICAL
,,guardian_state,True,0.978,rear_center,30.67,OK,MONITORING,True,28.85,0.0,True,22.0,False,0.0,False,,0.0,-0.17999999999999972,8.670000000000002,30.67,2.5897198609907596e-07,,8.670000000000002,False,False,False,True,True,True,,,,True,False,False,False,False,False,False,True,True,True,True,CRITICAL
,,guardian_state,True,0.978,rear_center,30.67,OK,MONITORING,True,28.49,0.0,True,22.0,False,0.0,False,,0.0,-0.360000000000003,8.670000000000002,30.67,2.5897198609907596e-07,,8.670000000000002,False,False,False,True,True,True,,,,True,False,False,False,False,False,False,True,True,True,True,CRITICAL
,,guardian_state,True,0.978,rear_center,30.67,OK,MONITORING,True,28.14,0.0,True,22.0,False,0.0,False,,0.0,-0.34999999999999787,8.670000000000002,30.67,2.5897198609907596e-07,,8.670000000000002,False,False,False,True,True,True,,,,True,False,False,False,False,False,False,True,True,True,True,CRITICAL
,,guardian_state,True,0.978,rear_center,30.67,OK,MONITORING,True,27.96,0.0,True,22.0,False,0.0,False,,0.0,-0.17999999999999972,8.670000000000002,30.67,2.5897198609907596e-07,,8.670000000000002,False,False,False,True,True,True,,,,True,False,False,False,False,False,False,True,True,True,True,CRITICAL
,,guardian_state,True,0.978,rear_center,30.67,OK,MONITORING,True,27.61,0.0,True,22.0,False,0.0,False,,0.0,-0.3500000000000014,8.670000000000002,30.67,2.5897198609907596e-07,,8.670000000000002,False,False,False,True,True,True,,,,True,False,False,False,False,False,False,True,True,True,True,CRITICAL
,,guardian_state,True,0.978,rear_center,30.67,OK,MONITORING,True,27.25,0.0,True,22.0,False,0.0,False,,0.0,-0.35999999999999943,8.670000000000002,30.67,2.5897198609907596e-07,,8.670000000000002,False,False,False,True,True,True,,,,True,False,False,False,False,False,False,True,True,True,True,CRITICAL
,,guardian_state,True,0.978,rear_center,30.67,OK,MONITORING,True,27.08,0.0,True,22.0,False,0.0,False,,0.0,-0.1700000000000017,8.670000000000002,30.67,2.5897198609907596e-07,,8.670000000000002,False,False,False,True,True,True,,,,True,False,False,False,False,False,False,True,True,True,True,CRITICAL
,,guardian_state,True,0.978,rear_center,30.67,OK,MONITORING,True,26.72,0.0,True,22.0,False,0.0,False,,0.0,-0.35999999999999943,8.670000000000002,30.67,2.5897198609907596e-07,,8.670000000000002,False,False,False,True,True,True,,,,True,False,False,False,False,False,False,True,True,True,True,CRITICAL
,,guardian_state,True,0.978,rear_center,30.67,OK,MONITORING,True,26.37,0.0,True,22.0,False,0.0,False,,0.0,-0.34999999999999787,8.670000000000002,30.67,2.5897198609907596e-07,,8.670000000000002,False,False,False,True,True,True,,,,True,False,False,False,False,False,False,True,True,True,True,CRITICAL
,,guardian_state,True,0.978,rear_center,30.67,OK,MONITORING,True,26.19,0.0,True,22.0,False,0.0,False,,0.0,-0.17999999999999972,8.670000000000002,30.67,2.5897198609907596e-07,,8.670000000000002,False,False,False,True,True,True,,,,True,False,False,False,False,False,False,True,True,True,True,CRITICAL
,,guardian_state,True,0.978,rear_center,30.67,OK,MONITORING,True,25.84,0.0,True,22.0,False,0.0,False,,0.0,-0.3500000000000014,8.670000000000002,30.67,2.5897198609907596e-07,,8.670000000000002,False,False,False,True,True,True,,,,True,False,False,False,False,False,False,True,True,True,True,CRITICAL
,,guardian_state,True,0.978,rear_center,30.67,OK,MONITORING,True,25.48,0.0,True,22.0,False,0.0,False,,0.0,-0.35999999999999943,8.670000000000002,30.67,2.5897198609907596e-07,,8.670000000000002,False,False,False,True,True,True,,,,True,False,False,False,False,False,False,True,True,True,True,CRITICAL
,,guardian_state,True,0.978,rear_center,30.67,OK,MONITORING,True,25.3,0.0,True,22.0,False,0.0,False,,0.0,-0.17999999999999972,8.670000000000002,30.67,2.5897198609907596e-07,,8.670000000000002,False,False,False,True,True,True,,,,True,False,False,False,False,False,False,True,True,True,True,CRITICAL
,,guardian_state,True,0.978,rear_center,30.67,OK,MONITORING,True,24.95,0.0,True,22.0,False,0.0,False,,0.0,-0.3500000000000014,8.670000000000002,30.67,2.5897198609907596e-07,,8.670000000000002,False,False,False,True,True,True,,,,True,False,False,False,False,False,False,True,True,True,True,CRITICAL
,,guardian_state,True,0.978,rear_center,30.67,OK,MONITORING,True,24.59,0.0,True,22.0,False,0.0,False,,0.0,-0.35999999999999943,8.670000000000002,30.67,2.5897198609907596e-07,,8.670000000000002,False,False,False,True,True,True,,,,True,False,False,False,False,False,False,True,True,True,True,CRITICAL
,,guardian_state,True,0.978,rear_center,30.67,OK,MONITORING,True,24.42,0.0,True,22.0,False,0.0,False,,0.0,-0.16999999999999815,8.670000000000002,30.67,2.5897198609907596e-07,,8.670000000000002,False,False,False,True,True,True,,,,True,False,False,False,False,False,False,True,True,True,True,CRITICAL
,,guardian_state,True,0.978,rear_center,30.67,OK,MONITORING,True,24.06,0.0,True,22.0,False,0.0,False,,0.0,-0.360000000000003,8.670000000000002,30.67,2.5897198609907596e-07,,8.670000000000002,False,False,False,True,True,True,,,,True,False,False,False,False,False,False,True,True,True,True,CRITICAL
,,guardian_state,True,0.978,rear_center,30.67,OK,MONITORING,True,23.71,0.0,True,22.0,False,0.0,False,,0.0,-0.34999999999999787,8.670000000000002,30.67,2.5897198609907596e-07,,8.670000000000002,False,False,False,True,True,True,,,,True,False,False,False,False,False,False,True,True,True,True,CRITICAL
,,guardian_state,True,0.978,rear_center,30.67,OK,MONITORING,True,23.53,0.0,True,22.0,False,0.0,False,,0.0,-0.17999999999999972,8.670000000000002,30.67,2.5897198609907596e-07,,8.670000000000002,False,False,False,True,True,True,,,,True,False,False,False,False,False,False,True,True,True,True,CRITICAL
,,guardian_state,True,0.978,rear_center,30.67,OK,MONITORING,True,23.18,0.0,True,22.0,False,0.0,False,,0.0,-0.3500000000000014,8.670000000000002,30.67,2.5897198609907596e-07,,8.670000000000002,False,False,False,True,True,True,,,,True,False,False,False,False,False,False,True,True,True,True,CRITICAL
,,guardian_state,True,0.978,rear_center,30.67,OK,MONITORING,True,24.1,0.0,True,22.0,False,0.0,False,,0.0,0.9200000000000017,8.670000000000002,30.67,2.5897198609907596e-07,,8.670000000000002,False,False,False,True,True,True,,,,True,False,False,False,False,False,False,True,True,True,True,CRITICAL
,,guardian_state,True,0.978,rear_center,30.67,OK,MONITORING,True,24.1,0.0,True,22.0,False,0.0,False,,0.0,0.0,8.670000000000002,30.67,2.5897198609907596e-07,,8.670000000000002,False,False,False,True,True,True,,,,True,False,False,False,False,False,False,True,True,True,True,CRITICAL
,,guardian_state,True,0.978,rear_center,30.67,OK,MONITORING,True,24.1,0.0,True,22.0,False,0.0,False,,0.0,0.0,8.670000000000002,30.67,2.5897198609907596e-07,,8.670000000000002,False,False,False,True,True,True,,,,True,False,False,False,False,False,False,True,True,True,True,CRITICAL
,,guardian_state,True,0.978,rear_center,30.67,OK,MONITORING,True,24.1,0.0,True,22.0,False,0.0,False,,0.0,0.0,8.670000000000002,30.67,2.5897198609907596e-07,,8.670000000000002,False,False,False,True,True,True,,,,True,False,False,False,False,False,False,True,True,True,True,CRITICAL
,,guardian_state,True,0.978,rear_center,30.67,OK,MONITORING,True,24.1,0.0,True,22.0,False,0.0,False,,0.0,0.0,8.670000000000002,30.67,2.5897198609907596e-07,,8.670000000000002,False,False,False,True,True,True,,,,True,False,False,False,False,False,False,True,True,True,True,CRITICAL
,,guardian_state,True,0.978,rear_center,30.67,OK,MONITORING,True,24.1,0.0,True,22.0,False,0.0,False,,0.0,0.0,8.670000000000002,30.67,2.5897198609907596e-07,,8.670000000000002,False,False,False,True,True,True,,,,True,False,False,False,False,False,False,True,True,True,True,CRITICAL
,,guardian_state,True,0.978,rear_center,30.67,OK,MONITORING,True,31.5,0.0,True,22.0,False,0.0,False,,0.0,7.399999999999999,8.670000000000002,30.67,2.5897198609907596e-07,,8.670000000000002,False,False,False,True,True,True,,,,True,False,False,False,False,False,False,True,True,True,True,CRITICAL
,,guardian_state,True,0.978,rear_center,30.67,OK,MONITORING,True,31.5,0.0,True,22.0,False,0.0,False,,0.0,0.0,8.670000000000002,30.67,2.5897198609907596e-07,,8.670000000000002,False,False,False,True,True,True,,,,True,False,False,False,False,False,False,True,True,True,True,CRITICAL
,,guardian_state,True,0.978,rear_center,30.67,OK,MONITORING,True,31.5,0.0,True,22.0,False,0.0,False,,0.0,0.0,8.670000000000002,30.67,2.5897198609907596e-07,,8.670000000000002,False,False,False,True,True,True,,,,True,False,False,False,False,False,False,True,True,True,True,CRITICAL
,,guardian_state,True,0.978,rear_center,30.67,OK,MONITORING,True,31.5,0.0,True,22.0,False,0.0,False,,0.0,0.0,8.670000000000002,30.67,2.5897198609907596e-07,,8.670000000000002,False,False,False,True,True,True,,,,True,False,False,False,False,False,False,True,True,True,True,CRITICAL
,,guardian_state,True,0.978,rear_center,30.67,OK,MONITORING,True,31.5,0.0,True,22.0,False,0.0,False,,0.0,0.0,8.670000000000002,30.67,2.5897198609907596e-07,,8.670000000000002,False,False,False,True,True,True,,,,True,False,False,False,False,False,False,True,True,True,True,CRITICAL
,,guardian_state,True,0.978,rear_center,30.67,OK,MONITORING,True,31.5,0.0,True,22.0,False,0.0,False,,0.0,0.0,8.670000000000002,30.67,2.5897198609907596e-07,,8.670000000000002,False,False,False,True,True,True,,,,True,False,False,False,False,False,False,True,True,True,True,CRITICAL
,,guardian_state,True,0.978,rear_center,30.67,OK,MONITORING,True,24.1,0.0,True,22.0,False,0.0,False,,0.0,-7.399999999999999,8.670000000000002,30.67,2.5897198609907596e-07,,8.670000000000002,False,False,False,True,True,True,,,,True,False,False,False,False,False,False,True,True,True,True,CRITICAL
,,guardian_state,True,0.978,rear_center,30.67,OK,MONITORING,True,24.1,0.0,True,22.0,False,0.0,False,,0.0,0.0,8.670000000000002,30.67,2.5897198609907596e-07,,8.670000000000002,False,False,False,True,True,True,,,,True,False,False,False,False,False,False,True,True,True,True,CRITICAL
,,guardian_state,True,0.978,rear_center,30.67,OK,MONITORING,True,24.1,0.0,True,22.0,False,0.0,False,,0.0,0.0,8.670000000000002,30.67,2.5897198609907596e-07,,8.670000000000002,False,False,False,True,True,True,,,,True,False,False,False,False,False,False,True,True,True,True,CRITICAL
,,guardian_state,True,0.978,rear_center,30.67,OK,MONITORING,True,24.1,0.0,True,22.0,False,0.0,False,,0.0,0.0,8.670000000000002,30.67,2.5897198609907596e-07,,8.670000000000002,False,False,False,True,True,True,,,,True,False,False,False,False,False,False,True,True,True,True,CRITICAL
,,guardian_state,True,0.978,rear_center,30.67,OK,MONITORING,True,24.1,0.0,True,22.0,False,0.0,False,,0.0,0.0,8.670000000000002,30.67,2.5897198609907596e-07,,8.670000000000002,False,False,False,True,True,True,,,,True,False,False,False,False,False,False,True,True,True,True,CRITICAL
,,guardian_state,True,0.978,rear_center,30.67,OK,MONITORING,True,24.1,0.0,True,22.0,False,0.0,False,,0.0,0.0,8.670000000000002,30.67,2.5897198609907596e-07,,8.670000000000002,False,False,False,True,True,True,,,,True,False,False,False,False,False,False,True,True,True,True,CRITICAL
,,guardian_state,True,0.978,rear_center,30.67,OK,MONITORING,True,24.03,0.0,True,22.0,False,0.0,False,,0.0,-0.07000000000000028,8.670000000000002,30.67,2.5897198609907596e-07,,8.670000000000002,False,False,False,True,True,True,,,,True,False,False,False,False,False,False,True,True,True,True,CRITICAL
,,guardian_state,True,0.978,rear_center,30.67,OK,MONITORING,True,24.08,0.0,True,22.0,False,0.0,False,,0.0,0.04999999999999716,8.670000000000002,30.67,2.5897198609907596e-07,,8.670000000000002,False,False,False,True,True,True,,,,True,False,False,False,False,False,False,True,True,True,True,CRITICAL
,,guardian_state,True,0.978,rear_center,30.67,OK,MONITORING,True,24.18,0.0,True,22.0,False,0.0,False,,0.0,0.10000000000000142,8.670000000000002,30.67,2.5897198609907596e-07,,8.670000000000002,False,False,False,True,True,True,,,,True,False,False,False,False,False,False,True,True,True,True,CRITICAL
,,guardian_state,True,0.978,rear_center,30.67,OK,MONITORING,True,24.28,0.0,True,22.0,False,0.0,False,,0.0,0.10000000000000142,8.670000000000002,30.67,2.5897198609907596e-07,,8.670000000000002,False,False,False,True,True,True,,,,True,False,False,False,False,False,False,True,True,True,True,CRITICAL
,,guardian_state,True,0.978,rear_center,30.67,OK,MONITORING,True,24.33,0.0,True,22.0,False,0.0,False,,0.0,0.04999999999999716,8.670000000000002,30.67,2.5897198609907596e-07,,8.670000000000002,False,False,False,True,True,True,,,,True,False,False,False,False,False,False,True,True,True,True,CRITICAL
,,guardian_state,True,0.978,rear_center,30.67,OK,MONITORING,True,24.43,0.0,True,22.0,False,0.0,False,,0.0,0.10000000000000142,8.670000000000002,30.67,2.5897198609907596e-07,,8.670000000000002,False,False,False,True,True,True,,,,True,False,False,False,False,False,False,True,True,True,True,CRITICAL
,,guardian_state,True,0.978,rear_center,30.67,OK,MONITORING,True,24.53,0.0,True,22.0,False,0.0,False,,0.0,0.10000000000000142,8.670000000000002,30.67,2.5897198609907596e-07,,8.670000000000002,False,False,False,True,True,True,,,,True,False,False,False,False,False,False,True,True,True,True,CRITICAL
,,guardian_state,True,0.978,rear_center,30.67,OK,MONITORING,True,24.58,0.0,True,22.0,False,0.0,False,,0.0,0.04999999999999716,8.670000000000002,30.67,2.5897198609907596e-07,,8.670000000000002,False,False,False,True,True,True,,,,True,False,False,False,False,False,False,True,True,True,True,CRITICAL
,,guardian_state,True,0.978,rear_center,30.67,OK,MONITORING,True,24.68,0.0,True,22.0,False,0.0,False,,0.0,0.10000000000000142,8.670000000000002,30.67,2.5897198609907596e-07,,8.670000000000002,False,False,False,True,True,True,,,,True,False,False,False,False,False,False,True,True,True,True,CRITICAL
,,guardian_state,True,0.978,rear_center,30.67,OK,MONITORING,True,24.78,0.0,True,22.0,False,0.0,False,,0.0,0.10000000000000142,8.670000000000002,30.67,2.5897198609907596e-07,,8.670000000000002,False,False,False,True,True,True,,,,True,False,False,False,False,False,False,True,True,True,True,CRITICAL
,,guardian_state,True,0.978,rear_center,30.67,OK,MONITORING,True,24.84,0.0,True,22.0,False,0.0,False,,0.0,0.05999999999999872,8.670000000000002,30.67,2.5897198609907596e-07,,8.670000000000002,False,False,False,True,True,True,,,,True,False,False,False,False,False,False,True,True,True,True,CRITICAL
,,guardian_state,True,0.978,rear_center,30.67,OK,MONITORING,True,24.94,0.0,True,22.0,False,0.0,False,,0.0,0.10000000000000142,8.670000000000002,30.67,2.5897198609907596e-07,,8.670000000000002,False,False,False,True,True,True,,,,True,False,False,False,False,False,False,True,True,True,True,CRITICAL
,,guardian_state,True,0.978,rear_center,30.67,OK,MONITORING,True,25.04,0.0,True,22.0,False,0.0,False,,0.0,0.09999999999999787,8.670000000000002,30.67,2.5897198609907596e-07,,8.670000000000002,False,False,False,True,True,True,,,,True,False,False,False,False,False,False,True,True,True,True,CRITICAL
,,guardian_state,True,0.978,rear_center,30.67,OK,MONITORING,True,25.09,0.0,True,22.0,False,0.0,False,,0.0,0.05000000000000071,8.670000000000002,30.67,2.5897198609907596e-07,,8.670000000000002,False,False,False,True,True,True,,,,True,False,False,False,False,False,False,True,True,True,True,CRITICAL
,,guardian_state,True,0.978,rear_center,30.67,OK,MONITORING,True,25.19,0.0,True,22.0,False,0.0,False,,0.0,0.10000000000000142,8.670000000000002,30.67,2.5897198609907596e-07,,8.670000000000002,False,False,False,True,True,True,,,,True,False,False,False,False,False,False,True,True,True,True,CRITICAL
,,guardian_state,True,0.978,rear_center,30.67,OK,MONITORING,True,25.29,0.0,True,22.0,False,0.0,False,,0.0,0.09999999999999787,8.670000000000002,30.67,2.5897198609907596e-07,,8.670000000000002,False,False,False,True,True,True,,,,True,False,False,False,False,False,False,True,True,True,True,CRITICAL
,,guardian_state,True,0.978,rear_center,30.67,OK,MONITORING,True,25.34,0.0,True,22.0,False,0.0,False,,0.0,0.05000000000000071,8.670000000000002,30.67,2.5897198609907596e-07,,8.670000000000002,False,False,False,True,True,True,,,,True,False,False,False,False,False,False,True,True,True,True,CRITICAL
,,guardian_state,True,0.978,rear_center,30.67,OK,MONITORING,True,25.44,0.0,True,22.0,False,0.0,False,,0.0,0.10000000000000142,8.670000000000002,30.67,2.5897198609907596e-07,,8.670000000000002,False,False,False,True,True,True,,,,True,False,False,False,False,False,False,True,True,True,True,CRITICAL
,,guardian_state,True,0.978,rear_center,30.67,OK,MONITORING,True,25.54,0.0,True,22.0,False,0.0,False,,0.0,0.09999999999999787,8.670000000000002,30.67,2.5897198609907596e-07,,8.670000000000002,False,False,False,True,True,True,,,,True,False,False,False,False,False,False,True,True,True,True,CRITICAL
,,guardian_state,True,0.978,rear_center,30.67,OK,MONITORING,True,25.59,0.0,True,22.0,False,0.0,False,,0.0,0.05000000000000071,8.670000000000002,30.67,2.5897198609907596e-07,,8.670000000000002,False,False,False,True,True,True,,,,True,False,False,False,False,False,False,True,True,True,True,CRITICAL
,,guardian_state,True,0.978,rear_center,30.67,OK,MONITORING,True,25.7,0.0,True,22.0,False,0.0,False,,0.0,0.10999999999999943,8.670000000000002,30.67,2.5897198609907596e-07,,8.670000000000002,False,False,False,True,True,True,,,,True,False,False,False,False,False,False,True,True,True,True,CRITICAL
,,guardian_state,True,0.978,rear_center,30.67,OK,MONITORING,True,25.8,0.0,True,22.0,False,0.0,False,,0.0,0.10000000000000142,8.670000000000002,30.67,2.5897198609907596e-07,,8.670000000000002,False,False,False,True,True,True,,,,True,False,False,False,False,False,False,True,True,True,True,CRITICAL
,,guardian_state,True,0.978,rear_center,30.67,OK,MONITORING,True,25.85,0.0,True,22.0,False,0.0,False,,0.0,0.05000000000000071,8.670000000000002,30.67,2.5897198609907596e-07,,8.670000000000002,False,False,False,True,True,True,,,,True,False,False,False,False,False,False,True,True,True,True,CRITICAL
,,guardian_state,True,0.978,rear_center,30.67,OK,MONITORING,True,25.95,0.0,True,22.0,False,0.0,False,,0.0,0.09999999999999787,8.670000000000002,30.67,2.5897198609907596e-07,,8.670000000000002,False,False,False,True,True,True,,,,True,False,False,False,False,False,False,True,True,True,True,CRITICAL
,,guardian_state,True,0.978,rear_center,30.67,OK,MONITORING,True,24.04,0.0,True,22.0,False,0.0,False,,0.0,-1.9100000000000001,8.670000000000002,30.67,2.5897198609907596e-07,,8.670000000000002,False,False,False,True,True,True,,,,True,False,False,False,False,False,False,True,True,True,True,CRITICAL
,,guardian_state,True,0.978,rear_center,30.67,OK,MONITORING,True,24.13,0.0,True,22.0,False,0.0,False,,0.0,0.08999999999999986,8.670000000000002,30.67,2.5897198609907596e-07,,8.670000000000002,False,False,False,True,True,True,,,,True,False,False,False,False,False,False,True,True,True,True,CRITICAL
,,guardian_state,True,0.978,rear_center,30.67,OK,MONITORING,True,24.3,0.0,True,22.0,False,0.0,False,,0.0,0.1700000000000017,8.670000000000002,30.67,2.5897198609907596e-07,,8.670000000000002,False,False,False,True,True,True,,,,True,False,False,False,False,False,False,True,True,True,True,CRITICAL
,,guardian_state,True,0.978,rear_center,30.67,OK,MONITORING,True,24.47,0.0,True,22.0,False,0.0,False,,0.0,0.16999999999999815,8.670000000000002,30.67,2.5897198609907596e-07,,8.670000000000002,False,False,False,True,True,True,,,,True,False,False,False,False,False,False,True,True,True,True,CRITICAL
,,guardian_state,True,0.978,rear_center,30.67,OK,MONITORING,True,24.55,0.0,True,22.0,False,0.0,False,,0.0,0.08000000000000185,8.670000000000002,30.67,2.5897198609907596e-07,,8.670000000000002,False,False,False,True,True,True,,,,True,False,False,False,False,False,False,True,True,True,True,CRITICAL
,,guardian_state,True,0.978,rear_center,30.67,OK,MONITORING,True,24.72,0.0,True,22.0,False,0.0,False,,0.0,0.16999999999999815,8.670000000000002,30.67,2.5897198609907596e-07,,8.670000000000002,False,False,False,True,True,True,,,,True,False,False,False,False,False,False,True,True,True,True,CRITICAL
,,guardian_state,True,0.978,rear_center,30.67,OK,MONITORING,True,24.89,0.0,True,22.0,False,0.0,False,,0.0,0.1700000000000017,8.670000000000002,30.67,2.5897198609907596e-07,,8.670000000000002,False,False,False,True,True,True,,,,True,False,False,False,False,False,False,True,True,True,True,CRITICAL
,,guardian_state,True,0.978,rear_center,30.67,OK,MONITORING,True,24.97,0.0,True,22.0,False,0.0,False,,0.0,0.0799999999999983,8.670000000000002,30.67,2.5897198609907596e-07,,8.670000000000002,False,False,False,True,True,True,,,,True,False,False,False,False,False,False,True,True,True,True,CRITICAL
,,guardian_state,True,0.978,rear_center,30.67,OK,MONITORING,True,25.14,0.0,True,22.0,False,0.0,False,,0.0,0.1700000000000017,8.670000000000002,30.67,2.5897198609907596e-07,,8.670000000000002,False,False,False,True,True,True,,,,True,False,False,False,False,False,False,True,True,True,True,CRITICAL
,,guardian_state,True,0.978,rear_center,30.67,OK,MONITORING,True,25.31,0.0,True,22.0,False,0.0,False,,0.0,0.16999999999999815,8.670000000000002,30.67,2.5897198609907596e-07,,8.670000000000002,False,False,False,True,True,True,,,,True,False,False,False,False,False,False,True,True,True,True,CRITICAL
,,guardian_state,True,0.978,rear_center,30.67,OK,MONITORING,True,25.4,0.0,True,22.0,False,0.0,False,,0.0,0.08999999999999986,8.670000000000002,30.67,2.5897198609907596e-07,,8.670000000000002,False,False,False,True,True,True,,,,True,False,False,False,False,False,False,True,True,True,True,CRITICAL
,,guardian_state,True,0.978,rear_center,30.67,OK,MONITORING,True,25.57,0.0,True,22.0,False,0.0,False,,0.0,0.1700000000000017,8.670000000000002,30.67,2.5897198609907596e-07,,8.670000000000002,False,False,False,True,True,True,,,,True,False,False,False,False,False,False,True,True,True,True,CRITICAL
,,guardian_state,True,0.978,rear_center,30.67,OK,MONITORING,True,25.74,0.0,True,22.0,False,0.0,False,,0.0,0.16999999999999815,8.670000000000002,30.67,2.5897198609907596e-07,,8.670000000000002,False,False,False,True,True,True,,,,True,False,False,False,False,False,False,True,True,True,True,CRITICAL
,,guardian_state,True,0.978,rear_center,30.67,OK,MONITORING,True,25.82,0.0,True,22.0,False,0.0,False,,0.0,0.08000000000000185,8.670000000000002,30.67,2.5897198609907596e-07,,8.670000000000002,False,False,False,True,True,True,,,,True,False,False,False,False,False,False,True,True,True,True,CRITICAL
,,guardian_state,True,0.978,rear_center,30.67,OK,MONITORING,True,25.99,0.0,True,22.0,False,0.0,False,,0.0,0.16999999999999815,8.670000000000002,30.67,2.5897198609907596e-07,,8.670000000000002,False,False,False,True,True,True,,,,True,False,False,False,False,False,False,True,True,True,True,CRITICAL
,,guardian_state,True,0.978,rear_center,30.67,OK,MONITORING,True,26.16,0.0,True,22.0,False,0.0,False,,0.0,0.1700000000000017,8.670000000000002,30.67,2.5897198609907596e-07,,8.670000000000002,False,False,False,True,True,True,,,,True,False,False,False,False,False,False,True,True,True,True,CRITICAL
,,guardian_state,True,0.978,rear_center,30.67,OK,MONITORING,True,26.25,0.0,True,22.0,False,0.0,False,,0.0,0.08999999999999986,8.670000000000002,30.67,2.5897198609907596e-07,,8.670000000000002,False,False,False,True,True,True,,,,True,False,False,False,False,False,False,True,True,True,True,CRITICAL
,,guardian_state,True,0.978,rear_center,30.67,OK,MONITORING,True,26.42,0.0,True,22.0,False,0.0,False,,0.0,0.1700000000000017,8.670000000000002,30.67,2.5897198609907596e-07,,8.670000000000002,False,False,False,True,True,True,,,,True,False,False,False,False,False,False,True,True,True,True,CRITICAL
,,guardian_state,True,0.978,rear_center,30.67,OK,MONITORING,True,24.07,0.0,True,22.0,False,0.0,False,,0.0,-2.3500000000000014,8.670000000000002,30.67,2.5897198609907596e-07,,8.670000000000002,False,False,False,True,True,True,,,,True,False,False,False,False,False,False,True,True,True,True,CRITICAL
,,guardian_state,True,0.978,rear_center,30.67,OK,MONITORING,True,24.2,0.0,True,22.0,False,0.0,False,,0.0,0.129999999999999,8.670000000000002,30.67,2.5897198609907596e-07,,8.670000000000002,False,False,False,True,True,True,,,,True,False,False,False,False,False,False,True,True,True,True,CRITICAL
,,guardian_state,True,0.978,rear_center,30.67,OK,MONITORING,True,24.47,0.0,True,22.0,False,0.0,False,,0.0,0.2699999999999996,8.670000000000002,30.67,2.5897198609907596e-07,,8.670000000000002,False,False,False,True,True,True,,,,True,False,False,False,False,False,False,True,True,True,True,CRITICAL
,,guardian_state,True,0.978,rear_center,30.67,OK,MONITORING,True,24.73,0.0,True,22.0,False,0.0,False,,0.0,0.26000000000000156,8.670000000000002,30.67,2.5897198609907596e-07,,8.670000000000002,False,False,False,True,True,True,,,,True,False,False,False,False,False,False,True,True,True,True,CRITICAL
,,guardian_state,True,0.978,rear_center,30.67,OK,MONITORING,True,24.87,0.0,True,22.0,False,0.0,False,,0.0,0.14000000000000057,8.670000000000002,30.67,2.5897198609907596e-07,,8.670000000000002,False,False,False,True,True,True,,,,True,False,False,False,False,False,False,True,True,True,True,CRITICAL
,,guardian_state,True,0.978,rear_center,30.67,OK,MONITORING,True,25.13,0.0,True,22.0,False,0.0,False,,0.0,0.259999999999998,8.670000000000002,30.67,2.5897198609907596e-07,,8.670000000000002,False,False,False,True,True,True,,,,True,False,False,False,False,False,False,True,True,True,True,CRITICAL
,,guardian_state,True,0.978,rear_center,30.67,OK,MONITORING,True,25.4,0.0,True,22.0,False,0.0,False,,0.0,0.2699999999999996,8.670000000000002,30.67,2.5897198609907596e-07,,8.670000000000002,False,False,False,True,True,True,,,,True,False,False,False,False,False,False,True,True,True,True,CRITICAL
,,guardian_state,True,0.978,rear_center,30.67,OK,MONITORING,True,25.53,0.0,True,22.0,False,0.0,False,,0.0,0.13000000000000256,8.670000000000002,30.67,2.5897198609907596e-07,,8.670000000000002,False,False,False,True,True,True,,,,True,False,False,False,False,False,False,True,True,True,True,CRITICAL
,,guardian_state,True,0.978,rear_center,30.67,OK,MONITORING,True,25.8,0.0,True,22.0,False,0.0,False,,0.0,0.2699999999999996,8.670000000000002,30.67,2.5897198609907596e-07,,8.670000000000002,False,False,False,True,True,True,,,,True,False,False,False,False,False,False,True,True,True,True,CRITICAL
,,guardian_state,True,0.978,rear_center,30.67,OK,MONITORING,True,26.07,0.0,True,22.0,False,0.0,False,,0.0,0.2699999999999996,8.670000000000002,30.67,2.5897198609907596e-07,,8.670000000000002,False,False,False,True,True,True,,,,True,False,False,False,False,False,False,True,True,True,True,CRITICAL
,,guardian_state,True,0.978,rear_center,30.67,OK,MONITORING,True,26.2,0.0,True,22.0,False,0.0,False,,0.0,0.129999999999999,8.670000000000002,30.67,2.5897198609907596e-07,,8.670000000000002,False,False,False,True,True,True,,,,True,False,False,False,False,False,False,True,True,True,True,CRITICAL
,,guardian_state,True,0.978,rear_center,30.67,OK,MONITORING,True,26.47,0.0,True,22.0,False,0.0,False,,0.0,0.2699999999999996,8.670000000000002,30.67,2.5897198609907596e-07,,8.670000000000002,False,False,False,True,True,True,,,,True,False,False,False,False,False,False,True,True,True,True,CRITICAL
,,guardian_state,True,0.978,rear_center,30.67,OK,MONITORING,True,26.73,0.0,True,22.0,False,0.0,False,,0.0,0.26000000000000156,8.670000000000002,30.67,2.5897198609907596e-07,,8.670000000000002,False,False,False,True,True,True,,,,True,False,False,False,False,False,False,True,True,True,True,CRITICAL
,,guardian_state,True,0.978,rear_center,30.67,OK,MONITORING,True,26.87,0.0,True,22.0,False,0.0,False,,0.0,0.14000000000000057,8.670000000000002,30.67,2.5897198609907596e-07,,8.670000000000002,False,False,False,True,True,True,,,,True,False,False,False,False,False,False,True,True,True,True,CRITICAL
,,guardian_state,True,0.978,rear_center,30.67,OK,MONITORING,True,27.13,0.0,True,22.0,False,0.0,False,,0.0,0.259999999999998,8.670000000000002,30.67,2.5897198609907596e-07,,8.670000000000002,False,False,False,True,True,True,,,,True,False,False,False,False,False,False,True,True,True,True,CRITICAL
,,guardian_state,True,0.978,rear_center,30.67,OK,MONITORING,True,27.4,0.0,True,22.0,False,0.0,False,,0.0,0.2699999999999996,8.670000000000002,30.67,2.5897198609907596e-07,,8.670000000000002,False,False,False,True,True,True,,,,True,False,False,False,False,False,False,True,True,True,True,CRITICAL
,,guardian_state,True,0.978,rear_center,30.67,OK,MONITORING,True,27.53,0.0,True,22.0,False,0.0,False,,0.0,0.13000000000000256,8.670000000000002,30.67,2.5897198609907596e-07,,8.670000000000002,False,False,False,True,True,True,,,,True,False,False,False,False,False,False,True,True,True,True,CRITICAL
,,guardian_state,True,0.978,rear_center,30.67,OK,MONITORING,True,27.8,0.0,True,22.0,False,0.0,False,,0.0,0.2699999999999996,8.670000000000002,30.67,2.5897198609907596e-07,,8.670000000000002,False,False,False,True,True,True,,,,True,False,False,False,False,False,False,True,True,True,True,CRITICAL
,,guardian_state,True,0.978,rear_center,30.67,OK,MONITORING,True,28.07,0.0,True,22.0,False,0.0,False,,0.0,0.2699999999999996,8.670000000000002,30.67,2.5897198609907596e-07,,8.670000000000002,False,False,False,True,True,True,,,,True,False,False,False,False,False,False,True,True,True,True,CRITICAL
,,guardian_state,True,0.978,rear_center,30.67,OK,MONITORING,True,28.2,0.0,True,22.0,False,0.0,False,,0.0,0.129999999999999,8.670000000000002,30.67,2.5897198609907596e-07,,8.670000000000002,False,False,False,True,True,True,,,,True,False,False,False,False,False,False,True,True,True,True,CRITICAL
,,guardian_state,True,0.978,rear_center,30.67,OK,MONITORING,True,28.47,0.0,True,22.0,False,0.0,False,,0.0,0.2699999999999996,8.670000000000002,30.67,2.5897198609907596e-07,,8.670000000000002,False,False,False,True,True,True,,,,True,False,False,False,False,False,False,True,True,True,True,CRITICAL
,,guardian_state,True,0.978,rear_center,30.67,OK,MONITORING,True,28.73,0.0,True,22.0,False,0.0,False,,0.0,0.26000000000000156,8.670000000000002,30.67,2.5897198609907596e-07,,8.670000000000002,False,False,False,True,True,True,,,,True,False,False,False,False,False,False,True,True,True,True,CRITICAL
,,guardian_state,True,0.978,rear_center,30.67,OK,MONITORING,True,28.87,0.0,True,22.0,False,0.0,False,,0.0,0.14000000000000057,8.670000000000002,30.67,2.5897198609907596e-07,,8.670000000000002,False,False,False,True,True,True,,,,True,False,False,False,False,False,False,True,True,True,True,CRITICAL
,,guardian_state,True,0.978,rear_center,30.67,OK,MONITORING,True,29.13,0.0,True,22.0,False,0.0,False,,0.0,0.259999999999998,8.670000000000002,30.67,2.5897198609907596e-07,,8.670000000000002,False,False,False,True,True,True,,,,True,False,False,False,False,False,False,True,True,True,True,CRITICAL
,,guardian_state,True,0.978,rear_center,30.67,OK,MONITORING,True,29.4,0.0,True,22.0,False,0.0,False,,0.0,0.2699999999999996,8.670000000000002,30.67,2.5897198609907596e-07,,8.670000000000002,False,False,False,True,True,True,,,,True,False,False,False,False,False,False,True,True,True,True,CRITICAL
,,guardian_state,True,0.978,rear_center,30.67,OK,MONITORING,True,29.53,0.0,True,22.0,False,0.0,False,,0.0,0.13000000000000256,8.670000000000002,30.67,2.5897198609907596e-07,,8.670000000000002,False,False,False,True,True,True,,,,True,False,False,False,False,False,False,True,True,True,True,CRITICAL
,,guardian_state,True,0.978,rear_center,30.67,OK,MONITORING,True,29.8,0.0,True,22.0,False,0.0,False,,0.0,0.2699999999999996,8.670000000000002,30.67,2.5897198609907596e-07,,8.670000000000002,False,False,False,True,True,True,,,,True,False,False,False,False,False,False,True,True,True,True,CRITICAL
,,guardian_state,True,0.978,rear_center,30.67,OK,MONITORING,True,30.07,0.0,True,22.0,False,0.0,False,,0.0,0.2699999999999996,8.670000000000002,30.67,2.5897198609907596e-07,,8.670000000000002,False,False,False,True,True,True,,,,True,False,False,False,False,False,False,True,True,True,True,CRITICAL
,,guardian_state,True,0.978,rear_center,30.67,OK,MONITORING,True,30.2,0.0,True,22.0,False,0.0,False,,0.0,0.129999999999999,8.670000000000002,30.67,2.5897198609907596e-07,,8.670000000000002,False,False,False,True,True,True,,,,True,False,False,False,False,False,False,True,True,True,True,CRITICAL
,,guardian_state,True,0.978,rear_center,30.67,OK,MONITORING,True,30.47,0.0,True,22.0,False,0.0,False,,0.0,0.2699999999999996,8.670000000000002,30.67,2.5897198609907596e-07,,8.670000000000002,False,False,False,True,True,True,,,,True,False,False,False,False,False,False,True,True,True,True,CRITICAL
,,guardian_state,True,0.978,rear_center,30.67,OK,MONITORING,True,30.73,0.0,True,22.0,False,0.0,False,,0.0,0.26000000000000156,8.670000000000002,30.67,2.5897198609907596e-07,,8.670000000000002,False,False,False,True,True,True,,,,True,False,False,False,False,False,False,True,True,True,True,CRITICAL
,,guardian_state,True,0.978,rear_center,30.67,OK,MONITORING,True,30.87,0.0,True,22.0,False,0.0,False,,0.0,0.14000000000000057,8.670000000000002,30.67,2.5897198609907596e-07,,8.670000000000002,False,False,False,True,True,True,,,,True,False,False,False,False,False,False,True,True,True,True,CRITICAL
