temperature_celsius,child_confidence,guardian_temperature_celsius,window_percentage,window_alarm_enabled,hvac_target_temperature_celsius,hvac_active,hvac_fan_speed_percent,hvac_fault_active,temperature_change,guardian_temperature_change,temperature_vs_target,temperature_rolling_mean,temperature_rolling_std,temperature_rate_per_minute,hvac_temperature_error,temperature_event_next_10min_ml
23.53,0.963,23.52,0.0,1.0,22.0,0.0,0.0,0.0,0.0,0.0,1.5300000000000011,23.598000000000003,0.09311283477588361,0.0,1.5300000000000011,SPIKE
23.53,0.963,23.51,0.0,1.0,22.0,0.0,0.0,0.0,0.0,-0.00999999999999801,1.5300000000000011,23.564,0.07602631123500328,0.0,1.5300000000000011,SPIKE
23.53,0.963,23.51,0.0,1.0,22.0,0.0,0.0,0.0,0.0,0.0,1.5300000000000011,23.53,4.716011239368579e-08,0.0,1.5300000000000011,SPIKE
23.53,0.963,23.51,0.0,1.0,22.0,1.0,40.0,0.0,0.0,0.0,1.5300000000000011,23.53,4.716011239368579e-08,0.0,1.5300000000000011,SPIKE
23.5,0.963,23.51,0.0,1.0,22.0,1.0,40.0,0.0,-0.030000000000001137,0.0,1.5,23.524,0.013416407865085708,-1.8000000000000682,1.5,SPIKE
23.5,0.963,23.63,0.0,1.0,22.0,1.0,40.0,0.0,0.0,0.11999999999999744,1.5,23.518,0.01643167672522912,0.0,1.5,SPIKE
23.5,0.963,23.63,0.0,1.0,22.0,1.0,40.0,0.0,0.0,0.0,1.5,23.512,0.016431676725232037,0.0,1.5,SPIKE
23.5,0.963,23.63,0.0,1.0,22.0,1.0,40.0,0.0,0.0,0.0,1.5,23.506,0.01341640786509643,0.0,1.5,SPIKE
23.51,0.963,23.63,0.0,1.0,22.0,1.0,40.0,0.0,0.010000000000001563,0.0,1.5100000000000016,23.502000000000002,0.004472135955299378,0.6000000000000938,1.5100000000000016,SPIKE
23.51,0.963,23.52,0.0,1.0,22.0,1.0,40.0,0.0,0.0,-0.10999999999999943,1.5100000000000016,23.504,0.005477225575293609,0.0,1.5100000000000016,SPIKE
23.51,0.974,23.52,0.0,1.0,22.0,1.0,40.0,0.0,0.0,0.0,1.5100000000000016,23.506,0.005477225575290366,0.0,1.5100000000000016,SPIKE
23.51,0.974,23.53,0.0,1.0,22.0,1.0,40.0,0.0,0.0,0.010000000000001563,1.5100000000000016,23.508000000000003,0.004472135955288504,0.0,1.5100000000000016,SPIKE
23.51,0.974,23.53,0.0,1.0,22.0,1.0,40.0,0.0,0.0,0.0,1.5100000000000016,23.51,5.051062365915816e-08,0.0,1.5100000000000016,SPIKE
23.51,0.974,23.53,0.0,1.0,22.0,1.0,40.0,0.0,0.0,0.0,1.5100000000000016,23.51,5.051062365915816e-08,0.0,1.5100000000000016,SPIKE
23.45,0.974,23.53,0.0,1.0,22.0,1.0,40.0,0.0,-0.060000000000002274,0.0,1.4499999999999993,23.498,0.0268328157300504,-3.6000000000001364,1.4499999999999993,SPIKE
23.45,0.974,23.43,0.0,1.0,22.0,1.0,40.0,0.0,0.0,-0.10000000000000142,1.4499999999999993,23.486,0.032863353450357166,0.0,1.4499999999999993,SPIKE
23.45,0.974,23.43,0.0,1.0,22.0,1.0,40.0,0.0,0.0,0.0,1.4499999999999993,23.474,0.03286335345036073,0.0,1.4499999999999993,SPIKE
23.45,0.974,23.43,0.0,1.0,22.0,1.0,40.0,0.0,0.0,0.0,1.4499999999999993,23.462,0.02683281573006351,0.0,1.4499999999999993,SPIKE
23.55,0.974,23.43,0.0,1.0,22.0,1.0,40.0,0.0,0.10000000000000142,0.0,1.5500000000000007,23.470000000000002,0.044721359550032896,6.000000000000085,1.5500000000000007,SPIKE
23.55,0.974,23.48,0.0,1.0,22.0,1.0,40.0,0.0,0.0,0.05000000000000071,1.5500000000000007,23.490000000000002,0.054772255750542745,0.0,1.5500000000000007,SPIKE
23.55,0.965,23.48,0.0,1.0,22.0,1.0,40.0,0.0,0.0,0.0,1.5500000000000007,23.509999999999998,0.05477225575053877,0.0,1.5500000000000007,SPIKE
23.55,0.965,23.53,0.0,1.0,22.0,1.0,40.0,0.0,0.0,0.05000000000000071,1.5500000000000007,23.53,0.044721359550017256,0.0,1.5500000000000007,SPIKE
23.55,0.965,23.53,0.0,1.0,22.0,1.0,40.0,0.0,0.0,0.0,1.5500000000000007,23.55,3.597548543192797e-08,0.0,1.5500000000000007,SPIKE
23.55,0.965,23.53,0.0,1.0,22.0,1.0,40.0,0.0,0.0,0.0,1.5500000000000007,23.55,3.597548543192797e-08,0.0,1.5500000000000007,SPIKE
23.73,0.965,23.53,0.0,1.0,22.0,1.0,40.0,0.0,0.17999999999999972,0.0,1.7300000000000004,23.586000000000002,0.08049844718999379,10.799999999999983,1.7300000000000004,SPIKE
23.73,0.965,23.53,0.0,1.0,22.0,1.0,40.0,0.0,0.0,0.0,1.7300000000000004,23.622000000000003,0.09859006035092503,0.0,1.7300000000000004,SPIKE
23.73,0.965,23.53,0.0,1.0,22.0,1.0,40.0,0.0,0.0,0.0,1.7300000000000004,23.657999999999998,0.09859006035091854,0.0,1.7300000000000004,SPIKE
23.73,0.965,23.53,0.0,1.0,22.0,1.0,40.0,0.0,0.0,0.0,1.7300000000000004,23.694,0.08049844718996994,0.0,1.7300000000000004,SPIKE
23.52,0.965,23.53,0.0,1.0,22.0,1.0,40.0,0.0,-0.21000000000000085,0.0,1.5199999999999996,23.688,0.09391485505499114,-12.600000000000051,1.5199999999999996,SPIKE
23.52,0.965,23.43,0.0,1.0,22.0,1.0,40.0,0.0,0.0,-0.10000000000000142,1.5199999999999996,23.645999999999997,0.11502173707608414,0.0,1.5199999999999996,SPIKE
23.52,0.967,23.43,0.0,1.0,22.0,1.0,40.0,0.0,0.0,0.0,1.5199999999999996,23.604000000000003,0.11502173707608268,0.0,1.5199999999999996,SPIKE
23.52,0.967,23.49,0.0,1.0,22.0,1.0,40.0,0.0,0.0,0.05999999999999872,1.5199999999999996,23.562,0.09391485505498579,0.0,1.5199999999999996,SPIKE
23.52,0.967,23.49,0.0,1.0,22.0,1.0,40.0,0.0,0.0,0.0,1.5199999999999996,23.52,0.0,0.0,1.5199999999999996,SPIKE
23.52,0.967,23.49,0.0,1.0,22.0,1.0,40.0,0.0,0.0,0.0,1.5199999999999996,23.52,0.0,0.0,1.5199999999999996,SPIKE
23.49,0.967,23.49,0.0,1.0,22.0,1.0,40.0,0.0,-0.030000000000001137,0.0,1.4899999999999984,23.514,0.013416407864999248,-1.8000000000000682,1.4899999999999984,SPIKE
23.49,0.967,23.42,0.0,1.0,22.0,1.0,40.0,0.0,0.0,-0.06999999999999673,1.4899999999999984,23.508,0.01643167672515561,0.0,1.4899999999999984,SPIKE
23.49,0.967,23.42,0.0,1.0,22.0,1.0,40.0,0.0,0.0,0.0,1.4899999999999984,23.502,0.01643167672515561,0.0,1.4899999999999984,SPIKE
23.49,0.967,23.42,0.0,1.0,22.0,1.0,40.0,0.0,0.0,0.0,1.4899999999999984,23.496,0.013416407864999248,0.0,1.4899999999999984,SPIKE
23.5,0.967,23.42,0.0,1.0,22.0,1.0,40.0,0.0,0.010000000000001563,0.0,1.5,23.491999999999997,0.004472135955000676,0.6000000000000938,1.5,SPIKE
23.5,0.967,23.64,0.0,1.0,22.0,1.0,40.0,0.0,0.0,0.21999999999999886,1.5,23.494,0.005477225575053896,0.0,1.5,SPIKE
23.5,0.975,23.64,0.0,1.0,22.0,1.0,40.0,0.0,0.0,0.0,1.5,23.496,0.005477225575054625,0.0,1.5,SPIKE
23.5,0.975,23.46,0.0,1.0,22.0,1.0,40.0,0.0,0.0,-0.17999999999999972,1.5,23.498,0.004472135955003357,0.0,1.5,SPIKE
23.5,0.975,23.46,0.0,1.0,22.0,1.0,40.0,0.0,0.0,0.0,1.5,23.5,6.322167987508193e-09,0.0,1.5,SPIKE
23.5,0.975,23.46,0.0,1.0,22.0,1.0,40.0,0.0,0.0,0.0,1.5,23.5,6.322167987508193e-09,0.0,1.5,SPIKE
23.44,0.975,23.46,0.0,1.0,22.0,1.0,40.0,0.0,-0.05999999999999872,0.0,1.4400000000000013,23.488,0.026832815729995664,-3.5999999999999233,1.4400000000000013,SPIKE
23.44,0.975,23.67,0.0,1.0,22.0,1.0,40.0,0.0,0.0,0.21000000000000085,1.4400000000000013,23.476,0.032863353450306346,0.0,1.4400000000000013,SPIKE
23.44,0.975,23.67,0.0,1.0,22.0,1.0,40.0,0.0,0.0,0.0,1.4400000000000013,23.464,0.03286335345030416,0.0,1.4400000000000013,SPIKE
23.44,0.975,23.67,0.0,1.0,22.0,1.0,40.0,0.0,0.0,0.0,1.4400000000000013,23.451999999999998,0.02683281572998762,0.0,1.4400000000000013,SPIKE
23.43,0.975,23.67,0.0,1.0,22.0,1.0,40.0,0.0,-0.010000000000001563,0.0,1.4299999999999997,23.438,0.004472135955000676,-0.6000000000000938,1.4299999999999997,SPIKE
23.43,0.975,23.57,0.0,1.0,22.0,1.0,40.0,0.0,0.0,-0.10000000000000142,1.4299999999999997,23.436,0.005477225575053896,0.0,1.4299999999999997,SPIKE
23.43,0.969,23.57,0.0,1.0,22.0,1.0,40.0,0.0,0.0,0.0,1.4299999999999997,23.434,0.005477225575054625,0.0,1.4299999999999997,SPIKE
23.43,0.969,23.5,0.0,1.0,22.0,1.0,40.0,0.0,0.0,-0.07000000000000028,1.4299999999999997,23.432,0.004472135955003357,0.0,1.4299999999999997,SPIKE
23.43,0.969,23.5,0.0,1.0,22.0,1.0,40.0,0.0,0.0,0.0,1.4299999999999997,23.43,6.322167987508193e-09,0.0,1.4299999999999997,SPIKE
23.43,0.969,23.5,0.0,1.0,22.0,1.0,40.0,0.0,0.0,0.0,1.4299999999999997,23.43,6.322167987508193e-09,0.0,1.4299999999999997,SPIKE
23.46,0.969,23.5,0.0,1.0,22.0,1.0,40.0,0.0,0.030000000000001137,0.0,1.4600000000000009,23.436,0.01341640786499895,1.8000000000000682,1.4600000000000009,SPIKE
23.46,0.969,23.4,0.0,1.0,22.0,1.0,40.0,0.0,0.0,-0.10000000000000142,1.4600000000000009,23.442,0.0164316767251539,0.0,1.4600000000000009,SPIKE
23.46,0.969,23.4,0.0,1.0,22.0,1.0,40.0,0.0,0.0,0.0,1.4600000000000009,23.448,0.016431676725152444,0.0,1.4600000000000009,SPIKE
23.46,0.969,23.4,0.0,1.0,22.0,1.0,40.0,0.0,0.0,0.0,1.4600000000000009,23.454,0.013416407864993585,0.0,1.4600000000000009,SPIKE
23.63,0.969,23.4,0.0,1.0,22.0,1.0,40.0,0.0,0.16999999999999815,0.0,1.629999999999999,23.494,0.07602631123499222,10.19999999999989,1.629999999999999,SPIKE
23.63,0.969,23.51,0.0,1.0,22.0,1.0,40.0,0.0,0.0,0.11000000000000298,1.629999999999999,23.528,0.09311283477587816,0.0,1.629999999999999,SPIKE
23.63,0.971,23.51,0.0,1.0,22.0,1.0,40.0,0.0,0.0,0.0,1.629999999999999,23.562,0.09311283477587888,0.0,1.629999999999999,SPIKE
23.63,0.971,23.6,0.0,1.0,22.0,1.0,40.0,0.0,0.0,0.08999999999999986,1.629999999999999,23.595999999999997,0.07602631123499465,0.0,1.629999999999999,SPIKE
23.63,0.971,23.6,0.0,1.0,22.0,1.0,40.0,0.0,0.0,0.0,1.629999999999999,23.63,0.0,0.0,1.629999999999999,SPIKE
23.63,0.971,23.6,0.0,1.0,22.0,1.0,40.0,0.0,0.0,0.0,1.629999999999999,23.63,0.0,0.0,1.629999999999999,SPIKE
23.59,0.971,23.6,0.0,1.0,22.0,1.0,40.0,0.0,-0.03999999999999915,0.0,1.5899999999999999,23.622,0.017888543819998135,-2.399999999999949,1.5899999999999999,SPIKE
23.59,0.971,23.53,0.0,1.0,22.0,1.0,40.0,0.0,0.0,-0.07000000000000028,1.5899999999999999,23.613999999999997,0.021908902300206947,0.0,1.5899999999999999,SPIKE
23.59,0.971,23.53,0.0,1.0,22.0,1.0,40.0,0.0,0.0,0.0,1.5899999999999999,23.606,0.021908902300206947,0.0,1.5899999999999999,SPIKE
23.59,0.971,23.53,0.0,1.0,22.0,1.0,40.0,0.0,0.0,0.0,1.5899999999999999,23.598,0.017888543819998135,0.0,1.5899999999999999,SPIKE
23.4,0.971,23.53,0.0,1.0,22.0,1.0,40.0,0.0,-0.19000000000000128,0.0,1.3999999999999986,23.552,0.08497058314499258,-11.400000000000077,1.3999999999999986,SPIKE
23.4,0.971,23.39,0.0,1.0,22.0,1.0,40.0,0.0,0.0,-0.14000000000000057,1.3999999999999986,23.514,0.10406728592598243,0.0,1.3999999999999986,SPIKE
23.4,0.979,23.39,0.0,1.0,22.0,1.0,40.0,0.0,0.0,0.0,1.3999999999999986,23.476,0.1040672859259821,0.0,1.3999999999999986,SPIKE
23.4,0.979,23.49,0.0,1.0,22.0,1.0,40.0,0.0,0.0,0.09999999999999787,1.3999999999999986,23.438,0.08497058314499219,0.0,1.3999999999999986,SPIKE
23.4,0.979,23.49,0.0,1.0,22.0,1.0,40.0,0.0,0.0,0.0,1.3999999999999986,23.4,0.0,0.0,1.3999999999999986,SPIKE
23.4,0.979,23.49,0.0,1.0,22.0,1.0,40.0,0.0,0.0,0.0,1.3999999999999986,23.4,0.0,0.0,1.3999999999999986,SPIKE
23.41,0.979,23.49,0.0,1.0,22.0,1.0,40.0,0.0,0.010000000000001563,0.0,1.4100000000000001,23.401999999999997,0.004472135955000676,0.6000000000000938,1.4100000000000001,SPIKE
23.41,0.979,23.43,0.0,1.0,22.0,1.0,40.0,0.0,0.0,-0.05999999999999872,1.4100000000000001,23.403999999999996,0.005477225575053896,0.0,1.4100000000000001,SPIKE
23.41,0.979,23.43,0.0,1.0,22.0,1.0,40.0,0.0,0.0,0.0,1.4100000000000001,23.406,0.00547722557505568,0.0,1.4100000000000001,SPIKE
23.41,0.979,23.43,0.0,1.0,22.0,1.0,40.0,0.0,0.0,0.0,1.4100000000000001,23.407999999999998,0.004472135955006187,0.0,1.4100000000000001,SPIKE
24.0,0.979,23.43,0.0,1.0,22.0,1.0,40.0,0.0,0.5899999999999999,0.0,2.0,23.528,0.26385602134497643,35.39999999999999,2.0,SPIKE
24.0,0.979,24.06,0.0,1.0,22.0,1.0,40.0,0.0,0.0,0.629999999999999,2.0,23.646,0.3231563089280501,0.0,2.0,SPIKE
24.0,0.97,24.06,0.0,1.0,22.0,1.0,40.0,0.0,0.0,0.0,2.0,23.764,0.3231563089280508,0.0,2.0,SPIKE
24.0,0.97,24.17,0.0,1.0,22.0,1.0,40.0,0.0,0.0,0.11000000000000298,2.0,23.881999999999998,0.26385602134497915,0.0,2.0,SPIKE
24.0,0.97,24.17,0.0,1.0,22.0,1.0,40.0,0.0,0.0,0.0,2.0,24.0,0.0,0.0,2.0,SPIKE
24.0,0.97,24.17,0.0,1.0,22.0,1.0,70.0,0.0,0.0,0.0,2.0,24.0,0.0,0.0,2.0,SPIKE
24.34,0.97,24.17,0.0,1.0,22.0,1.0,70.0,0.0,0.33999999999999986,0.0,2.34,24.068,0.15205262246998524,20.39999999999999,2.34,SPIKE
24.34,0.97,24.39,0.0,1.0,22.0,1.0,70.0,0.0,0.0,0.21999999999999886,2.34,24.136000000000003,0.18622566955175596,0.0,2.34,SPIKE
24.34,0.97,24.39,0.0,1.0,22.0,1.0,70.0,0.0,0.0,0.0,2.34,24.204,0.18622566955175668,0.0,2.34,SPIKE
24.34,0.97,24.39,0.0,1.0,22.0,1.0,70.0,0.0,0.0,0.0,2.34,24.272,0.1520526224699879,0.0,2.34,SPIKE
24.56,0.97,24.39,0.0,1.0,22.0,1.0,70.0,0.0,0.21999999999999886,0.0,2.5599999999999987,24.384,0.09838699100999004,13.199999999999932,2.5599999999999987,SPIKE
24.56,0.97,24.62,0.0,1.0,22.0,1.0,70.0,0.0,0.0,0.23000000000000043,2.5599999999999987,24.427999999999997,0.12049896265113548,0.0,2.5599999999999987,SPIKE
24.56,0.969,24.62,0.0,1.0,22.0,1.0,70.0,0.0,0.0,0.0,2.5599999999999987,24.471999999999998,0.12049896265113443,0.0,2.5599999999999987,SPIKE
24.56,0.969,24.73,0.0,1.0,22.0,1.0,70.0,0.0,0.0,0.10999999999999943,2.5599999999999987,24.516,0.09838699100998698,0.0,2.5599999999999987,SPIKE
24.56,0.969,24.73,0.0,1.0,22.0,1.0,70.0,0.0,0.0,0.0,2.5599999999999987,24.56,0.0,0.0,2.5599999999999987,SPIKE
24.56,0.969,24.73,0.0,1.0,22.0,1.0,70.0,0.0,0.0,0.0,2.5599999999999987,24.56,0.0,0.0,2.5599999999999987,SPIKE
24.9,0.969,24.73,0.0,1.0,22.0,1.0,70.0,0.0,0.33999999999999986,0.0,2.8999999999999986,24.627999999999997,0.15205262246998524,20.39999999999999,2.8999999999999986,SPIKE
24.9,0.969,24.96,0.0,1.0,22.0,1.0,70.0,0.0,0.0,0.23000000000000043,2.8999999999999986,24.695999999999998,0.18622566955175596,0.0,2.8999999999999986,SPIKE
24.9,0.969,24.96,0.0,1.0,22.0,1.0,70.0,0.0,0.0,0.0,2.8999999999999986,24.764,0.18622566955175668,0.0,2.8999999999999986,SPIKE
24.9,0.969,24.96,0.0,1.0,22.0,1.0,70.0,0.0,0.0,0.0,2.8999999999999986,24.832,0.1520526224699879,0.0,2.8999999999999986,SPIKE
25.12,0.969,24.96,0.0,1.0,22.0,1.0,70.0,0.0,0.22000000000000242,0.0,3.120000000000001,24.943999999999996,0.09838699100999183,13.200000000000145,3.120000000000001,SPIKE
25.12,0.969,25.18,0.0,1.0,22.0,1.0,70.0,0.0,0.0,0.21999999999999886,3.120000000000001,24.988,0.12049896265113803,0.0,3.120000000000001,SPIKE
25.12,0.972,25.18,0.0,1.0,22.0,1.0,70.0,0.0,0.0,0.0,3.120000000000001,25.032,0.12049896265113835,0.0,3.120000000000001,SPIKE
25.12,0.972,25.29,0.0,1.0,22.0,1.0,70.0,0.0,0.0,0.10999999999999943,3.120000000000001,25.076,0.09838699100999222,0.0,3.120000000000001,SPIKE
25.12,0.972,25.29,0.0,1.0,22.0,1.0,70.0,0.0,0.0,0.0,3.120000000000001,25.12,0.0,0.0,3.120000000000001,SPIKE
25.12,0.972,25.29,0.0,1.0,22.0,1.0,70.0,0.0,0.0,0.0,3.120000000000001,25.12,0.0,0.0,3.120000000000001,SPIKE
25.46,0.972,25.29,0.0,1.0,22.0,1.0,70.0,0.0,0.33999999999999986,0.0,3.460000000000001,25.188,0.15205262246998524,20.39999999999999,3.460000000000001,SPIKE
25.46,0.972,25.52,0.0,1.0,22.0,1.0,70.0,0.0,0.0,0.23000000000000043,3.460000000000001,25.256,0.18622566955175596,0.0,3.460000000000001,SPIKE
25.46,0.972,25.52,0.0,1.0,22.0,1.0,70.0,0.0,0.0,0.0,3.460000000000001,25.324,0.18622566955175668,0.0,3.460000000000001,SPIKE
25.46,0.972,25.52,0.0,1.0,22.0,1.0,70.0,0.0,0.0,0.0,3.460000000000001,25.392000000000003,0.1520526224699879,0.0,3.460000000000001,SPIKE
25.69,0.972,25.52,0.0,1.0,22.0,1.0,70.0,0.0,0.23000000000000043,0.0,3.6900000000000013,25.506,0.10285912696499072,13.800000000000026,3.6900000000000013,SPIKE
25.69,0.972,25.74,0.0,1.0,22.0,1.0,70.0,0.0,0.0,0.21999999999999886,3.6900000000000013,25.552,0.12597618822618936,0.0,3.6900000000000013,SPIKE
25.69,0.977,25.74,0.0,1.0,22.0,1.0,70.0,0.0,0.0,0.0,3.6900000000000013,25.598000000000003,0.1259761882261901,0.0,3.6900000000000013,SPIKE
25.69,0.977,25.85,0.0,1.0,22.0,1.0,70.0,0.0,0.0,0.11000000000000298,3.6900000000000013,25.644,0.10285912696499315,0.0,3.6900000000000013,SPIKE
25.69,0.977,25.85,0.0,1.0,22.0,1.0,70.0,0.0,0.0,0.0,3.6900000000000013,25.69,0.0,0.0,3.6900000000000013,SPIKE
25.69,0.977,25.85,0.0,1.0,22.0,1.0,70.0,0.0,0.0,0.0,3.6900000000000013,25.69,0.0,0.0,3.6900000000000013,SPIKE
26.02,0.977,25.85,0.0,1.0,22.0,1.0,70.0,0.0,0.3299999999999983,0.0,4.02,25.756,0.14758048651498556,19.799999999999898,4.02,SPIKE
26.02,0.977,26.08,0.0,1.0,22.0,1.0,70.0,0.0,0.0,0.22999999999999687,4.02,25.822000000000003,0.18074844397670434,0.0,4.02,SPIKE
26.02,0.977,26.08,0.0,1.0,22.0,1.0,70.0,0.0,0.0,0.0,4.02,25.887999999999998,0.1807484439767054,0.0,4.02,SPIKE
26.02,0.977,26.08,0.0,1.0,22.0,1.0,70.0,0.0,0.0,0.0,4.02,25.954,0.14758048651498865,0.0,4.02,SPIKE
26.25,0.977,26.08,0.0,1.0,22.0,1.0,70.0,0.0,0.23000000000000043,0.0,4.25,26.066000000000003,0.10285912696499072,13.800000000000026,4.25,SPIKE
26.25,0.977,26.3,0.0,1.0,22.0,1.0,70.0,0.0,0.0,0.22000000000000242,4.25,26.112000000000002,0.1259761882261881,0.0,4.25,SPIKE
26.25,0.97,26.3,0.0,1.0,22.0,1.0,70.0,0.0,0.0,0.0,4.25,26.157999999999998,0.1259761882261874,0.0,4.25,SPIKE
26.25,0.97,26.42,0.0,1.0,22.0,1.0,70.0,0.0,0.0,0.120000000000001,4.25,26.204,0.10285912696498829,0.0,4.25,SPIKE
26.25,0.97,26.42,0.0,1.0,22.0,1.0,70.0,0.0,0.0,0.0,4.25,26.25,0.0,0.0,4.25,SPIKE
26.25,0.97,26.42,0.0,1.0,22.0,1.0,70.0,0.0,0.0,0.0,4.25,26.25,0.0,0.0,4.25,SPIKE
26.58,0.97,26.42,0.0,1.0,22.0,1.0,70.0,0.0,0.3299999999999983,0.0,4.579999999999998,26.315999999999995,0.14758048651498556,19.799999999999898,4.579999999999998,SPIKE
26.58,0.97,26.64,0.0,1.0,22.0,1.0,70.0,0.0,0.0,0.21999999999999886,4.579999999999998,26.381999999999998,0.18074844397670434,0.0,4.579999999999998,SPIKE
26.58,0.97,26.64,0.0,1.0,22.0,1.0,70.0,0.0,0.0,0.0,4.579999999999998,26.447999999999997,0.18074844397670434,0.0,4.579999999999998,SPIKE
26.58,0.97,26.64,0.0,1.0,22.0,1.0,70.0,0.0,0.0,0.0,4.579999999999998,26.514,0.1475804865149845,0.0,4.579999999999998,SPIKE
26.81,0.97,26.64,0.0,1.0,22.0,1.0,70.0,0.0,0.23000000000000043,0.0,4.809999999999999,26.625999999999998,0.10285912696499072,13.800000000000026,4.809999999999999,SPIKE
26.81,0.97,26.87,0.0,1.0,22.0,1.0,70.0,0.0,0.0,0.23000000000000043,4.809999999999999,26.672000000000004,0.12597618822618936,0.0,4.809999999999999,SPIKE
26.81,0.973,26.87,0.0,1.0,22.0,1.0,70.0,0.0,0.0,0.0,4.809999999999999,26.717999999999996,0.1259761882261901,0.0,4.809999999999999,SPIKE
26.81,0.973,26.98,0.0,1.0,22.0,1.0,70.0,0.0,0.0,0.10999999999999943,4.809999999999999,26.764,0.10285912696499315,0.0,4.809999999999999,SPIKE
26.81,0.973,26.98,0.0,1.0,22.0,1.0,70.0,0.0,0.0,0.0,4.809999999999999,26.81,0.0,0.0,4.809999999999999,SPIKE
26.81,0.973,26.98,0.0,1.0,22.0,1.0,70.0,0.0,0.0,0.0,4.809999999999999,26.81,0.0,0.0,4.809999999999999,SPIKE
27.15,0.973,26.98,0.0,1.0,22.0,1.0,70.0,0.0,0.33999999999999986,0.0,5.149999999999999,26.877999999999997,0.15205262246998524,20.39999999999999,5.149999999999999,SPIKE
27.15,0.973,27.2,0.0,1.0,22.0,1.0,70.0,0.0,0.0,0.21999999999999886,5.149999999999999,26.945999999999998,0.18622566955175596,0.0,5.149999999999999,SPIKE
27.15,0.973,27.2,0.0,1.0,22.0,1.0,70.0,0.0,0.0,0.0,5.149999999999999,27.014,0.18622566955175668,0.0,5.149999999999999,SPIKE
27.15,0.973,27.2,0.0,1.0,22.0,1.0,70.0,0.0,0.0,0.0,5.149999999999999,27.082,0.1520526224699879,0.0,5.149999999999999,SPIKE
27.37,0.973,27.2,0.0,1.0,22.0,1.0,70.0,0.0,0.22000000000000242,0.0,5.370000000000001,27.194,0.09838699100999183,13.200000000000145,5.370000000000001,SPIKE
27.37,0.973,27.43,0.0,1.0,22.0,1.0,70.0,0.0,0.0,0.23000000000000043,5.370000000000001,27.238,0.12049896265113803,0.0,5.370000000000001,SPIKE
27.37,0.96,27.43,0.0,1.0,22.0,1.0,70.0,0.0,0.0,0.0,5.370000000000001,27.282,0.12049896265113835,0.0,5.370000000000001,SPIKE
27.37,0.96,27.54,0.0,1.0,22.0,1.0,70.0,0.0,0.0,0.10999999999999943,5.370000000000001,27.326,0.09838699100999222,0.0,5.370000000000001,SPIKE
27.37,0.96,27.54,0.0,1.0,22.0,1.0,70.0,0.0,0.0,0.0,5.370000000000001,27.37,0.0,0.0,5.370000000000001,SPIKE
27.37,0.96,27.54,0.0,1.0,22.0,1.0,70.0,0.0,0.0,0.0,5.370000000000001,27.37,0.0,0.0,5.370000000000001,SPIKE
27.71,0.96,27.54,0.0,1.0,22.0,1.0,70.0,0.0,0.33999999999999986,0.0,5.710000000000001,27.438,0.15205262246998524,20.39999999999999,5.710000000000001,DROP
27.71,0.96,27.76,0.0,1.0,22.0,1.0,70.0,0.0,0.0,0.22000000000000242,5.710000000000001,27.506,0.18622566955175596,0.0,5.710000000000001,DROP
27.71,0.96,27.76,0.0,1.0,22.0,1.0,70.0,0.0,0.0,0.0,5.710000000000001,27.574,0.18622566955175668,0.0,5.710000000000001,DROP
27.71,0.96,27.76,0.0,1.0,22.0,1.0,70.0,0.0,0.0,0.0,5.710000000000001,27.642000000000003,0.1520526224699879,0.0,5.710000000000001,DROP
27.93,0.96,27.76,0.0,1.0,22.0,1.0,70.0,0.0,0.21999999999999886,0.0,5.93,27.753999999999998,0.09838699100999004,13.199999999999932,5.93,DROP
27.93,0.96,27.99,0.0,1.0,22.0,1.0,70.0,0.0,0.0,0.22999999999999687,5.93,27.798000000000002,0.12049896265113548,0.0,5.93,DROP
27.93,0.97,27.99,0.0,1.0,22.0,1.0,70.0,0.0,0.0,0.0,5.93,27.841999999999995,0.12049896265113548,0.0,5.93,DROP
27.93,0.97,28.1,0.0,1.0,22.0,1.0,70.0,0.0,0.0,0.11000000000000298,5.93,27.886000000000003,0.09838699100999004,0.0,5.93,DROP
27.93,0.97,28.1,0.0,1.0,22.0,1.0,70.0,0.0,0.0,0.0,5.93,27.93,0.0,0.0,5.93,DROP
27.93,0.97,28.1,0.0,1.0,22.0,1.0,70.0,0.0,0.0,0.0,5.93,27.93,0.0,0.0,5.93,DROP
28.27,0.97,28.1,0.0,1.0,22.0,1.0,70.0,0.0,0.33999999999999986,0.0,6.27,27.997999999999998,0.15205262246998524,20.39999999999999,6.27,DROP
28.27,0.97,28.33,0.0,1.0,22.0,1.0,70.0,0.0,0.0,0.22999999999999687,6.27,28.065999999999995,0.18622566955175596,0.0,6.27,DROP
28.27,0.97,28.33,0.0,1.0,22.0,1.0,70.0,0.0,0.0,0.0,6.27,28.133999999999997,0.18622566955175668,0.0,6.27,DROP
28.27,0.97,28.33,0.0,1.0,22.0,1.0,70.0,0.0,0.0,0.0,6.27,28.201999999999998,0.1520526224699879,0.0,6.27,DROP
28.49,0.97,28.33,0.0,1.0,22.0,1.0,70.0,0.0,0.21999999999999886,0.0,6.489999999999998,28.314,0.09838699100999004,13.199999999999932,6.489999999999998,DROP
28.49,0.97,28.55,0.0,1.0,22.0,1.0,70.0,0.0,0.0,0.22000000000000242,6.489999999999998,28.357999999999997,0.12049896265113548,0.0,6.489999999999998,DROP
28.49,0.966,28.55,0.0,1.0,22.0,1.0,70.0,0.0,0.0,0.0,6.489999999999998,28.401999999999997,0.12049896265113443,0.0,6.489999999999998,DROP
28.49,0.966,28.66,0.0,1.0,22.0,1.0,70.0,0.0,0.0,0.10999999999999943,6.489999999999998,28.445999999999998,0.09838699100998698,0.0,6.489999999999998,DROP
28.49,0.966,28.66,0.0,1.0,22.0,1.0,70.0,0.0,0.0,0.0,6.489999999999998,28.49,0.0,0.0,6.489999999999998,DROP
28.49,0.966,28.66,0.0,1.0,22.0,1.0,70.0,0.0,0.0,0.0,6.489999999999998,28.49,0.0,0.0,6.489999999999998,DROP
28.83,0.966,28.66,0.0,1.0,22.0,1.0,70.0,0.0,0.33999999999999986,0.0,6.829999999999998,28.558,0.15205262246998524,20.39999999999999,6.829999999999998,DROP
28.83,0.966,28.89,0.0,1.0,22.0,1.0,70.0,0.0,0.0,0.23000000000000043,6.829999999999998,28.625999999999998,0.18622566955175596,0.0,6.829999999999998,DROP
28.83,0.966,28.89,0.0,1.0,22.0,1.0,70.0,0.0,0.0,0.0,6.829999999999998,28.693999999999996,0.18622566955175668,0.0,6.829999999999998,DROP
28.83,0.966,28.89,0.0,1.0,22.0,1.0,70.0,0.0,0.0,0.0,6.829999999999998,28.762,0.1520526224699879,0.0,6.829999999999998,DROP
24.0,0.966,28.89,0.0,1.0,22.0,1.0,70.0,0.0,-4.829999999999998,0.0,2.0,27.863999999999997,2.160041666264796,-289.7999999999999,2.0,SPIKE
24.0,0.966,24.04,0.0,1.0,22.0,1.0,70.0,0.0,0.0,-4.850000000000001,2.0,26.898000000000003,2.64549995274995,0.0,2.0,SPIKE
24.0,0.964,24.04,0.0,1.0,22.0,1.0,70.0,0.0,0.0,0.0,2.0,25.932,2.6454999527499488,0.0,2.0,SPIKE
24.0,0.964,24.12,0.0,1.0,22.0,1.0,70.0,0.0,0.0,0.08000000000000185,2.0,24.966,2.160041666264791,0.0,2.0,SPIKE
24.0,0.964,24.12,0.0,1.0,22.0,1.0,70.0,0.0,0.0,0.0,2.0,24.0,0.0,0.0,2.0,SPIKE
24.0,0.964,24.12,0.0,1.0,22.0,0.0,0.0,0.0,0.0,0.0,2.0,24.0,0.0,0.0,2.0,SPIKE
24.24,0.964,24.12,0.0,1.0,22.0,0.0,0.0,0.0,0.23999999999999844,0.0,2.2399999999999984,24.048,0.1073312629199896,14.399999999999906,2.2399999999999984,SPIKE
24.24,0.964,24.28,0.0,1.0,22.0,0.0,0.0,0.0,0.0,0.16000000000000014,2.2399999999999984,24.095999999999997,0.13145341380123945,0.0,2.2399999999999984,SPIKE
24.24,0.964,24.28,0.0,1.0,22.0,0.0,0.0,0.0,0.0,0.0,2.2399999999999984,24.144,0.13145341380123873,0.0,2.2399999999999984,SPIKE
24.24,0.964,24.28,0.0,1.0,22.0,0.0,0.0,0.0,0.0,0.0,2.2399999999999984,24.192,0.10733126291998693,0.0,2.2399999999999984,SPIKE
24.4,0.964,24.28,0.0,1.0,22.0,0.0,0.0,0.0,0.16000000000000014,0.0,2.3999999999999986,24.272,0.07155417527999333,9.600000000000009,2.3999999999999986,SPIKE
24.4,0.964,24.44,0.0,1.0,22.0,0.0,0.0,0.0,0.0,0.16000000000000014,2.3999999999999986,24.304,0.08763560920082682,0.0,2.3999999999999986,SPIKE
24.4,0.966,24.44,0.0,1.0,22.0,0.0,0.0,0.0,0.0,0.0,2.3999999999999986,24.336000000000002,0.0876356092008265,0.0,2.3999999999999986,SPIKE
24.4,0.966,24.53,0.0,1.0,22.0,0.0,0.0,0.0,0.0,0.08999999999999986,2.3999999999999986,24.368,0.07155417527999293,0.0,2.3999999999999986,SPIKE
24.4,0.966,24.53,0.0,1.0,22.0,0.0,0.0,0.0,0.0,0.0,2.3999999999999986,24.4,0.0,0.0,2.3999999999999986,SPIKE
24.4,0.966,24.53,0.0,1.0,22.0,0.0,0.0,0.0,0.0,0.0,2.3999999999999986,24.4,0.0,0.0,2.3999999999999986,SPIKE
24.65,0.966,24.53,0.0,1.0,22.0,0.0,0.0,0.0,0.25,0.0,2.6499999999999986,24.45,0.11180339887498929,15.0,2.6499999999999986,SPIKE
24.65,0.966,24.69,0.0,1.0,22.0,0.0,0.0,0.0,0.0,0.16000000000000014,2.6499999999999986,24.499999999999996,0.13693063937629107,0.0,2.6499999999999986,SPIKE
24.65,0.966,24.69,0.0,1.0,22.0,0.0,0.0,0.0,0.0,0.0,2.6499999999999986,24.55,0.13693063937629107,0.0,2.6499999999999986,SPIKE
24.65,0.966,24.69,0.0,1.0,22.0,0.0,0.0,0.0,0.0,0.0,2.6499999999999986,24.599999999999998,0.11180339887498929,0.0,2.6499999999999986,SPIKE
24.81,0.966,24.69,0.0,1.0,22.0,0.0,0.0,0.0,0.16000000000000014,0.0,2.8099999999999987,24.682,0.07155417527999333,9.600000000000009,2.8099999999999987,SPIKE
24.81,0.966,24.85,0.0,1.0,22.0,0.0,0.0,0.0,0.0,0.16000000000000014,2.8099999999999987,24.714,0.08763560920082682,0.0,2.8099999999999987,SPIKE
24.81,0.968,24.85,0.0,1.0,22.0,0.0,0.0,0.0,0.0,0.0,2.8099999999999987,24.746,0.08763560920082715,0.0,2.8099999999999987,SPIKE
24.81,0.968,24.93,0.0,1.0,22.0,0.0,0.0,0.0,0.0,0.0799999999999983,2.8099999999999987,24.778,0.07155417527999373,0.0,2.8099999999999987,SPIKE
24.81,0.968,24.93,0.0,1.0,22.0,0.0,0.0,0.0,0.0,0.0,2.8099999999999987,24.81,0.0,0.0,2.8099999999999987,SPIKE
24.81,0.968,24.93,0.0,1.0,22.0,0.0,0.0,0.0,0.0,0.0,2.8099999999999987,24.81,0.0,0.0,2.8099999999999987,SPIKE
25.05,0.968,24.93,0.0,1.0,22.0,0.0,0.0,0.0,0.240000000000002,0.0,3.0500000000000007,24.857999999999997,0.1073312629199904,14.40000000000012,3.0500000000000007,SPIKE
25.05,0.968,25.09,0.0,1.0,22.0,0.0,0.0,0.0,0.0,0.16000000000000014,3.0500000000000007,24.906,0.13145341380123976,0.0,3.0500000000000007,SPIKE
25.05,0.968,25.09,0.0,1.0,22.0,0.0,0.0,0.0,0.0,0.0,3.0500000000000007,24.954,0.1314534138012383,0.0,3.0500000000000007,SPIKE
25.05,0.968,25.09,0.0,1.0,22.0,0.0,0.0,0.0,0.0,0.0,3.0500000000000007,25.002,0.10733126291998506,0.0,3.0500000000000007,SPIKE
25.21,0.968,25.09,0.0,1.0,22.0,0.0,0.0,0.0,0.16000000000000014,0.0,3.210000000000001,25.082,0.07155417527999333,9.600000000000009,3.210000000000001,SPIKE
25.21,0.968,25.25,0.0,1.0,22.0,0.0,0.0,0.0,0.0,0.16000000000000014,3.210000000000001,25.113999999999997,0.08763560920082682,0.0,3.210000000000001,SPIKE
25.21,0.975,25.25,0.0,1.0,22.0,0.0,0.0,0.0,0.0,0.0,3.210000000000001,25.146,0.0876356092008265,0.0,3.210000000000001,SPIKE
25.21,0.975,25.33,0.0,1.0,22.0,0.0,0.0,0.0,0.0,0.0799999999999983,3.210000000000001,25.178000000000004,0.07155417527999293,0.0,3.210000000000001,SPIKE
25.21,0.975,25.33,0.0,1.0,22.0,0.0,0.0,0.0,0.0,0.0,3.210000000000001,25.21,0.0,0.0,3.210000000000001,SPIKE
25.21,0.975,25.33,0.0,1.0,22.0,0.0,0.0,0.0,0.0,0.0,3.210000000000001,25.21,0.0,0.0,3.210000000000001,SPIKE
25.45,0.975,25.33,0.0,1.0,22.0,0.0,0.0,0.0,0.23999999999999844,0.0,3.4499999999999993,25.258,0.1073312629199896,14.399999999999906,3.4499999999999993,SPIKE
25.45,0.975,25.49,0.0,1.0,22.0,0.0,0.0,0.0,0.0,0.16000000000000014,3.4499999999999993,25.306,0.13145341380123945,0.0,3.4499999999999993,SPIKE
25.45,0.975,25.49,0.0,1.0,22.0,0.0,0.0,0.0,0.0,0.0,3.4499999999999993,25.354,0.13145341380123873,0.0,3.4499999999999993,SPIKE
25.45,0.975,25.49,0.0,1.0,22.0,0.0,0.0,0.0,0.0,0.0,3.4499999999999993,25.401999999999997,0.10733126291998693,0.0,3.4499999999999993,SPIKE
25.62,0.975,25.49,0.0,1.0,22.0,0.0,0.0,0.0,0.1700000000000017,0.0,3.620000000000001,25.483999999999998,0.07602631123499401,10.200000000000102,3.620000000000001,SPIKE
25.62,0.975,25.66,0.0,1.0,22.0,0.0,0.0,0.0,0.0,0.1700000000000017,3.620000000000001,25.518,0.09311283477587946,0.0,3.620000000000001,SPIKE
25.62,0.963,25.66,0.0,1.0,22.0,0.0,0.0,0.0,0.0,0.0,3.620000000000001,25.552,0.09311283477587946,0.0,3.620000000000001,SPIKE
25.62,0.963,25.74,0.0,1.0,22.0,0.0,0.0,0.0,0.0,0.0799999999999983,3.620000000000001,25.586000000000002,0.07602631123499401,0.0,3.620000000000001,SPIKE
25.62,0.963,25.74,0.0,1.0,22.0,0.0,0.0,0.0,0.0,0.0,3.620000000000001,25.62,0.0,0.0,3.620000000000001,SPIKE
25.62,0.963,25.74,0.0,1.0,22.0,0.0,0.0,0.0,0.0,0.0,3.620000000000001,25.62,0.0,0.0,3.620000000000001,SPIKE
25.86,0.963,25.74,0.0,1.0,22.0,0.0,0.0,0.0,0.23999999999999844,0.0,3.8599999999999994,25.668,0.1073312629199896,14.399999999999906,3.8599999999999994,SPIKE
25.86,0.963,25.9,0.0,1.0,22.0,0.0,0.0,0.0,0.0,0.16000000000000014,3.8599999999999994,25.715999999999998,0.13145341380123945,0.0,3.8599999999999994,SPIKE
25.86,0.963,25.9,0.0,1.0,22.0,0.0,0.0,0.0,0.0,0.0,3.8599999999999994,25.764,0.13145341380123873,0.0,3.8599999999999994,SPIKE
25.86,0.963,25.9,0.0,1.0,22.0,0.0,0.0,0.0,0.0,0.0,3.8599999999999994,25.812,0.10733126291998693,0.0,3.8599999999999994,SPIKE
26.02,0.963,25.9,0.0,1.0,22.0,0.0,0.0,0.0,0.16000000000000014,0.0,4.02,25.892000000000003,0.07155417527999333,9.600000000000009,4.02,SPIKE
26.02,0.963,26.06,0.0,1.0,22.0,0.0,0.0,0.0,0.0,0.16000000000000014,4.02,25.924,0.08763560920082682,0.0,4.02,SPIKE
26.02,0.97,26.06,0.0,1.0,22.0,0.0,0.0,0.0,0.0,0.0,4.02,25.956,0.08763560920082715,0.0,4.02,SPIKE
26.02,0.97,26.14,0.0,1.0,22.0,0.0,0.0,0.0,0.0,0.08000000000000185,4.02,25.988,0.07155417527999373,0.0,4.02,SPIKE
26.02,0.97,26.14,0.0,1.0,22.0,0.0,0.0,0.0,0.0,0.0,4.02,26.02,0.0,0.0,4.02,SPIKE
26.02,0.97,26.14,0.0,1.0,22.0,0.0,0.0,0.0,0.0,0.0,4.02,26.02,0.0,0.0,4.02,SPIKE
26.26,0.97,26.14,0.0,1.0,22.0,0.0,0.0,0.0,0.240000000000002,0.0,4.260000000000002,26.068,0.1073312629199904,14.40000000000012,4.260000000000002,SPIKE
26.26,0.97,26.3,0.0,1.0,22.0,0.0,0.0,0.0,0.0,0.16000000000000014,4.260000000000002,26.115999999999996,0.13145341380123976,0.0,4.260000000000002,SPIKE
26.26,0.97,26.3,0.0,1.0,22.0,0.0,0.0,0.0,0.0,0.0,4.260000000000002,26.163999999999998,0.1314534138012383,0.0,4.260000000000002,SPIKE
26.26,0.97,26.3,0.0,1.0,22.0,0.0,0.0,0.0,0.0,0.0,4.260000000000002,26.212,0.10733126291998506,0.0,4.260000000000002,SPIKE
26.42,0.97,26.3,0.0,1.0,22.0,0.0,0.0,0.0,0.16000000000000014,0.0,4.420000000000002,26.292,0.07155417527999333,9.600000000000009,4.420000000000002,SPIKE
26.42,0.97,26.46,0.0,1.0,22.0,0.0,0.0,0.0,0.0,0.16000000000000014,4.420000000000002,26.324,0.08763560920082682,0.0,4.420000000000002,SPIKE
26.42,0.968,26.46,0.0,1.0,22.0,0.0,0.0,0.0,0.0,0.0,4.420000000000002,26.356,0.0876356092008265,0.0,4.420000000000002,SPIKE
26.42,0.968,26.55,0.0,1.0,22.0,0.0,0.0,0.0,0.0,0.08999999999999986,4.420000000000002,26.387999999999998,0.07155417527999293,0.0,4.420000000000002,SPIKE
26.42,0.968,26.55,0.0,1.0,22.0,0.0,0.0,0.0,0.0,0.0,4.420000000000002,26.42,0.0,0.0,4.420000000000002,SPIKE
26.42,0.968,26.55,0.0,1.0,22.0,0.0,0.0,0.0,0.0,0.0,4.420000000000002,26.42,0.0,0.0,4.420000000000002,SPIKE
26.67,0.968,26.55,0.0,1.0,22.0,0.0,0.0,0.0,0.25,0.0,4.670000000000002,26.470000000000006,0.11180339887498929,15.0,4.670000000000002,SPIKE
26.67,0.968,26.71,0.0,1.0,22.0,0.0,0.0,0.0,0.0,0.16000000000000014,4.670000000000002,26.52,0.13693063937629107,0.0,4.670000000000002,SPIKE
26.67,0.968,26.71,0.0,1.0,22.0,0.0,0.0,0.0,0.0,0.0,4.670000000000002,26.570000000000004,0.13693063937629107,0.0,4.670000000000002,SPIKE
26.67,0.968,26.71,0.0,1.0,22.0,0.0,0.0,0.0,0.0,0.0,4.670000000000002,26.619999999999997,0.11180339887498929,0.0,4.670000000000002,SPIKE
26.83,0.968,26.71,0.0,1.0,22.0,0.0,0.0,0.0,0.1599999999999966,0.0,4.829999999999998,26.702000000000005,0.07155417527999154,9.599999999999795,4.829999999999998,SPIKE
26.83,0.968,26.87,0.0,1.0,22.0,0.0,0.0,0.0,0.0,0.16000000000000014,4.829999999999998,26.733999999999998,0.08763560920082426,0.0,4.829999999999998,SPIKE
26.83,0.968,26.87,0.0,1.0,22.0,0.0,0.0,0.0,0.0,0.0,4.829999999999998,26.766000000000002,0.08763560920082426,0.0,4.829999999999998,SPIKE
26.83,0.968,26.95,0.0,1.0,22.0,0.0,0.0,0.0,0.0,0.0799999999999983,4.829999999999998,26.797999999999995,0.07155417527999154,0.0,4.829999999999998,SPIKE
26.83,0.968,26.95,0.0,1.0,22.0,0.0,0.0,0.0,0.0,0.0,4.829999999999998,26.83,0.0,0.0,4.829999999999998,SPIKE
26.83,0.968,26.95,0.0,1.0,22.0,0.0,0.0,0.0,0.0,0.0,4.829999999999998,26.83,0.0,0.0,4.829999999999998,SPIKE
27.07,0.968,26.95,0.0,1.0,22.0,0.0,0.0,0.0,0.240000000000002,0.0,5.07,26.877999999999997,0.1073312629199904,14.40000000000012,5.07,SPIKE
27.07,0.968,27.11,0.0,1.0,22.0,0.0,0.0,0.0,0.0,0.16000000000000014,5.07,26.926,0.13145341380123976,0.0,5.07,SPIKE
27.07,0.968,27.11,0.0,1.0,22.0,0.0,0.0,0.0,0.0,0.0,5.07,26.974,0.1314534138012383,0.0,5.07,SPIKE
27.07,0.968,27.11,0.0,1.0,22.0,0.0,0.0,0.0,0.0,0.0,5.07,27.022,0.10733126291998506,0.0,5.07,SPIKE
27.23,0.968,27.11,0.0,1.0,22.0,0.0,0.0,0.0,0.16000000000000014,0.0,5.23,27.102000000000004,0.07155417527999333,9.600000000000009,5.23,SPIKE
27.23,0.968,27.27,0.0,1.0,22.0,0.0,0.0,0.0,0.0,0.16000000000000014,5.23,27.134000000000004,0.08763560920082682,0.0,5.23,SPIKE
27.23,0.975,27.27,0.0,1.0,22.0,0.0,0.0,0.0,0.0,0.0,5.23,27.166000000000004,0.08763560920082715,0.0,5.23,SPIKE
27.23,0.975,27.35,0.0,1.0,22.0,0.0,0.0,0.0,0.0,0.08000000000000185,5.23,27.198,0.07155417527999373,0.0,5.23,SPIKE
27.23,0.975,27.35,0.0,1.0,22.0,0.0,0.0,0.0,0.0,0.0,5.23,27.23,0.0,0.0,5.23,SPIKE
27.23,0.975,27.35,0.0,1.0,22.0,0.0,0.0,0.0,0.0,0.0,5.23,27.23,0.0,0.0,5.23,SPIKE
27.47,0.975,27.35,0.0,1.0,22.0,0.0,0.0,0.0,0.23999999999999844,0.0,5.469999999999999,27.278,0.1073312629199896,14.399999999999906,5.469999999999999,DROP
27.47,0.975,27.52,0.0,1.0,22.0,0.0,0.0,0.0,0.0,0.16999999999999815,5.469999999999999,27.326,0.13145341380123945,0.0,5.469999999999999,DROP
27.47,0.975,27.52,0.0,1.0,22.0,0.0,0.0,0.0,0.0,0.0,5.469999999999999,27.374000000000002,0.13145341380123873,0.0,5.469999999999999,DROP
27.47,0.975,27.52,0.0,1.0,22.0,0.0,0.0,0.0,0.0,0.0,5.469999999999999,27.422000000000004,0.10733126291998693,0.0,5.469999999999999,DROP
27.64,0.975,27.52,0.0,1.0,22.0,0.0,0.0,0.0,0.1700000000000017,0.0,5.640000000000001,27.503999999999998,0.07602631123499401,10.200000000000102,5.640000000000001,DROP
27.64,0.975,27.68,0.0,1.0,22.0,0.0,0.0,0.0,0.0,0.16000000000000014,5.640000000000001,27.538,0.09311283477588071,0.0,5.640000000000001,DROP
27.64,0.973,27.68,0.0,1.0,22.0,0.0,0.0,0.0,0.0,0.0,5.640000000000001,27.572000000000003,0.09311283477588217,0.0,5.640000000000001,DROP
27.64,0.973,27.76,0.0,1.0,22.0,0.0,0.0,0.0,0.0,0.08000000000000185,5.640000000000001,27.606,0.07602631123499913,0.0,5.640000000000001,DROP
27.64,0.973,27.76,0.0,1.0,22.0,0.0,0.0,0.0,0.0,0.0,5.640000000000001,27.64,0.0,0.0,5.640000000000001,DROP
27.64,0.973,27.76,0.0,1.0,22.0,0.0,0.0,0.0,0.0,0.0,5.640000000000001,27.64,0.0,0.0,5.640000000000001,DROP
27.88,0.973,27.76,0.0,1.0,22.0,0.0,0.0,0.0,0.23999999999999844,0.0,5.879999999999999,27.688,0.1073312629199896,14.399999999999906,5.879999999999999,DROP
27.88,0.973,27.92,0.0,1.0,22.0,0.0,0.0,0.0,0.0,0.16000000000000014,5.879999999999999,27.736,0.13145341380123945,0.0,5.879999999999999,DROP
27.88,0.973,27.92,0.0,1.0,22.0,0.0,0.0,0.0,0.0,0.0,5.879999999999999,27.784,0.13145341380123873,0.0,5.879999999999999,DROP
27.88,0.973,27.92,0.0,1.0,22.0,0.0,0.0,0.0,0.0,0.0,5.879999999999999,27.832,0.10733126291998693,0.0,5.879999999999999,DROP
27.0,0.973,27.92,0.0,1.0,22.0,0.0,0.0,0.0,-0.879999999999999,0.0,5.0,27.703999999999997,0.39354796403996295,-52.79999999999994,5.0,SPIKE
27.0,0.973,27.04,0.0,1.0,22.0,0.0,0.0,0.0,0.0,-0.8800000000000026,5.0,27.528,0.4819958506045461,0.0,5.0,SPIKE
27.0,0.977,27.04,0.0,1.0,22.0,0.0,0.0,0.0,0.0,0.0,5.0,27.351999999999997,0.48199585060454536,0.0,5.0,SPIKE
27.0,0.977,27.12,0.0,1.0,22.0,0.0,0.0,0.0,0.0,0.08000000000000185,5.0,27.176,0.3935479640399603,0.0,5.0,SPIKE
27.0,0.977,27.12,0.0,1.0,22.0,0.0,0.0,0.0,0.0,0.0,5.0,27.0,0.0,0.0,5.0,SPIKE
27.0,0.977,27.12,0.0,1.0,22.0,0.0,0.0,0.0,0.0,0.0,5.0,27.0,0.0,0.0,5.0,SPIKE
27.24,0.977,27.12,0.0,1.0,22.0,0.0,0.0,0.0,0.23999999999999844,0.0,5.239999999999998,27.048000000000002,0.1073312629199896,14.399999999999906,5.239999999999998,SPIKE
27.24,0.977,27.28,0.0,1.0,22.0,0.0,0.0,0.0,0.0,0.16000000000000014,5.239999999999998,27.095999999999997,0.13145341380123945,0.0,5.239999999999998,SPIKE
27.24,0.977,27.28,0.0,1.0,22.0,0.0,0.0,0.0,0.0,0.0,5.239999999999998,27.144,0.13145341380123873,0.0,5.239999999999998,SPIKE
27.24,0.977,27.28,0.0,1.0,22.0,0.0,0.0,0.0,0.0,0.0,5.239999999999998,27.191999999999997,0.10733126291998693,0.0,5.239999999999998,SPIKE
27.4,0.977,27.28,0.0,1.0,22.0,0.0,0.0,0.0,0.16000000000000014,0.0,5.399999999999999,27.272,0.07155417527999333,9.600000000000009,5.399999999999999,DROP
27.4,0.977,27.44,0.0,1.0,22.0,0.0,0.0,0.0,0.0,0.16000000000000014,5.399999999999999,27.303999999999995,0.08763560920082682,0.0,5.399999999999999,DROP
27.4,0.969,27.44,0.0,1.0,22.0,0.0,0.0,0.0,0.0,0.0,5.399999999999999,27.335999999999995,0.0876356092008265,0.0,5.399999999999999,DROP
27.4,0.969,27.53,0.0,1.0,22.0,0.0,0.0,0.0,0.0,0.08999999999999986,5.399999999999999,27.367999999999995,0.07155417527999293,0.0,5.399999999999999,DROP
27.4,0.969,27.53,0.0,1.0,22.0,0.0,0.0,0.0,0.0,0.0,5.399999999999999,27.4,0.0,0.0,5.399999999999999,DROP
27.4,0.969,27.53,0.0,1.0,22.0,0.0,0.0,0.0,0.0,0.0,5.399999999999999,27.4,0.0,0.0,5.399999999999999,DROP
27.65,0.969,27.53,0.0,1.0,22.0,0.0,0.0,0.0,0.25,0.0,5.649999999999999,27.45,0.11180339887498929,15.0,5.649999999999999,DROP
27.65,0.969,27.69,0.0,1.0,22.0,0.0,0.0,0.0,0.0,0.16000000000000014,5.649999999999999,27.5,0.13693063937629107,0.0,5.649999999999999,DROP
27.65,0.969,27.69,0.0,1.0,22.0,0.0,0.0,0.0,0.0,0.0,5.649999999999999,27.55,0.13693063937629107,0.0,5.649999999999999,DROP
27.65,0.969,27.69,0.0,1.0,22.0,0.0,0.0,0.0,0.0,0.0,5.649999999999999,27.6,0.11180339887498929,0.0,5.649999999999999,DROP
27.81,0.969,27.69,0.0,1.0,22.0,0.0,0.0,0.0,0.16000000000000014,0.0,5.809999999999999,27.682,0.07155417527999333,9.600000000000009,5.809999999999999,DROP
27.81,0.969,27.85,0.0,1.0,22.0,0.0,0.0,0.0,0.0,0.16000000000000014,5.809999999999999,27.714,0.08763560920082682,0.0,5.809999999999999,DROP
27.81,0.967,27.85,0.0,1.0,22.0,0.0,0.0,0.0,0.0,0.0,5.809999999999999,27.746,0.08763560920082715,0.0,5.809999999999999,DROP
27.81,0.967,27.93,0.0,1.0,22.0,0.0,0.0,0.0,0.0,0.0799999999999983,5.809999999999999,27.778,0.07155417527999373,0.0,5.809999999999999,DROP
27.81,0.967,27.93,0.0,1.0,22.0,0.0,0.0,0.0,0.0,0.0,5.809999999999999,27.81,0.0,0.0,5.809999999999999,DROP
27.81,0.967,27.93,0.0,1.0,22.0,0.0,0.0,0.0,0.0,0.0,5.809999999999999,27.81,0.0,0.0,5.809999999999999,DROP
28.05,0.967,27.93,0.0,1.0,22.0,0.0,0.0,0.0,0.240000000000002,0.0,6.050000000000001,27.857999999999997,0.1073312629199904,14.40000000000012,6.050000000000001,DROP
28.05,0.967,28.09,0.0,1.0,22.0,0.0,0.0,0.0,0.0,0.16000000000000014,6.050000000000001,27.906,0.13145341380123976,0.0,6.050000000000001,DROP
28.05,0.967,28.09,0.0,1.0,22.0,0.0,0.0,0.0,0.0,0.0,6.050000000000001,27.954,0.1314534138012383,0.0,6.050000000000001,DROP
28.05,0.967,28.09,0.0,1.0,22.0,0.0,0.0,0.0,0.0,0.0,6.050000000000001,28.002,0.10733126291998506,0.0,6.050000000000001,DROP
28.21,0.967,28.09,0.0,1.0,22.0,0.0,0.0,0.0,0.16000000000000014,0.0,6.210000000000001,28.082,0.07155417527999333,9.600000000000009,6.210000000000001,DROP
28.21,0.967,28.25,0.0,1.0,22.0,0.0,0.0,0.0,0.0,0.16000000000000014,6.210000000000001,28.113999999999997,0.08763560920082682,0.0,6.210000000000001,DROP
28.21,0.969,28.25,0.0,1.0,22.0,0.0,0.0,0.0,0.0,0.0,6.210000000000001,28.146000000000004,0.0876356092008265,0.0,6.210000000000001,DROP
28.21,0.969,28.33,0.0,1.0,22.0,0.0,0.0,0.0,0.0,0.0799999999999983,6.210000000000001,28.178000000000004,0.07155417527999293,0.0,6.210000000000001,DROP
28.21,0.969,28.33,0.0,1.0,22.0,0.0,0.0,0.0,0.0,0.0,6.210000000000001,28.21,0.0,0.0,6.210000000000001,DROP
28.21,0.969,28.33,0.0,1.0,22.0,0.0,0.0,0.0,0.0,0.0,6.210000000000001,28.21,0.0,0.0,6.210000000000001,DROP
28.45,0.969,28.33,0.0,1.0,22.0,0.0,0.0,0.0,0.23999999999999844,0.0,6.449999999999999,28.258,0.1073312629199896,14.399999999999906,6.449999999999999,DROP
28.45,0.969,28.49,0.0,1.0,22.0,0.0,0.0,0.0,0.0,0.16000000000000014,6.449999999999999,28.306,0.13145341380123945,0.0,6.449999999999999,DROP
28.45,0.969,28.49,0.0,1.0,22.0,0.0,0.0,0.0,0.0,0.0,6.449999999999999,28.353999999999996,0.13145341380123873,0.0,6.449999999999999,DROP
28.45,0.969,28.49,0.0,1.0,22.0,0.0,0.0,0.0,0.0,0.0,6.449999999999999,28.401999999999997,0.10733126291998693,0.0,6.449999999999999,DROP
28.62,0.969,28.49,0.0,1.0,22.0,0.0,0.0,0.0,0.1700000000000017,0.0,6.620000000000001,28.483999999999998,0.07602631123499401,10.200000000000102,6.620000000000001,DROP
28.62,0.969,28.66,0.0,1.0,22.0,0.0,0.0,0.0,0.0,0.1700000000000017,6.620000000000001,28.518,0.09311283477587946,0.0,6.620000000000001,DROP
28.62,0.971,28.66,0.0,1.0,22.0,0.0,0.0,0.0,0.0,0.0,6.620000000000001,28.552,0.09311283477587946,0.0,6.620000000000001,DROP
28.62,0.971,28.74,0.0,1.0,22.0,0.0,0.0,0.0,0.0,0.0799999999999983,6.620000000000001,28.586000000000002,0.07602631123499401,0.0,6.620000000000001,DROP
28.62,0.971,28.74,0.0,1.0,22.0,0.0,0.0,0.0,0.0,0.0,6.620000000000001,28.62,0.0,0.0,6.620000000000001,DROP
28.62,0.971,28.74,0.0,1.0,22.0,0.0,0.0,0.0,0.0,0.0,6.620000000000001,28.62,0.0,0.0,6.620000000000001,DROP
28.86,0.971,28.74,0.0,1.0,22.0,0.0,0.0,0.0,0.23999999999999844,0.0,6.859999999999999,28.668,0.1073312629199896,14.399999999999906,6.859999999999999,DROP
28.86,0.971,28.9,0.0,1.0,22.0,0.0,0.0,0.0,0.0,0.16000000000000014,6.859999999999999,28.715999999999998,0.13145341380123945,0.0,6.859999999999999,DROP
28.86,0.971,28.9,0.0,1.0,22.0,0.0,0.0,0.0,0.0,0.0,6.859999999999999,28.764,0.13145341380123873,0.0,6.859999999999999,DROP
28.86,0.971,28.9,0.0,1.0,22.0,0.0,0.0,0.0,0.0,0.0,6.859999999999999,28.812,0.10733126291998693,0.0,6.859999999999999,DROP
29.02,0.971,28.9,0.0,1.0,22.0,0.0,0.0,0.0,0.16000000000000014,0.0,7.02,28.892000000000003,0.07155417527999333,9.600000000000009,7.02,DROP
29.02,0.971,29.06,0.0,1.0,22.0,0.0,0.0,0.0,0.0,0.16000000000000014,7.02,28.924,0.08763560920082682,0.0,7.02,DROP
29.02,0.971,29.06,0.0,1.0,22.0,0.0,0.0,0.0,0.0,0.0,7.02,28.956,0.08763560920082715,0.0,7.02,DROP
29.02,0.971,29.14,0.0,1.0,22.0,0.0,0.0,0.0,0.0,0.08000000000000185,7.02,28.988,0.07155417527999373,0.0,7.02,DROP
29.02,0.971,29.14,0.0,1.0,22.0,0.0,0.0,0.0,0.0,0.0,7.02,29.02,0.0,0.0,7.02,DROP
29.02,0.971,29.14,0.0,1.0,22.0,0.0,0.0,0.0,0.0,0.0,7.02,29.02,0.0,0.0,7.02,DROP
29.26,0.971,29.14,0.0,1.0,22.0,0.0,0.0,0.0,0.240000000000002,0.0,7.260000000000002,29.068,0.1073312629199904,14.40000000000012,7.260000000000002,DROP
29.26,0.971,29.3,0.0,1.0,22.0,0.0,0.0,0.0,0.0,0.16000000000000014,7.260000000000002,29.115999999999996,0.13145341380123976,0.0,7.260000000000002,DROP
29.26,0.971,29.3,0.0,1.0,22.0,0.0,0.0,0.0,0.0,0.0,7.260000000000002,29.163999999999998,0.1314534138012383,0.0,7.260000000000002,DROP
29.26,0.971,29.3,0.0,1.0,22.0,0.0,0.0,0.0,0.0,0.0,7.260000000000002,29.212,0.10733126291998506,0.0,7.260000000000002,DROP
29.42,0.971,29.3,0.0,1.0,22.0,0.0,0.0,0.0,0.16000000000000014,0.0,7.420000000000002,29.292,0.07155417527999333,9.600000000000009,7.420000000000002,DROP
29.42,0.971,29.46,0.0,1.0,22.0,0.0,0.0,0.0,0.0,0.16000000000000014,7.420000000000002,29.324,0.08763560920082682,0.0,7.420000000000002,DROP
29.42,0.965,29.46,0.0,1.0,22.0,0.0,0.0,0.0,0.0,0.0,7.420000000000002,29.356,0.0876356092008265,0.0,7.420000000000002,DROP
29.42,0.965,29.55,0.0,1.0,22.0,0.0,0.0,0.0,0.0,0.08999999999999986,7.420000000000002,29.387999999999998,0.07155417527999293,0.0,7.420000000000002,DROP
29.42,0.965,29.55,0.0,1.0,22.0,0.0,0.0,0.0,0.0,0.0,7.420000000000002,29.42,0.0,0.0,7.420000000000002,DROP
29.42,0.965,29.55,0.0,1.0,22.0,0.0,0.0,0.0,0.0,0.0,7.420000000000002,29.42,0.0,0.0,7.420000000000002,DROP
29.67,0.965,29.55,0.0,1.0,22.0,0.0,0.0,0.0,0.25,0.0,7.670000000000002,29.470000000000006,0.11180339887498929,15.0,7.670000000000002,DROP
29.67,0.965,29.71,0.0,1.0,22.0,0.0,0.0,0.0,0.0,0.16000000000000014,7.670000000000002,29.52,0.13693063937629107,0.0,7.670000000000002,DROP
29.67,0.965,29.71,0.0,1.0,22.0,0.0,0.0,0.0,0.0,0.0,7.670000000000002,29.570000000000004,0.13693063937629107,0.0,7.670000000000002,DROP
29.67,0.965,29.71,0.0,1.0,22.0,0.0,0.0,0.0,0.0,0.0,7.670000000000002,29.619999999999997,0.11180339887498929,0.0,7.670000000000002,DROP
29.83,0.965,29.71,0.0,1.0,22.0,0.0,0.0,0.0,0.1599999999999966,0.0,7.829999999999998,29.702000000000005,0.07155417527999154,9.599999999999795,7.829999999999998,DROP
29.83,0.965,29.87,0.0,1.0,22.0,0.0,0.0,0.0,0.0,0.16000000000000014,7.829999999999998,29.733999999999998,0.08763560920082426,0.0,7.829999999999998,DROP
29.83,0.97,29.87,0.0,1.0,22.0,0.0,0.0,0.0,0.0,0.0,7.829999999999998,29.766000000000002,0.08763560920082426,0.0,7.829999999999998,DROP
29.83,0.97,29.95,0.0,1.0,22.0,0.0,0.0,0.0,0.0,0.0799999999999983,7.829999999999998,29.797999999999995,0.07155417527999154,0.0,7.829999999999998,DROP
29.83,0.97,29.95,0.0,1.0,22.0,0.0,0.0,0.0,0.0,0.0,7.829999999999998,29.83,0.0,0.0,7.829999999999998,DROP
29.83,0.97,29.95,0.0,1.0,22.0,0.0,0.0,0.0,0.0,0.0,7.829999999999998,29.83,0.0,0.0,7.829999999999998,DROP
30.07,0.97,29.95,0.0,1.0,22.0,0.0,0.0,0.0,0.240000000000002,0.0,8.07,29.877999999999997,0.1073312629199904,14.40000000000012,8.07,DROP
30.07,0.97,30.11,0.0,1.0,22.0,0.0,0.0,0.0,0.0,0.16000000000000014,8.07,29.926,0.13145341380123976,0.0,8.07,DROP
30.07,0.97,30.11,0.0,1.0,22.0,0.0,0.0,0.0,0.0,0.0,8.07,29.974,0.1314534138012383,0.0,8.07,DROP
30.07,0.97,30.11,0.0,1.0,22.0,0.0,0.0,0.0,0.0,0.0,8.07,30.022,0.10733126291998506,0.0,8.07,DROP
30.23,0.97,30.11,0.0,1.0,22.0,0.0,0.0,0.0,0.16000000000000014,0.0,8.23,30.102000000000004,0.07155417527999333,9.600000000000009,8.23,DROP
30.23,0.97,30.27,0.0,1.0,22.0,0.0,0.0,0.0,0.0,0.16000000000000014,8.23,30.134000000000004,0.08763560920082682,0.0,8.23,DROP
30.23,0.971,30.27,0.0,1.0,22.0,0.0,0.0,0.0,0.0,0.0,8.23,30.166000000000004,0.08763560920082715,0.0,8.23,DROP
30.23,0.971,30.35,0.0,1.0,22.0,0.0,0.0,0.0,0.0,0.08000000000000185,8.23,30.198,0.07155417527999373,0.0,8.23,DROP
30.23,0.971,30.35,0.0,1.0,22.0,0.0,0.0,0.0,0.0,0.0,8.23,30.23,0.0,0.0,8.23,DROP
30.23,0.971,30.35,0.0,1.0,22.0,0.0,0.0,0.0,0.0,0.0,8.23,30.23,0.0,0.0,8.23,DROP
30.47,0.971,30.35,0.0,1.0,22.0,0.0,0.0,0.0,0.23999999999999844,0.0,8.469999999999999,30.278,0.1073312629199896,14.399999999999906,8.469999999999999,DROP
30.47,0.971,30.52,0.0,1.0,22.0,0.0,0.0,0.0,0.0,0.16999999999999815,8.469999999999999,30.326,0.13145341380123945,0.0,8.469999999999999,DROP
30.47,0.971,30.52,0.0,1.0,22.0,0.0,0.0,0.0,0.0,0.0,8.469999999999999,30.374000000000002,0.13145341380123873,0.0,8.469999999999999,DROP
30.47,0.971,30.52,0.0,1.0,22.0,0.0,0.0,0.0,0.0,0.0,8.469999999999999,30.422000000000004,0.10733126291998693,0.0,8.469999999999999,DROP
30.64,0.971,30.52,0.0,1.0,22.0,0.0,0.0,0.0,0.1700000000000017,0.0,8.64,30.503999999999998,0.07602631123499401,10.200000000000102,8.64,DROP
30.64,0.971,30.68,0.0,1.0,22.0,0.0,0.0,0.0,0.0,0.16000000000000014,8.64,30.538,0.09311283477588071,0.0,8.64,DROP
30.64,0.983,30.68,0.0,1.0,22.0,0.0,0.0,0.0,0.0,0.0,8.64,30.572000000000003,0.09311283477588217,0.0,8.64,DROP
30.64,0.983,30.76,0.0,1.0,22.0,0.0,0.0,0.0,0.0,0.08000000000000185,8.64,30.606,0.07602631123499913,0.0,8.64,DROP
30.64,0.983,30.76,0.0,1.0,22.0,0.0,0.0,0.0,0.0,0.0,8.64,30.64,0.0,0.0,8.64,DROP
30.64,0.983,30.76,0.0,1.0,22.0,0.0,0.0,0.0,0.0,0.0,8.64,30.64,0.0,0.0,8.64,DROP
30.88,0.983,30.76,0.0,1.0,22.0,0.0,0.0,0.0,0.23999999999999844,0.0,8.879999999999999,30.688,0.1073312629199896,14.399999999999906,8.879999999999999,DROP
30.88,0.983,30.92,0.0,1.0,22.0,0.0,0.0,0.0,0.0,0.16000000000000014,8.879999999999999,30.736,0.13145341380123945,0.0,8.879999999999999,DROP
30.88,0.983,30.92,0.0,1.0,22.0,0.0,0.0,0.0,0.0,0.0,8.879999999999999,30.784,0.13145341380123873,0.0,8.879999999999999,DROP
30.88,0.983,30.92,0.0,1.0,22.0,0.0,0.0,0.0,0.0,0.0,8.879999999999999,30.832,0.10733126291998693,0.0,8.879999999999999,DROP
24.0,0.983,30.92,0.0,1.0,22.0,0.0,0.0,0.0,-6.879999999999999,0.0,2.0,29.503999999999998,3.0768295370397096,-412.79999999999995,2.0,SPIKE
24.0,0.983,24.04,0.0,1.0,22.0,0.0,0.0,0.0,0.0,-6.880000000000003,2.0,28.127999999999997,3.7683311956355405,0.0,2.0,SPIKE
24.0,0.979,24.04,0.0,1.0,22.0,0.0,0.0,0.0,0.0,0.0,2.0,26.752,3.76833119563554,0.0,2.0,SPIKE
24.0,0.979,24.12,0.0,1.0,22.0,0.0,0.0,0.0,0.0,0.08000000000000185,2.0,25.375999999999998,3.076829537039707,0.0,2.0,SPIKE
24.0,0.979,24.12,0.0,1.0,22.0,0.0,0.0,0.0,0.0,0.0,2.0,24.0,0.0,0.0,2.0,SPIKE
24.0,0.979,24.12,0.0,1.0,22.0,1.0,80.0,0.0,0.0,0.0,2.0,24.0,0.0,0.0,2.0,SPIKE
24.24,0.979,24.12,0.0,1.0,22.0,1.0,80.0,0.0,0.23999999999999844,0.0,2.2399999999999984,24.048,0.1073312629199896,14.399999999999906,2.2399999999999984,SPIKE
24.24,0.979,24.28,0.0,1.0,22.0,1.0,80.0,0.0,0.0,0.16000000000000014,2.2399999999999984,24.095999999999997,0.13145341380123945,0.0,2.2399999999999984,SPIKE
24.24,0.979,24.28,0.0,1.0,22.0,1.0,80.0,0.0,0.0,0.0,2.2399999999999984,24.144,0.13145341380123873,0.0,2.2399999999999984,SPIKE
24.24,0.979,24.28,0.0,1.0,22.0,1.0,80.0,0.0,0.0,0.0,2.2399999999999984,24.192,0.10733126291998693,0.0,2.2399999999999984,SPIKE
24.39,0.979,24.28,0.0,1.0,22.0,1.0,80.0,0.0,0.15000000000000213,0.0,2.3900000000000006,24.27,0.06708203932499444,9.000000000000128,2.3900000000000006,SPIKE
24.39,0.979,24.43,0.0,1.0,22.0,1.0,80.0,0.0,0.0,0.14999999999999858,2.3900000000000006,24.3,0.08215838362577547,0.0,2.3900000000000006,SPIKE
24.39,0.966,24.43,0.0,1.0,22.0,1.0,80.0,0.0,0.0,0.0,2.3900000000000006,24.33,0.08215838362577475,0.0,2.3900000000000006,SPIKE
24.39,0.966,24.51,0.0,1.0,22.0,1.0,80.0,0.0,0.0,0.08000000000000185,2.3900000000000006,24.36,0.06708203932499177,0.0,2.3900000000000006,SPIKE
24.39,0.966,24.51,0.0,1.0,22.0,1.0,80.0,0.0,0.0,0.0,2.3900000000000006,24.39,0.0,0.0,2.3900000000000006,SPIKE
24.39,0.966,24.51,0.0,1.0,22.0,1.0,80.0,0.0,0.0,0.0,2.3900000000000006,24.39,0.0,0.0,2.3900000000000006,SPIKE
24.63,0.966,24.51,0.0,1.0,22.0,1.0,80.0,0.0,0.23999999999999844,0.0,2.629999999999999,24.438,0.1073312629199896,14.399999999999906,2.629999999999999,SPIKE
24.63,0.966,24.67,0.0,1.0,22.0,1.0,80.0,0.0,0.0,0.16000000000000014,2.629999999999999,24.486,0.13145341380123945,0.0,2.629999999999999,SPIKE
24.63,0.966,24.67,0.0,1.0,22.0,1.0,80.0,0.0,0.0,0.0,2.629999999999999,24.534,0.13145341380123873,0.0,2.629999999999999,SPIKE
24.63,0.966,24.67,0.0,1.0,22.0,1.0,80.0,0.0,0.0,0.0,2.629999999999999,24.582,0.10733126291998693,0.0,2.629999999999999,SPIKE
24.79,0.966,24.67,0.0,1.0,22.0,1.0,80.0,0.0,0.16000000000000014,0.0,2.789999999999999,24.662,0.07155417527999333,9.600000000000009,2.789999999999999,SPIKE
24.79,0.966,24.83,0.0,1.0,22.0,1.0,80.0,0.0,0.0,0.1599999999999966,2.789999999999999,24.694,0.08763560920082682,0.0,2.789999999999999,SPIKE
24.79,0.969,24.83,0.0,1.0,22.0,1.0,80.0,0.0,0.0,0.0,2.789999999999999,24.726,0.0876356092008265,0.0,2.789999999999999,SPIKE
24.79,0.969,24.9,0.0,1.0,22.0,1.0,80.0,0.0,0.0,0.07000000000000028,2.789999999999999,24.758,0.07155417527999293,0.0,2.789999999999999,SPIKE
24.79,0.969,24.9,0.0,1.0,22.0,1.0,80.0,0.0,0.0,0.0,2.789999999999999,24.79,0.0,0.0,2.789999999999999,SPIKE
24.79,0.969,24.9,0.0,1.0,22.0,1.0,80.0,0.0,0.0,0.0,2.789999999999999,24.79,0.0,0.0,2.789999999999999,SPIKE
25.02,0.969,24.9,0.0,1.0,22.0,1.0,80.0,0.0,0.23000000000000043,0.0,3.0199999999999996,24.836,0.10285912696499072,13.800000000000026,3.0199999999999996,SPIKE
25.02,0.969,25.06,0.0,1.0,22.0,1.0,80.0,0.0,0.0,0.16000000000000014,3.0199999999999996,24.881999999999998,0.12597618822618936,0.0,3.0199999999999996,SPIKE
25.02,0.969,25.06,0.0,1.0,22.0,1.0,80.0,0.0,0.0,0.0,3.0199999999999996,24.928,0.1259761882261901,0.0,3.0199999999999996,SPIKE
25.02,0.969,25.06,0.0,1.0,22.0,1.0,80.0,0.0,0.0,0.0,3.0199999999999996,24.973999999999997,0.10285912696499315,0.0,3.0199999999999996,SPIKE
25.18,0.969,25.06,0.0,1.0,22.0,1.0,80.0,0.0,0.16000000000000014,0.0,3.1799999999999997,25.052,0.07155417527999333,9.600000000000009,3.1799999999999997,SPIKE
25.18,0.969,25.22,0.0,1.0,22.0,1.0,80.0,0.0,0.0,0.16000000000000014,3.1799999999999997,25.084,0.08763560920082682,0.0,3.1799999999999997,SPIKE
25.18,0.963,25.22,0.0,1.0,22.0,1.0,80.0,0.0,0.0,0.0,3.1799999999999997,25.116000000000003,0.0876356092008265,0.0,3.1799999999999997,SPIKE
25.18,0.963,25.3,0.0,1.0,22.0,1.0,80.0,0.0,0.0,0.08000000000000185,3.1799999999999997,25.148,0.07155417527999293,0.0,3.1799999999999997,SPIKE
25.18,0.963,25.3,0.0,1.0,22.0,1.0,80.0,0.0,0.0,0.0,3.1799999999999997,25.18,0.0,0.0,3.1799999999999997,SPIKE
25.18,0.963,25.3,0.0,1.0,22.0,1.0,80.0,0.0,0.0,0.0,3.1799999999999997,25.18,0.0,0.0,3.1799999999999997,SPIKE
25.42,0.963,25.3,0.0,1.0,22.0,1.0,80.0,0.0,0.240000000000002,0.0,3.4200000000000017,25.228,0.1073312629199904,14.40000000000012,3.4200000000000017,SPIKE
25.42,0.963,25.46,0.0,1.0,22.0,1.0,80.0,0.0,0.0,0.16000000000000014,3.4200000000000017,25.276000000000003,0.13145341380123976,0.0,3.4200000000000017,SPIKE
25.42,0.963,25.46,0.0,1.0,22.0,1.0,80.0,0.0,0.0,0.0,3.4200000000000017,25.324,0.1314534138012383,0.0,3.4200000000000017,SPIKE
25.42,0.963,25.46,0.0,1.0,22.0,1.0,80.0,0.0,0.0,0.0,3.4200000000000017,25.372,0.10733126291998506,0.0,3.4200000000000017,SPIKE
25.57,0.963,25.46,0.0,1.0,22.0,1.0,80.0,0.0,0.14999999999999858,0.0,3.5700000000000003,25.45,0.06708203932499265,8.999999999999915,3.5700000000000003,SPIKE
25.57,0.963,25.61,0.0,1.0,22.0,1.0,80.0,0.0,0.0,0.14999999999999858,3.5700000000000003,25.48,0.08215838362577292,0.0,3.5700000000000003,SPIKE
25.57,0.967,25.61,0.0,1.0,22.0,1.0,80.0,0.0,0.0,0.0,3.5700000000000003,25.51,0.08215838362577146,0.0,3.5700000000000003,SPIKE
25.57,0.967,25.69,0.0,1.0,22.0,1.0,80.0,0.0,0.0,0.08000000000000185,3.5700000000000003,25.54,0.0670820393249873,0.0,3.5700000000000003,SPIKE
25.57,0.967,25.69,0.0,1.0,22.0,1.0,80.0,0.0,0.0,0.0,3.5700000000000003,25.57,0.0,0.0,3.5700000000000003,SPIKE
25.57,0.967,25.69,0.0,1.0,22.0,1.0,80.0,0.0,0.0,0.0,3.5700000000000003,25.57,0.0,0.0,3.5700000000000003,SPIKE
25.81,0.967,25.69,0.0,1.0,22.0,1.0,80.0,0.0,0.23999999999999844,0.0,3.8099999999999987,25.618000000000002,0.1073312629199896,14.399999999999906,3.8099999999999987,SPIKE
25.81,0.967,25.85,0.0,1.0,22.0,1.0,80.0,0.0,0.0,0.16000000000000014,3.8099999999999987,25.666000000000004,0.13145341380123945,0.0,3.8099999999999987,SPIKE
25.81,0.967,25.85,0.0,1.0,22.0,1.0,80.0,0.0,0.0,0.0,3.8099999999999987,25.714,0.13145341380123873,0.0,3.8099999999999987,SPIKE
25.81,0.967,25.85,0.0,1.0,22.0,1.0,80.0,0.0,0.0,0.0,3.8099999999999987,25.762,0.10733126291998693,0.0,3.8099999999999987,SPIKE
25.97,0.967,25.85,0.0,1.0,22.0,1.0,80.0,0.0,0.16000000000000014,0.0,3.969999999999999,25.841999999999995,0.07155417527999333,9.600000000000009,3.969999999999999,SPIKE
25.97,0.967,26.01,0.0,1.0,22.0,1.0,80.0,0.0,0.0,0.16000000000000014,3.969999999999999,25.874000000000002,0.08763560920082682,0.0,3.969999999999999,SPIKE
25.97,0.972,26.01,0.0,1.0,22.0,1.0,80.0,0.0,0.0,0.0,3.969999999999999,25.905999999999995,0.0876356092008265,0.0,3.969999999999999,SPIKE
25.97,0.972,26.08,0.0,1.0,22.0,1.0,80.0,0.0,0.0,0.06999999999999673,3.969999999999999,25.938,0.07155417527999293,0.0,3.969999999999999,SPIKE
25.97,0.972,26.08,0.0,1.0,22.0,1.0,80.0,0.0,0.0,0.0,3.969999999999999,25.97,0.0,0.0,3.969999999999999,SPIKE
25.97,0.972,26.08,0.0,1.0,22.0,1.0,80.0,0.0,0.0,0.0,3.969999999999999,25.97,0.0,0.0,3.969999999999999,SPIKE
26.2,0.972,26.08,0.0,1.0,22.0,1.0,80.0,0.0,0.23000000000000043,0.0,4.199999999999999,26.016,0.10285912696499072,13.800000000000026,4.199999999999999,SPIKE
26.2,0.972,26.24,0.0,1.0,22.0,1.0,80.0,0.0,0.0,0.16000000000000014,4.199999999999999,26.062,0.12597618822618936,0.0,4.199999999999999,SPIKE
26.2,0.972,26.24,0.0,1.0,22.0,1.0,80.0,0.0,0.0,0.0,4.199999999999999,26.107999999999997,0.1259761882261901,0.0,4.199999999999999,SPIKE
26.2,0.972,26.24,0.0,1.0,22.0,1.0,80.0,0.0,0.0,0.0,4.199999999999999,26.153999999999996,0.10285912696499315,0.0,4.199999999999999,SPIKE
26.36,0.972,26.24,0.0,1.0,22.0,1.0,80.0,0.0,0.16000000000000014,0.0,4.359999999999999,26.232,0.07155417527999333,9.600000000000009,4.359999999999999,SPIKE
26.36,0.972,26.4,0.0,1.0,22.0,1.0,80.0,0.0,0.0,0.16000000000000014,4.359999999999999,26.264,0.08763560920082682,0.0,4.359999999999999,SPIKE
26.36,0.976,26.4,0.0,1.0,22.0,1.0,80.0,0.0,0.0,0.0,4.359999999999999,26.296000000000003,0.0876356092008265,0.0,4.359999999999999,SPIKE
26.36,0.976,26.48,0.0,1.0,22.0,1.0,80.0,0.0,0.0,0.08000000000000185,4.359999999999999,26.327999999999996,0.07155417527999293,0.0,4.359999999999999,SPIKE
26.36,0.976,26.48,0.0,1.0,22.0,1.0,80.0,0.0,0.0,0.0,4.359999999999999,26.36,0.0,0.0,4.359999999999999,SPIKE
26.36,0.976,26.48,0.0,1.0,22.0,1.0,80.0,0.0,0.0,0.0,4.359999999999999,26.36,0.0,0.0,4.359999999999999,SPIKE
26.6,0.976,26.48,0.0,1.0,22.0,1.0,80.0,0.0,0.240000000000002,0.0,4.600000000000001,26.407999999999998,0.1073312629199904,14.40000000000012,4.600000000000001,SPIKE
26.6,0.976,26.63,0.0,1.0,22.0,1.0,80.0,0.0,0.0,0.14999999999999858,4.600000000000001,26.456,0.13145341380123976,0.0,4.600000000000001,SPIKE
26.6,0.976,26.63,0.0,1.0,22.0,1.0,80.0,0.0,0.0,0.0,4.600000000000001,26.504,0.1314534138012383,0.0,4.600000000000001,SPIKE
26.6,0.976,26.63,0.0,1.0,22.0,1.0,80.0,0.0,0.0,0.0,4.600000000000001,26.552,0.10733126291998506,0.0,4.600000000000001,SPIKE
26.75,0.976,26.63,0.0,1.0,22.0,1.0,80.0,0.0,0.14999999999999858,0.0,4.75,26.630000000000003,0.06708203932499265,8.999999999999915,4.75,SPIKE
26.75,0.976,26.79,0.0,1.0,22.0,1.0,80.0,0.0,0.0,0.16000000000000014,4.75,26.660000000000004,0.08215838362577292,0.0,4.75,SPIKE
26.75,0.966,26.79,0.0,1.0,22.0,1.0,80.0,0.0,0.0,0.0,4.75,26.689999999999998,0.08215838362577146,0.0,4.75,SPIKE
26.75,0.966,26.87,0.0,1.0,22.0,1.0,80.0,0.0,0.0,0.08000000000000185,4.75,26.720000000000006,0.0670820393249873,0.0,4.75,SPIKE
26.75,0.966,26.87,0.0,1.0,22.0,1.0,80.0,0.0,0.0,0.0,4.75,26.75,0.0,0.0,4.75,SPIKE
26.75,0.966,26.87,0.0,1.0,22.0,1.0,80.0,0.0,0.0,0.0,4.75,26.75,0.0,0.0,4.75,SPIKE
26.99,0.966,26.87,0.0,1.0,22.0,1.0,80.0,0.0,0.23999999999999844,0.0,4.989999999999998,26.798000000000002,0.1073312629199896,14.399999999999906,4.989999999999998,SPIKE
26.99,0.966,27.03,0.0,1.0,22.0,1.0,80.0,0.0,0.0,0.16000000000000014,4.989999999999998,26.845999999999997,0.13145341380123945,0.0,4.989999999999998,SPIKE
26.99,0.966,27.03,0.0,1.0,22.0,1.0,80.0,0.0,0.0,0.0,4.989999999999998,26.894,0.13145341380123873,0.0,4.989999999999998,SPIKE
26.99,0.966,27.03,0.0,1.0,22.0,1.0,80.0,0.0,0.0,0.0,4.989999999999998,26.941999999999997,0.10733126291998693,0.0,4.989999999999998,SPIKE
27.15,0.966,27.03,0.0,1.0,22.0,1.0,80.0,0.0,0.16000000000000014,0.0,5.149999999999999,27.022,0.07155417527999333,9.600000000000009,5.149999999999999,SPIKE
27.15,0.966,27.19,0.0,1.0,22.0,1.0,80.0,0.0,0.0,0.16000000000000014,5.149999999999999,27.053999999999995,0.08763560920082682,0.0,5.149999999999999,SPIKE
27.15,0.967,27.19,0.0,1.0,22.0,1.0,80.0,0.0,0.0,0.0,5.149999999999999,27.085999999999995,0.0876356092008265,0.0,5.149999999999999,SPIKE
27.15,0.967,27.26,0.0,1.0,22.0,1.0,80.0,0.0,0.0,0.07000000000000028,5.149999999999999,27.117999999999995,0.07155417527999293,0.0,5.149999999999999,SPIKE
27.15,0.967,27.26,0.0,1.0,22.0,1.0,80.0,0.0,0.0,0.0,5.149999999999999,27.15,0.0,0.0,5.149999999999999,SPIKE
27.15,0.967,27.26,0.0,1.0,22.0,1.0,80.0,0.0,0.0,0.0,5.149999999999999,27.15,0.0,0.0,5.149999999999999,SPIKE
27.38,0.967,27.26,0.0,1.0,22.0,1.0,80.0,0.0,0.23000000000000043,0.0,5.379999999999999,27.195999999999998,0.10285912696499072,13.800000000000026,5.379999999999999,SPIKE
27.38,0.967,27.42,0.0,1.0,22.0,1.0,80.0,0.0,0.0,0.16000000000000014,5.379999999999999,27.241999999999997,0.12597618822618936,0.0,5.379999999999999,SPIKE
27.38,0.967,27.42,0.0,1.0,22.0,1.0,80.0,0.0,0.0,0.0,5.379999999999999,27.288,0.1259761882261901,0.0,5.379999999999999,SPIKE
27.38,0.967,27.42,0.0,1.0,22.0,1.0,80.0,0.0,0.0,0.0,5.379999999999999,27.333999999999996,0.10285912696499315,0.0,5.379999999999999,SPIKE
30.0,0.967,27.42,0.0,1.0,22.0,1.0,80.0,0.0,2.620000000000001,0.0,8.0,27.903999999999996,1.17169962020989,157.20000000000007,8.0,DROP
30.0,0.967,29.91,0.0,1.0,22.0,1.0,80.0,0.0,0.0,2.4899999999999984,8.0,28.427999999999997,1.435033100663535,0.0,8.0,DROP
30.0,0.959,29.91,0.0,1.0,22.0,1.0,80.0,0.0,0.0,0.0,8.0,28.951999999999998,1.4350331006635344,0.0,8.0,DROP
30.0,0.959,29.73,0.0,1.0,22.0,1.0,80.0,0.0,0.0,-0.17999999999999972,8.0,29.476,1.1716996202098873,0.0,8.0,DROP
30.0,0.959,29.73,0.0,1.0,22.0,1.0,80.0,0.0,0.0,0.0,8.0,30.0,0.0,0.0,8.0,DROP
30.0,0.959,29.73,0.0,1.0,22.0,1.0,80.0,0.0,0.0,0.0,8.0,30.0,0.0,0.0,8.0,DROP
29.47,0.959,29.73,0.0,1.0,22.0,1.0,80.0,0.0,-0.5300000000000011,0.0,7.469999999999999,29.894,0.2370232056149778,-31.800000000000068,7.469999999999999,DROP
29.47,0.959,29.38,0.0,1.0,22.0,1.0,80.0,0.0,0.0,-0.3500000000000014,7.469999999999999,29.788,0.29029295547773837,0.0,7.469999999999999,DROP
29.47,0.959,29.38,0.0,1.0,22.0,1.0,80.0,0.0,0.0,0.0,7.469999999999999,29.682,0.29029295547773837,0.0,7.469999999999999,DROP
29.47,0.959,29.38,0.0,1.0,22.0,1.0,80.0,0.0,0.0,0.0,7.469999999999999,29.576,0.2370232056149778,0.0,7.469999999999999,DROP
29.11,0.959,29.38,0.0,1.0,22.0,1.0,80.0,0.0,-0.35999999999999943,0.0,7.109999999999999,29.398000000000003,0.1609968943799848,-21.599999999999966,7.109999999999999,DROP
29.11,0.959,29.03,0.0,1.0,22.0,1.0,80.0,0.0,0.0,-0.34999999999999787,7.109999999999999,29.326,0.19718012070185995,0.0,7.109999999999999,DROP
29.11,0.969,29.03,0.0,1.0,22.0,1.0,80.0,0.0,0.0,0.0,7.109999999999999,29.253999999999998,0.19718012070185995,0.0,7.109999999999999,DROP
29.11,0.969,28.85,0.0,1.0,22.0,1.0,80.0,0.0,0.0,-0.17999999999999972,7.109999999999999,29.182,0.16099689437998377,0.0,7.109999999999999,DROP
29.11,0.969,28.85,0.0,1.0,22.0,1.0,80.0,0.0,0.0,0.0,7.109999999999999,29.11,0.0,0.0,7.109999999999999,DROP
29.11,0.969,28.85,0.0,1.0,22.0,1.0,80.0,0.0,0.0,0.0,7.109999999999999,29.11,0.0,0.0,7.109999999999999,DROP
28.58,0.969,28.85,0.0,1.0,22.0,1.0,80.0,0.0,-0.5300000000000011,0.0,6.579999999999998,29.003999999999998,0.2370232056149778,-31.800000000000068,6.579999999999998,DROP
28.58,0.969,28.49,0.0,1.0,22.0,1.0,80.0,0.0,0.0,-0.360000000000003,6.579999999999998,28.898000000000003,0.29029295547773837,0.0,6.579999999999998,DROP
28.58,0.969,28.49,0.0,1.0,22.0,1.0,80.0,0.0,0.0,0.0,6.579999999999998,28.791999999999994,0.29029295547773837,0.0,6.579999999999998,DROP
28.58,0.969,28.49,0.0,1.0,22.0,1.0,80.0,0.0,0.0,0.0,6.579999999999998,28.686,0.2370232056149778,0.0,6.579999999999998,DROP
28.23,0.969,28.49,0.0,1.0,22.0,1.0,80.0,0.0,-0.34999999999999787,0.0,6.23,28.509999999999998,0.15652475842498412,-20.999999999999872,6.23,DROP
28.23,0.969,28.14,0.0,1.0,22.0,1.0,80.0,0.0,0.0,-0.34999999999999787,6.23,28.439999999999998,0.1917028951268073,0.0,6.23,DROP
28.23,0.965,28.14,0.0,1.0,22.0,1.0,80.0,0.0,0.0,0.0,6.23,28.369999999999997,0.19170289512680802,0.0,6.23,DROP
28.23,0.965,27.96,0.0,1.0,22.0,1.0,80.0,0.0,0.0,-0.17999999999999972,6.23,28.3,0.15652475842498656,0.0,6.23,DROP
28.23,0.965,27.96,0.0,1.0,22.0,1.0,80.0,0.0,0.0,0.0,6.23,28.23,0.0,0.0,6.23,DROP
28.23,0.965,27.96,0.0,1.0,22.0,1.0,80.0,0.0,0.0,0.0,6.23,28.23,0.0,0.0,6.23,DROP
27.7,0.965,27.96,0.0,1.0,22.0,1.0,80.0,0.0,-0.5300000000000011,0.0,5.699999999999999,28.124000000000002,0.2370232056149778,-31.800000000000068,5.699999999999999,DROP
27.7,0.965,27.61,0.0,1.0,22.0,1.0,80.0,0.0,0.0,-0.3500000000000014,5.699999999999999,28.018,0.29029295547773715,0.0,5.699999999999999,DROP
27.7,0.965,27.61,0.0,1.0,22.0,1.0,80.0,0.0,0.0,0.0,5.699999999999999,27.912,0.29029295547773565,0.0,5.699999999999999,DROP
27.7,0.965,27.61,0.0,1.0,22.0,1.0,80.0,0.0,0.0,0.0,5.699999999999999,27.806,0.2370232056149727,0.0,5.699999999999999,DROP
27.34,0.965,27.61,0.0,1.0,22.0,1.0,80.0,0.0,-0.35999999999999943,0.0,5.34,27.628000000000004,0.1609968943799848,-21.599999999999966,5.34,SPIKE
27.34,0.965,27.25,0.0,1.0,22.0,1.0,80.0,0.0,0.0,-0.35999999999999943,5.34,27.556,0.19718012070185995,0.0,5.34,SPIKE
27.34,0.967,27.25,0.0,1.0,22.0,1.0,80.0,0.0,0.0,0.0,5.34,27.483999999999998,0.197180120701861,0.0,5.34,SPIKE
27.34,0.967,27.08,0.0,1.0,22.0,1.0,80.0,0.0,0.0,-0.1700000000000017,5.34,27.412,0.16099689437998788,0.0,5.34,SPIKE
27.34,0.967,27.08,0.0,1.0,22.0,1.0,80.0,0.0,0.0,0.0,5.34,27.34,0.0,0.0,5.34,SPIKE
27.34,0.967,27.08,0.0,1.0,22.0,1.0,80.0,0.0,0.0,0.0,5.34,27.34,0.0,0.0,5.34,SPIKE
26.81,0.967,27.08,0.0,1.0,22.0,1.0,80.0,0.0,-0.5300000000000011,0.0,4.809999999999999,27.233999999999998,0.2370232056149778,-31.800000000000068,4.809999999999999,SPIKE
26.81,0.967,26.72,0.0,1.0,22.0,1.0,80.0,0.0,0.0,-0.35999999999999943,4.809999999999999,27.127999999999997,0.29029295547773715,0.0,4.809999999999999,SPIKE
26.81,0.967,26.72,0.0,1.0,22.0,1.0,80.0,0.0,0.0,0.0,4.809999999999999,27.022,0.29029295547773565,0.0,4.809999999999999,SPIKE
26.81,0.967,26.72,0.0,1.0,22.0,1.0,80.0,0.0,0.0,0.0,4.809999999999999,26.915999999999997,0.2370232056149727,0.0,4.809999999999999,SPIKE
26.46,0.967,26.72,0.0,1.0,22.0,1.0,80.0,0.0,-0.34999999999999787,0.0,4.460000000000001,26.74,0.15652475842498412,-20.999999999999872,4.460000000000001,SPIKE
26.46,0.967,26.37,0.0,1.0,22.0,1.0,80.0,0.0,0.0,-0.34999999999999787,4.460000000000001,26.669999999999998,0.19170289512680602,0.0,4.460000000000001,SPIKE
26.46,0.966,26.37,0.0,1.0,22.0,1.0,80.0,0.0,0.0,0.0,4.460000000000001,26.6,0.1917028951268053,0.0,4.460000000000001,SPIKE
26.46,0.966,26.19,0.0,1.0,22.0,1.0,80.0,0.0,0.0,-0.17999999999999972,4.460000000000001,26.53,0.1565247584249817,0.0,4.460000000000001,SPIKE
26.46,0.966,26.19,0.0,1.0,22.0,1.0,80.0,0.0,0.0,0.0,4.460000000000001,26.46,0.0,0.0,4.460000000000001,SPIKE
26.46,0.966,26.19,0.0,1.0,22.0,1.0,80.0,0.0,0.0,0.0,4.460000000000001,26.46,0.0,0.0,4.460000000000001,SPIKE
25.92,0.966,26.19,0.0,1.0,22.0,1.0,80.0,0.0,-0.5399999999999991,0.0,3.9200000000000017,26.351999999999997,0.2414953415699767,-32.39999999999995,3.9200000000000017,SPIKE
25.92,0.966,25.84,0.0,1.0,22.0,1.0,80.0,0.0,0.0,-0.3500000000000014,3.9200000000000017,26.244,0.29577018105278846,0.0,3.9200000000000017,SPIKE
25.92,0.966,25.84,0.0,1.0,22.0,1.0,80.0,0.0,0.0,0.0,3.9200000000000017,26.136000000000003,0.2957701810527874,0.0,3.9200000000000017,SPIKE
25.92,0.966,25.84,0.0,1.0,22.0,1.0,80.0,0.0,0.0,0.0,3.9200000000000017,26.028,0.24149534156997363,0.0,3.9200000000000017,SPIKE
25.57,0.966,25.84,0.0,1.0,22.0,1.0,80.0,0.0,-0.3500000000000014,0.0,3.5700000000000003,25.85,0.15652475842498592,-21.000000000000085,3.5700000000000003,SPIKE
25.57,0.966,25.48,0.0,1.0,22.0,1.0,80.0,0.0,0.0,-0.35999999999999943,3.5700000000000003,25.78,0.19170289512680924,0.0,3.5700000000000003,SPIKE
25.57,0.97,25.48,0.0,1.0,22.0,1.0,80.0,0.0,0.0,0.0,3.5700000000000003,25.71,0.19170289512680924,0.0,3.5700000000000003,SPIKE
25.57,0.97,25.3,0.0,1.0,22.0,1.0,80.0,0.0,0.0,-0.17999999999999972,3.5700000000000003,25.639999999999997,0.1565247584249859,0.0,3.5700000000000003,SPIKE
25.57,0.97,25.3,0.0,1.0,22.0,1.0,80.0,0.0,0.0,0.0,3.5700000000000003,25.57,0.0,0.0,3.5700000000000003,SPIKE
25.57,0.97,25.3,0.0,1.0,22.0,1.0,80.0,0.0,0.0,0.0,3.5700000000000003,25.57,0.0,0.0,3.5700000000000003,SPIKE
25.04,0.97,25.3,0.0,1.0,22.0,1.0,80.0,0.0,-0.5300000000000011,0.0,3.039999999999999,25.464,0.2370232056149778,-31.800000000000068,3.039999999999999,SPIKE
25.04,0.97,24.95,0.0,1.0,22.0,1.0,80.0,0.0,0.0,-0.3500000000000014,3.039999999999999,25.358,0.29029295547773837,0.0,3.039999999999999,SPIKE
25.04,0.97,24.95,0.0,1.0,22.0,1.0,80.0,0.0,0.0,0.0,3.039999999999999,25.252,0.29029295547773837,0.0,3.039999999999999,SPIKE
25.04,0.97,24.95,0.0,1.0,22.0,1.0,80.0,0.0,0.0,0.0,3.039999999999999,25.146,0.2370232056149778,0.0,3.039999999999999,SPIKE
24.68,0.97,24.95,0.0,1.0,22.0,1.0,80.0,0.0,-0.35999999999999943,0.0,2.6799999999999997,24.968,0.1609968943799848,-21.599999999999966,2.6799999999999997,SPIKE
24.68,0.97,24.59,0.0,1.0,22.0,1.0,80.0,0.0,0.0,-0.35999999999999943,2.6799999999999997,24.896,0.19718012070185995,0.0,2.6799999999999997,SPIKE
24.68,0.961,24.59,0.0,1.0,22.0,1.0,80.0,0.0,0.0,0.0,2.6799999999999997,24.824,0.19718012070185995,0.0,2.6799999999999997,SPIKE
24.68,0.961,24.42,0.0,1.0,22.0,1.0,80.0,0.0,0.0,-0.16999999999999815,2.6799999999999997,24.752000000000002,0.16099689437998377,0.0,2.6799999999999997,SPIKE
24.68,0.961,24.42,0.0,1.0,22.0,1.0,80.0,0.0,0.0,0.0,2.6799999999999997,24.68,0.0,0.0,2.6799999999999997,SPIKE
24.68,0.961,24.42,0.0,1.0,22.0,1.0,80.0,0.0,0.0,0.0,2.6799999999999997,24.68,0.0,0.0,2.6799999999999997,SPIKE
24.15,0.961,24.42,0.0,1.0,22.0,1.0,80.0,0.0,-0.5300000000000011,0.0,2.1499999999999986,24.574,0.2370232056149778,-31.800000000000068,2.1499999999999986,SPIKE
24.15,0.961,24.06,0.0,1.0,22.0,1.0,80.0,0.0,0.0,-0.360000000000003,2.1499999999999986,24.467999999999996,0.29029295547773837,0.0,2.1499999999999986,SPIKE
24.15,0.961,24.06,0.0,1.0,22.0,1.0,80.0,0.0,0.0,0.0,2.1499999999999986,24.362000000000002,0.29029295547773837,0.0,2.1499999999999986,SPIKE
24.15,0.961,24.06,0.0,1.0,22.0,1.0,80.0,0.0,0.0,0.0,2.1499999999999986,24.255999999999997,0.2370232056149778,0.0,2.1499999999999986,SPIKE
23.8,0.961,24.06,0.0,1.0,22.0,1.0,80.0,0.0,-0.34999999999999787,0.0,1.8000000000000007,24.08,0.15652475842498412,-20.999999999999872,1.8000000000000007,SPIKE
23.8,0.961,23.71,0.0,1.0,22.0,1.0,80.0,0.0,0.0,-0.34999999999999787,1.8000000000000007,24.01,0.1917028951268073,0.0,1.8000000000000007,SPIKE
23.8,0.963,23.71,0.0,1.0,22.0,1.0,80.0,0.0,0.0,0.0,1.8000000000000007,23.94,0.19170289512680802,0.0,1.8000000000000007,SPIKE
23.8,0.963,23.53,0.0,1.0,22.0,1.0,80.0,0.0,0.0,-0.17999999999999972,1.8000000000000007,23.87,0.15652475842498656,0.0,1.8000000000000007,SPIKE
23.8,0.963,23.53,0.0,1.0,22.0,1.0,80.0,0.0,0.0,0.0,1.8000000000000007,23.8,0.0,0.0,1.8000000000000007,SPIKE
23.8,0.963,23.53,0.0,1.0,22.0,1.0,80.0,0.0,0.0,0.0,1.8000000000000007,23.8,0.0,0.0,1.8000000000000007,SPIKE
23.27,0.963,23.53,0.0,1.0,22.0,1.0,80.0,0.0,-0.5300000000000011,0.0,1.2699999999999996,23.694,0.2370232056149778,-31.800000000000068,1.2699999999999996,SPIKE
23.27,0.963,23.18,0.0,1.0,22.0,1.0,80.0,0.0,0.0,-0.3500000000000014,1.2699999999999996,23.588,0.29029295547773715,0.0,1.2699999999999996,SPIKE
23.27,0.963,23.18,0.0,1.0,22.0,1.0,80.0,0.0,0.0,0.0,1.2699999999999996,23.482,0.29029295547773565,0.0,1.2699999999999996,SPIKE
23.27,0.963,23.18,0.0,1.0,22.0,1.0,80.0,0.0,0.0,0.0,1.2699999999999996,23.375999999999998,0.2370232056149727,0.0,1.2699999999999996,SPIKE
24.1,0.963,23.18,0.0,1.0,22.0,1.0,80.0,0.0,0.8300000000000018,0.0,2.1000000000000014,23.436,0.37118728426496594,49.80000000000011,2.1000000000000014,SPIKE
24.1,0.963,24.1,0.0,1.0,22.0,1.0,80.0,0.0,0.0,0.9200000000000017,2.1000000000000014,23.601999999999997,0.45460972272928907,0.0,2.1000000000000014,SPIKE
24.1,0.981,24.1,0.0,1.0,22.0,1.0,80.0,0.0,0.0,0.0,2.1000000000000014,23.768,0.45460972272928873,0.0,2.1000000000000014,SPIKE
24.1,0.981,24.1,0.0,1.0,22.0,1.0,80.0,0.0,0.0,0.0,2.1000000000000014,23.934000000000005,0.3711872842649655,0.0,2.1000000000000014,SPIKE
24.1,0.981,24.1,0.0,1.0,22.0,1.0,80.0,0.0,0.0,0.0,2.1000000000000014,24.1,0.0,0.0,2.1000000000000014,SPIKE
24.1,0.981,24.1,0.0,1.0,22.0,1.0,50.0,0.0,0.0,0.0,2.1000000000000014,24.1,0.0,0.0,2.1000000000000014,SPIKE
24.1,0.981,24.1,0.0,1.0,22.0,1.0,50.0,0.0,0.0,0.0,2.1000000000000014,24.1,0.0,0.0,2.1000000000000014,SPIKE
24.1,0.981,24.1,0.0,1.0,22.0,1.0,50.0,0.0,0.0,0.0,2.1000000000000014,24.1,0.0,0.0,2.1000000000000014,SPIKE
24.1,0.981,24.1,0.0,1.0,22.0,1.0,50.0,0.0,0.0,0.0,2.1000000000000014,24.1,0.0,0.0,2.1000000000000014,SPIKE
24.1,0.981,24.1,0.0,1.0,22.0,1.0,50.0,0.0,0.0,0.0,2.1000000000000014,24.1,0.0,0.0,2.1000000000000014,SPIKE
24.1,0.981,24.1,0.0,1.0,22.0,1.0,50.0,0.0,0.0,0.0,2.1000000000000014,24.1,0.0,0.0,2.1000000000000014,SPIKE
24.1,0.981,24.1,0.0,1.0,22.0,1.0,50.0,0.0,0.0,0.0,2.1000000000000014,24.1,0.0,0.0,2.1000000000000014,SPIKE
24.1,0.964,24.1,0.0,1.0,22.0,1.0,50.0,0.0,0.0,0.0,2.1000000000000014,24.1,0.0,0.0,2.1000000000000014,SPIKE
24.1,0.964,24.1,0.0,1.0,22.0,1.0,50.0,0.0,0.0,0.0,2.1000000000000014,24.1,0.0,0.0,2.1000000000000014,SPIKE
24.1,0.964,24.1,0.0,1.0,22.0,1.0,50.0,0.0,0.0,0.0,2.1000000000000014,24.1,0.0,0.0,2.1000000000000014,SPIKE
24.1,0.964,24.1,0.0,1.0,22.0,1.0,50.0,0.0,0.0,0.0,2.1000000000000014,24.1,0.0,0.0,2.1000000000000014,SPIKE
24.1,0.964,24.1,0.0,1.0,22.0,1.0,50.0,0.0,0.0,0.0,2.1000000000000014,24.1,0.0,0.0,2.1000000000000014,SPIKE
24.1,0.964,24.1,0.0,1.0,22.0,1.0,50.0,0.0,0.0,0.0,2.1000000000000014,24.1,0.0,0.0,2.1000000000000014,SPIKE
24.1,0.964,24.1,0.0,1.0,22.0,1.0,50.0,0.0,0.0,0.0,2.1000000000000014,24.1,0.0,0.0,2.1000000000000014,SPIKE
24.1,0.964,24.1,0.0,1.0,22.0,1.0,50.0,0.0,0.0,0.0,2.1000000000000014,24.1,0.0,0.0,2.1000000000000014,SPIKE
24.1,0.964,24.1,0.0,1.0,22.0,1.0,50.0,0.0,0.0,0.0,2.1000000000000014,24.1,0.0,0.0,2.1000000000000014,SPIKE
24.1,0.964,31.5,0.0,1.0,22.0,1.0,50.0,0.0,0.0,7.399999999999999,2.1000000000000014,24.1,0.0,0.0,2.1000000000000014,SPIKE
24.1,0.965,31.5,0.0,1.0,22.0,1.0,50.0,0.0,0.0,0.0,2.1000000000000014,24.1,0.0,0.0,2.1000000000000014,SPIKE
24.1,0.965,31.5,0.0,1.0,22.0,1.0,50.0,0.0,0.0,0.0,2.1000000000000014,24.1,0.0,0.0,2.1000000000000014,SPIKE
24.1,0.965,31.5,0.0,1.0,22.0,1.0,50.0,0.0,0.0,0.0,2.1000000000000014,24.1,0.0,0.0,2.1000000000000014,SPIKE
24.1,0.965,31.5,0.0,1.0,22.0,1.0,50.0,0.0,0.0,0.0,2.1000000000000014,24.1,0.0,0.0,2.1000000000000014,SPIKE
31.5,0.965,31.5,0.0,1.0,22.0,1.0,50.0,0.0,7.399999999999999,0.0,9.5,25.580000000000002,3.309380606699688,443.99999999999994,9.5,DROP
31.5,0.965,31.5,0.0,1.0,22.0,1.0,50.0,0.0,0.0,0.0,9.5,27.060000000000002,4.053146925538228,0.0,9.5,DROP
31.5,0.965,31.5,0.0,1.0,22.0,1.0,50.0,0.0,0.0,0.0,9.5,28.540000000000003,4.053146925538227,0.0,9.5,DROP
31.5,0.965,31.5,0.0,1.0,22.0,1.0,50.0,0.0,0.0,0.0,9.5,30.02,3.3093806066996856,0.0,9.5,DROP
31.5,0.965,31.5,0.0,1.0,22.0,1.0,50.0,0.0,0.0,0.0,9.5,31.5,0.0,0.0,9.5,DROP
31.5,0.965,31.5,0.0,1.0,22.0,1.0,50.0,0.0,0.0,0.0,9.5,31.5,0.0,0.0,9.5,DROP
31.5,0.979,31.5,0.0,1.0,22.0,1.0,50.0,0.0,0.0,0.0,9.5,31.5,0.0,0.0,9.5,DROP
31.5,0.979,31.5,0.0,1.0,22.0,1.0,50.0,0.0,0.0,0.0,9.5,31.5,0.0,0.0,9.5,DROP
31.5,0.979,31.5,0.0,1.0,22.0,1.0,50.0,0.0,0.0,0.0,9.5,31.5,0.0,0.0,9.5,DROP
31.5,0.979,31.5,0.0,1.0,22.0,1.0,50.0,0.0,0.0,0.0,9.5,31.5,0.0,0.0,9.5,DROP
31.5,0.979,31.5,0.0,1.0,22.0,1.0,50.0,0.0,0.0,0.0,9.5,31.5,0.0,0.0,9.5,DROP
31.5,0.979,31.5,0.0,1.0,22.0,1.0,50.0,0.0,0.0,0.0,9.5,31.5,0.0,0.0,9.5,DROP
31.5,0.979,31.5,0.0,1.0,22.0,1.0,50.0,0.0,0.0,0.0,9.5,31.5,0.0,0.0,9.5,DROP
31.5,0.979,31.5,0.0,1.0,22.0,1.0,50.0,0.0,0.0,0.0,9.5,31.5,0.0,0.0,9.5,DROP
24.1,0.979,31.5,0.0,1.0,22.0,1.0,50.0,0.0,-7.399999999999999,0.0,2.1000000000000014,30.020000000000003,3.309380606699688,-443.99999999999994,2.1000000000000014,SPIKE
24.1,0.979,24.1,0.0,1.0,22.0,1.0,50.0,0.0,0.0,-7.399999999999999,2.1000000000000014,28.540000000000003,4.053146925538228,0.0,2.1000000000000014,SPIKE
24.1,0.985,24.1,0.0,1.0,22.0,1.0,50.0,0.0,0.0,0.0,2.1000000000000014,27.060000000000002,4.053146925538227,0.0,2.1000000000000014,SPIKE
24.1,0.985,24.1,0.0,1.0,22.0,1.0,50.0,0.0,0.0,0.0,2.1000000000000014,25.580000000000002,3.3093806066996856,0.0,2.1000000000000014,SPIKE
24.1,0.985,24.1,0.0,1.0,22.0,1.0,50.0,0.0,0.0,0.0,2.1000000000000014,24.1,0.0,0.0,2.1000000000000014,SPIKE
24.1,0.985,24.1,0.0,1.0,22.0,1.0,50.0,0.0,0.0,0.0,2.1000000000000014,24.1,0.0,0.0,2.1000000000000014,SPIKE
24.1,0.985,24.1,0.0,1.0,22.0,1.0,50.0,0.0,0.0,0.0,2.1000000000000014,24.1,0.0,0.0,2.1000000000000014,SPIKE
24.1,0.985,24.1,0.0,1.0,22.0,1.0,50.0,0.0,0.0,0.0,2.1000000000000014,24.1,0.0,0.0,2.1000000000000014,SPIKE
24.1,0.985,24.1,0.0,1.0,22.0,1.0,50.0,0.0,0.0,0.0,2.1000000000000014,24.1,0.0,0.0,2.1000000000000014,SPIKE
24.1,0.985,24.1,0.0,1.0,22.0,1.0,50.0,0.0,0.0,0.0,2.1000000000000014,24.1,0.0,0.0,2.1000000000000014,SPIKE
24.1,0.985,24.1,0.0,1.0,22.0,1.0,50.0,0.0,0.0,0.0,2.1000000000000014,24.1,0.0,0.0,2.1000000000000014,SPIKE
24.1,0.985,24.1,0.0,1.0,22.0,1.0,50.0,0.0,0.0,0.0,2.1000000000000014,24.1,0.0,0.0,2.1000000000000014,SPIKE
24.1,0.964,24.1,0.0,1.0,22.0,1.0,50.0,0.0,0.0,0.0,2.1000000000000014,24.1,0.0,0.0,2.1000000000000014,SPIKE
24.1,0.964,24.1,0.0,1.0,22.0,1.0,50.0,0.0,0.0,0.0,2.1000000000000014,24.1,0.0,0.0,2.1000000000000014,SPIKE
24.1,0.964,24.1,0.0,1.0,22.0,1.0,50.0,0.0,0.0,0.0,2.1000000000000014,24.1,0.0,0.0,2.1000000000000014,SPIKE
24.1,0.964,24.1,0.0,1.0,22.0,1.0,50.0,0.0,0.0,0.0,2.1000000000000014,24.1,0.0,0.0,2.1000000000000014,SPIKE
24.1,0.964,24.1,0.0,1.0,22.0,1.0,50.0,0.0,0.0,0.0,2.1000000000000014,24.1,0.0,0.0,2.1000000000000014,SPIKE
24.1,0.964,24.1,0.0,1.0,22.0,1.0,50.0,0.0,0.0,0.0,2.1000000000000014,24.1,0.0,0.0,2.1000000000000014,SPIKE
24.1,0.964,24.1,0.0,1.0,22.0,1.0,50.0,0.0,0.0,0.0,2.1000000000000014,24.1,0.0,0.0,2.1000000000000014,SPIKE
24.1,0.964,24.1,0.0,1.0,22.0,1.0,50.0,0.0,0.0,0.0,2.1000000000000014,24.1,0.0,0.0,2.1000000000000014,SPIKE
24.0,0.964,24.1,0.0,1.0,22.0,1.0,50.0,0.0,-0.10000000000000142,0.0,2.0,24.080000000000002,0.04472135954999663,-6.000000000000085,2.0,SPIKE
24.0,0.964,24.03,0.0,1.0,22.0,1.0,50.0,0.0,0.0,-0.07000000000000028,2.0,24.060000000000002,0.05477225575051816,0.0,2.0,SPIKE
24.0,0.968,24.03,0.0,1.0,22.0,1.0,50.0,0.0,0.0,0.0,2.0,24.040000000000003,0.054772255750519215,0.0,2.0,SPIKE
24.0,0.968,24.08,0.0,1.0,22.0,1.0,50.0,0.0,0.0,0.04999999999999716,2.0,24.02,0.0447213595499997,0.0,2.0,SPIKE
24.0,0.968,24.08,5.0,1.0,22.0,1.0,50.0,0.0,0.0,0.0,2.0,24.0,0.0,0.0,2.0,SPIKE
24.0,0.968,24.08,5.0,1.0,22.0,1.0,80.0,0.0,0.0,0.0,2.0,24.0,0.0,0.0,2.0,SPIKE
24.15,0.968,24.08,5.0,1.0,22.0,1.0,80.0,0.0,0.14999999999999858,0.0,2.1499999999999986,24.03,0.06708203932499265,8.999999999999915,2.1499999999999986,SPIKE
24.15,0.968,24.18,5.0,1.0,22.0,1.0,80.0,0.0,0.0,0.10000000000000142,2.1499999999999986,24.060000000000002,0.08215838362577292,0.0,2.1499999999999986,SPIKE
24.15,0.968,24.18,10.0,1.0,22.0,1.0,80.0,0.0,0.0,0.0,2.1499999999999986,24.09,0.08215838362577146,0.0,2.1499999999999986,SPIKE
24.15,0.968,24.18,10.0,1.0,22.0,1.0,80.0,0.0,0.0,0.0,2.1499999999999986,24.119999999999997,0.0670820393249873,0.0,2.1499999999999986,SPIKE
24.25,0.968,24.18,10.0,1.0,22.0,1.0,80.0,0.0,0.10000000000000142,0.0,2.25,24.169999999999998,0.04472135954999663,6.000000000000085,2.25,SPIKE
24.25,0.968,24.28,10.0,1.0,22.0,1.0,80.0,0.0,0.0,0.10000000000000142,2.25,24.189999999999998,0.05477225575051816,0.0,2.25,SPIKE
24.25,0.972,24.28,10.0,1.0,22.0,1.0,80.0,0.0,0.0,0.0,2.25,24.209999999999997,0.054772255750519215,0.0,2.25,SPIKE
24.25,0.972,24.33,10.0,1.0,22.0,1.0,80.0,0.0,0.0,0.04999999999999716,2.25,24.23,0.0447213595499997,0.0,2.25,SPIKE
24.25,0.972,24.33,17.0,1.0,22.0,1.0,80.0,0.0,0.0,0.0,2.25,24.25,0.0,0.0,2.25,SPIKE
24.25,0.972,24.33,17.0,1.0,22.0,1.0,80.0,0.0,0.0,0.0,2.25,24.25,0.0,0.0,2.25,SPIKE
24.41,0.972,24.33,17.0,1.0,22.0,1.0,80.0,0.0,0.16000000000000014,0.0,2.41,24.282,0.07155417527999333,9.600000000000009,2.41,SPIKE
24.41,0.972,24.43,17.0,1.0,22.0,1.0,80.0,0.0,0.0,0.10000000000000142,2.41,24.314,0.08763560920082682,0.0,2.41,SPIKE
24.41,0.972,24.43,22.0,1.0,22.0,1.0,80.0,0.0,0.0,0.0,2.41,24.345999999999997,0.08763560920082715,0.0,2.41,SPIKE
24.41,0.972,24.43,22.0,1.0,22.0,1.0,80.0,0.0,0.0,0.0,2.41,24.377999999999997,0.07155417527999373,0.0,2.41,SPIKE
24.51,0.972,24.43,22.0,1.0,22.0,1.0,80.0,0.0,0.10000000000000142,0.0,2.5100000000000016,24.43,0.04472135954999663,6.000000000000085,2.5100000000000016,SPIKE
24.51,0.972,24.53,22.0,1.0,22.0,1.0,80.0,0.0,0.0,0.10000000000000142,2.5100000000000016,24.45,0.05477225575051816,0.0,2.5100000000000016,SPIKE
24.51,0.979,24.53,22.0,1.0,22.0,1.0,80.0,0.0,0.0,0.0,2.5100000000000016,24.470000000000002,0.05477225575051816,0.0,2.5100000000000016,SPIKE
24.51,0.979,24.58,22.0,1.0,22.0,1.0,80.0,0.0,0.0,0.04999999999999716,2.5100000000000016,24.490000000000002,0.04472135954999663,0.0,2.5100000000000016,SPIKE
24.51,0.979,24.58,30.0,1.0,22.0,1.0,80.0,0.0,0.0,0.0,2.5100000000000016,24.51,0.0,0.0,2.5100000000000016,SPIKE
24.51,0.979,24.58,30.0,1.0,22.0,1.0,80.0,0.0,0.0,0.0,2.5100000000000016,24.51,0.0,0.0,2.5100000000000016,SPIKE
24.66,0.979,24.58,30.0,1.0,22.0,1.0,80.0,0.0,0.14999999999999858,0.0,2.66,24.54,0.06708203932499265,8.999999999999915,2.66,SPIKE
24.66,0.979,24.68,30.0,1.0,22.0,1.0,80.0,0.0,0.0,0.10000000000000142,2.66,24.57,0.08215838362577292,0.0,2.66,SPIKE
24.66,0.979,24.68,35.0,1.0,22.0,1.0,80.0,0.0,0.0,0.0,2.66,24.6,0.08215838362577146,0.0,2.66,SPIKE
24.66,0.979,24.68,35.0,1.0,22.0,1.0,80.0,0.0,0.0,0.0,2.66,24.630000000000003,0.0670820393249873,0.0,2.66,SPIKE
24.76,0.979,24.68,35.0,1.0,22.0,1.0,80.0,0.0,0.10000000000000142,0.0,2.7600000000000016,24.68,0.04472135954999663,6.000000000000085,2.7600000000000016,SPIKE
24.76,0.979,24.78,35.0,1.0,22.0,1.0,80.0,0.0,0.0,0.10000000000000142,2.7600000000000016,24.7,0.05477225575051816,0.0,2.7600000000000016,SPIKE
24.76,0.965,24.78,35.0,1.0,22.0,1.0,80.0,0.0,0.0,0.0,2.7600000000000016,24.720000000000002,0.05477225575051816,0.0,2.7600000000000016,SPIKE
24.76,0.965,24.84,35.0,1.0,22.0,1.0,80.0,0.0,0.0,0.05999999999999872,2.7600000000000016,24.740000000000002,0.04472135954999663,0.0,2.7600000000000016,SPIKE
24.76,0.965,24.84,43.0,1.0,22.0,1.0,80.0,0.0,0.0,0.0,2.7600000000000016,24.76,0.0,0.0,2.7600000000000016,SPIKE
24.76,0.965,24.84,43.0,1.0,22.0,1.0,80.0,0.0,0.0,0.0,2.7600000000000016,24.76,0.0,0.0,2.7600000000000016,SPIKE
24.91,0.965,24.84,43.0,1.0,22.0,1.0,80.0,0.0,0.14999999999999858,0.0,2.91,24.790000000000003,0.06708203932499265,8.999999999999915,2.91,SPIKE
24.91,0.965,24.94,43.0,1.0,22.0,1.0,80.0,0.0,0.0,0.10000000000000142,2.91,24.82,0.08215838362577292,0.0,2.91,SPIKE
24.91,0.965,24.94,48.0,1.0,22.0,1.0,80.0,0.0,0.0,0.0,2.91,24.85,0.08215838362577146,0.0,2.91,SPIKE
24.91,0.965,24.94,48.0,1.0,22.0,1.0,80.0,0.0,0.0,0.0,2.91,24.880000000000003,0.0670820393249873,0.0,2.91,SPIKE
25.01,0.965,24.94,48.0,1.0,22.0,1.0,80.0,0.0,0.10000000000000142,0.0,3.0100000000000016,24.93,0.04472135954999663,6.000000000000085,3.0100000000000016,SPIKE
25.01,0.965,25.04,48.0,1.0,22.0,1.0,80.0,0.0,0.0,0.09999999999999787,3.0100000000000016,24.95,0.05477225575051816,0.0,3.0100000000000016,SPIKE
25.01,0.969,25.04,48.0,1.0,22.0,1.0,80.0,0.0,0.0,0.0,3.0100000000000016,24.970000000000002,0.05477225575051816,0.0,3.0100000000000016,SPIKE
25.01,0.969,25.09,48.0,1.0,22.0,1.0,80.0,0.0,0.0,0.05000000000000071,3.0100000000000016,24.990000000000002,0.04472135954999663,0.0,3.0100000000000016,SPIKE
25.01,0.969,25.09,55.0,1.0,22.0,1.0,80.0,0.0,0.0,0.0,3.0100000000000016,25.01,0.0,0.0,3.0100000000000016,SPIKE
25.01,0.969,25.09,55.0,1.0,22.0,1.0,80.0,0.0,0.0,0.0,3.0100000000000016,25.01,0.0,0.0,3.0100000000000016,SPIKE
25.16,0.969,25.09,55.0,1.0,22.0,1.0,80.0,0.0,0.14999999999999858,0.0,3.16,25.04,0.06708203932499265,8.999999999999915,3.16,SPIKE
25.16,0.969,25.19,55.0,1.0,22.0,1.0,80.0,0.0,0.0,0.10000000000000142,3.16,25.07,0.08215838362577292,0.0,3.16,SPIKE
25.16,0.969,25.19,60.0,1.0,22.0,1.0,80.0,0.0,0.0,0.0,3.16,25.1,0.08215838362577146,0.0,3.16,SPIKE
25.16,0.969,25.19,60.0,1.0,22.0,1.0,80.0,0.0,0.0,0.0,3.16,25.130000000000003,0.0670820393249873,0.0,3.16,SPIKE
25.27,0.969,25.19,60.0,1.0,22.0,1.0,80.0,0.0,0.10999999999999943,0.0,3.2699999999999996,25.182,0.049193495504995514,6.599999999999966,3.2699999999999996,SPIKE
25.27,0.969,25.29,60.0,1.0,22.0,1.0,80.0,0.0,0.0,0.09999999999999787,3.2699999999999996,25.204,0.06024948132556825,0.0,3.2699999999999996,SPIKE
25.27,0.974,25.29,60.0,1.0,22.0,1.0,80.0,0.0,0.0,0.0,3.2699999999999996,25.226000000000003,0.06024948132556825,0.0,3.2699999999999996,SPIKE
25.27,0.974,25.34,60.0,1.0,22.0,1.0,80.0,0.0,0.0,0.05000000000000071,3.2699999999999996,25.247999999999998,0.049193495504995514,0.0,3.2699999999999996,SPIKE
25.27,0.974,25.34,68.0,1.0,22.0,1.0,80.0,0.0,0.0,0.0,3.2699999999999996,25.27,0.0,0.0,3.2699999999999996,SPIKE
25.27,0.974,25.34,68.0,1.0,22.0,1.0,80.0,0.0,0.0,0.0,3.2699999999999996,25.27,0.0,0.0,3.2699999999999996,SPIKE
25.42,0.974,25.34,68.0,1.0,22.0,1.0,80.0,0.0,0.15000000000000213,0.0,3.4200000000000017,25.3,0.06708203932499444,9.000000000000128,3.4200000000000017,SPIKE
25.42,0.974,25.44,68.0,1.0,22.0,1.0,80.0,0.0,0.0,0.10000000000000142,3.4200000000000017,25.330000000000002,0.08215838362577547,0.0,3.4200000000000017,SPIKE
25.42,0.974,25.44,73.0,1.0,22.0,1.0,80.0,0.0,0.0,0.0,3.4200000000000017,25.360000000000003,0.08215838362577475,0.0,3.4200000000000017,SPIKE
25.42,0.974,25.44,73.0,1.0,22.0,1.0,80.0,0.0,0.0,0.0,3.4200000000000017,25.390000000000004,0.06708203932499177,0.0,3.4200000000000017,SPIKE
25.52,0.974,25.44,73.0,1.0,22.0,1.0,80.0,0.0,0.09999999999999787,0.0,3.5199999999999996,25.44,0.04472135954999484,5.999999999999872,3.5199999999999996,SPIKE
25.52,0.974,25.54,73.0,1.0,22.0,1.0,80.0,0.0,0.0,0.09999999999999787,3.5199999999999996,25.46,0.05477225575051561,0.0,3.5199999999999996,SPIKE
25.52,0.972,25.54,73.0,1.0,22.0,1.0,80.0,0.0,0.0,0.0,3.5199999999999996,25.479999999999997,0.05477225575051593,0.0,3.5199999999999996,SPIKE
25.52,0.972,25.59,73.0,1.0,22.0,1.0,80.0,0.0,0.0,0.05000000000000071,3.5199999999999996,25.5,0.04472135954999524,0.0,3.5199999999999996,SPIKE
25.52,0.972,25.59,81.0,1.0,22.0,1.0,80.0,0.0,0.0,0.0,3.5199999999999996,25.52,0.0,0.0,3.5199999999999996,SPIKE
25.52,0.972,25.59,81.0,1.0,22.0,1.0,80.0,0.0,0.0,0.0,3.5199999999999996,25.52,0.0,0.0,3.5199999999999996,SPIKE
25.67,0.972,25.59,81.0,1.0,22.0,1.0,80.0,0.0,0.15000000000000213,0.0,3.6700000000000017,25.55,0.06708203932499444,9.000000000000128,3.6700000000000017,SPIKE
25.67,0.972,25.7,81.0,1.0,22.0,1.0,80.0,0.0,0.0,0.10999999999999943,3.6700000000000017,25.580000000000002,0.08215838362577547,0.0,3.6700000000000017,SPIKE
25.67,0.972,25.7,86.0,1.0,22.0,1.0,80.0,0.0,0.0,0.0,3.6700000000000017,25.610000000000003,0.08215838362577475,0.0,3.6700000000000017,SPIKE
25.67,0.972,25.7,86.0,1.0,22.0,1.0,80.0,0.0,0.0,0.0,3.6700000000000017,25.639999999999997,0.06708203932499177,0.0,3.6700000000000017,SPIKE
25.77,0.972,25.7,86.0,1.0,22.0,1.0,80.0,0.0,0.09999999999999787,0.0,3.7699999999999996,25.690000000000005,0.04472135954999484,5.999999999999872,3.7699999999999996,SPIKE
25.77,0.972,25.8,86.0,1.0,22.0,1.0,80.0,0.0,0.0,0.10000000000000142,3.7699999999999996,25.71,0.05477225575051561,0.0,3.7699999999999996,SPIKE
25.77,0.968,25.8,86.0,1.0,22.0,1.0,80.0,0.0,0.0,0.0,3.7699999999999996,25.73,0.05477225575051593,0.0,3.7699999999999996,SPIKE
25.77,0.968,25.85,86.0,1.0,22.0,1.0,80.0,0.0,0.0,0.05000000000000071,3.7699999999999996,25.75,0.04472135954999524,0.0,3.7699999999999996,SPIKE
25.77,0.968,25.85,93.0,1.0,22.0,1.0,80.0,0.0,0.0,0.0,3.7699999999999996,25.77,0.0,0.0,3.7699999999999996,SPIKE
25.77,0.968,25.85,93.0,1.0,22.0,1.0,80.0,0.0,0.0,0.0,3.7699999999999996,25.77,0.0,0.0,3.7699999999999996,SPIKE
25.92,0.968,25.85,93.0,1.0,22.0,1.0,80.0,0.0,0.15000000000000213,0.0,3.9200000000000017,25.8,0.06708203932499444,9.000000000000128,3.9200000000000017,SPIKE
25.92,0.968,25.95,93.0,1.0,22.0,1.0,80.0,0.0,0.0,0.09999999999999787,3.9200000000000017,25.830000000000002,0.08215838362577547,0.0,3.9200000000000017,SPIKE
25.92,0.968,25.95,98.0,1.0,22.0,1.0,80.0,0.0,0.0,0.0,3.9200000000000017,25.860000000000003,0.08215838362577475,0.0,3.9200000000000017,SPIKE
25.92,0.968,25.95,98.0,1.0,22.0,1.0,80.0,0.0,0.0,0.0,3.9200000000000017,25.890000000000004,0.06708203932499177,0.0,3.9200000000000017,SPIKE
24.0,0.968,25.95,98.0,1.0,22.0,1.0,80.0,0.0,-1.9200000000000017,0.0,2.0,25.536,0.85865010335992,-115.2000000000001,2.0,SPIKE
24.0,0.968,24.04,98.0,1.0,22.0,1.0,80.0,0.0,0.0,-1.9100000000000001,2.0,25.152000000000005,1.0516273104099199,0.0,2.0,SPIKE
24.0,0.969,24.04,98.0,1.0,22.0,1.0,80.0,0.0,0.0,0.0,2.0,24.768,1.0516273104099199,0.0,2.0,SPIKE
24.0,0.969,24.13,98.0,1.0,22.0,1.0,80.0,0.0,0.0,0.08999999999999986,2.0,24.384000000000004,0.8586501033599199,0.0,2.0,SPIKE
24.0,0.969,24.13,0.0,1.0,22.0,1.0,80.0,0.0,0.0,0.0,2.0,24.0,0.0,0.0,2.0,SPIKE
24.0,0.969,24.13,0.0,1.0,22.0,1.0,80.0,0.0,0.0,0.0,2.0,24.0,0.0,0.0,2.0,SPIKE
24.25,0.969,24.13,0.0,1.0,22.0,1.0,80.0,0.0,0.25,0.0,2.25,24.05,0.11180339887498929,15.0,2.25,SPIKE
24.25,0.969,24.3,0.0,1.0,22.0,1.0,80.0,0.0,0.0,0.1700000000000017,2.25,24.1,0.13693063937629107,0.0,2.25,SPIKE
24.25,0.969,24.3,0.0,1.0,22.0,1.0,80.0,0.0,0.0,0.0,2.25,24.15,0.13693063937629107,0.0,2.25,SPIKE
24.25,0.969,24.3,0.0,1.0,22.0,1.0,80.0,0.0,0.0,0.0,2.25,24.2,0.11180339887498929,0.0,2.25,SPIKE
24.42,0.969,24.3,0.0,1.0,22.0,1.0,80.0,0.0,0.1700000000000017,0.0,2.4200000000000017,24.284,0.07602631123499401,10.200000000000102,2.4200000000000017,SPIKE
24.42,0.969,24.47,0.0,1.0,22.0,1.0,80.0,0.0,0.0,0.16999999999999815,2.4200000000000017,24.318,0.09311283477588071,0.0,2.4200000000000017,SPIKE
24.42,0.963,24.47,0.0,1.0,22.0,1.0,80.0,0.0,0.0,0.0,2.4200000000000017,24.351999999999997,0.09311283477588217,0.0,2.4200000000000017,SPIKE
24.42,0.963,24.55,0.0,1.0,22.0,1.0,80.0,0.0,0.0,0.08000000000000185,2.4200000000000017,24.386000000000003,0.07602631123499913,0.0,2.4200000000000017,SPIKE
24.42,0.963,24.55,0.0,1.0,22.0,1.0,80.0,0.0,0.0,0.0,2.4200000000000017,24.42,0.0,0.0,2.4200000000000017,SPIKE
24.42,0.963,24.55,0.0,1.0,22.0,1.0,80.0,0.0,0.0,0.0,2.4200000000000017,24.42,0.0,0.0,2.4200000000000017,SPIKE
24.68,0.963,24.55,0.0,1.0,22.0,1.0,80.0,0.0,0.259999999999998,0.0,2.6799999999999997,24.472,0.11627553482998818,15.59999999999988,2.6799999999999997,SPIKE
24.68,0.963,24.72,0.0,1.0,22.0,1.0,80.0,0.0,0.0,0.16999999999999815,2.6799999999999997,24.524,0.14240786495134242,0.0,2.6799999999999997,SPIKE
24.68,0.963,24.72,0.0,1.0,22.0,1.0,80.0,0.0,0.0,0.0,2.6799999999999997,24.576,0.14240786495134242,0.0,2.6799999999999997,SPIKE
24.68,0.963,24.72,0.0,1.0,22.0,1.0,80.0,1.0,0.0,0.0,2.6799999999999997,24.628000000000004,0.11627553482998818,0.0,2.6799999999999997,SPIKE
24.85,0.963,24.72,0.0,1.0,22.0,1.0,80.0,1.0,0.1700000000000017,0.0,2.8500000000000014,24.714,0.07602631123499401,10.200000000000102,2.8500000000000014,SPIKE
24.85,0.963,24.89,0.0,1.0,22.0,1.0,80.0,1.0,0.0,0.1700000000000017,2.8500000000000014,24.748,0.09311283477588071,0.0,2.8500000000000014,SPIKE
24.85,0.969,24.89,0.0,1.0,22.0,1.0,80.0,1.0,0.0,0.0,2.8500000000000014,24.782,0.09311283477588217,0.0,2.8500000000000014,SPIKE
24.85,0.969,24.97,0.0,1.0,22.0,1.0,80.0,1.0,0.0,0.0799999999999983,2.8500000000000014,24.816000000000003,0.07602631123499913,0.0,2.8500000000000014,SPIKE
24.85,0.969,24.97,0.0,1.0,22.0,1.0,80.0,1.0,0.0,0.0,2.8500000000000014,24.85,0.0,0.0,2.8500000000000014,SPIKE
24.85,0.969,24.97,0.0,1.0,22.0,1.0,80.0,1.0,0.0,0.0,2.8500000000000014,24.85,0.0,0.0,2.8500000000000014,SPIKE
25.1,0.969,24.97,0.0,1.0,22.0,1.0,80.0,1.0,0.25,0.0,3.1000000000000014,24.900000000000002,0.11180339887498929,15.0,3.1000000000000014,SPIKE
25.1,0.969,25.14,0.0,1.0,22.0,1.0,80.0,1.0,0.0,0.1700000000000017,3.1000000000000014,24.95,0.13693063937629107,0.0,3.1000000000000014,SPIKE
25.1,0.969,25.14,0.0,1.0,22.0,1.0,80.0,1.0,0.0,0.0,3.1000000000000014,25.000000000000004,0.13693063937629107,0.0,3.1000000000000014,SPIKE
25.1,0.969,25.14,0.0,1.0,22.0,1.0,80.0,1.0,0.0,0.0,3.1000000000000014,25.05,0.11180339887498929,0.0,3.1000000000000014,SPIKE
25.27,0.969,25.14,0.0,1.0,22.0,1.0,80.0,1.0,0.16999999999999815,0.0,3.2699999999999996,25.134000000000004,0.07602631123499222,10.19999999999989,3.2699999999999996,SPIKE
25.27,0.969,25.31,0.0,1.0,22.0,1.0,80.0,1.0,0.0,0.16999999999999815,3.2699999999999996,25.168,0.09311283477587816,0.0,3.2699999999999996,SPIKE
25.27,0.969,25.31,0.0,1.0,22.0,1.0,80.0,1.0,0.0,0.0,3.2699999999999996,25.202,0.09311283477587888,0.0,3.2699999999999996,SPIKE
25.27,0.969,25.4,0.0,1.0,22.0,1.0,80.0,1.0,0.0,0.08999999999999986,3.2699999999999996,25.236,0.07602631123499465,0.0,3.2699999999999996,SPIKE
25.27,0.969,25.4,0.0,1.0,22.0,1.0,80.0,1.0,0.0,0.0,3.2699999999999996,25.27,0.0,0.0,3.2699999999999996,SPIKE
25.27,0.969,25.4,0.0,1.0,22.0,1.0,80.0,1.0,0.0,0.0,3.2699999999999996,25.27,0.0,0.0,3.2699999999999996,SPIKE
25.53,0.969,25.4,0.0,1.0,22.0,1.0,80.0,1.0,0.26000000000000156,0.0,3.530000000000001,25.322,0.11627553482998997,15.600000000000094,3.530000000000001,SPIKE
25.53,0.969,25.57,0.0,1.0,22.0,1.0,80.0,1.0,0.0,0.1700000000000017,3.530000000000001,25.374000000000002,0.14240786495134372,0.0,3.530000000000001,SPIKE
25.53,0.969,25.57,0.0,1.0,22.0,1.0,80.0,1.0,0.0,0.0,3.530000000000001,25.426,0.142407864951343,0.0,3.530000000000001,SPIKE
25.53,0.969,25.57,0.0,1.0,22.0,1.0,80.0,1.0,0.0,0.0,3.530000000000001,25.478,0.11627553482998754,0.0,3.530000000000001,SPIKE
25.69,0.969,25.57,0.0,1.0,22.0,1.0,80.0,1.0,0.16000000000000014,0.0,3.6900000000000013,25.562,0.07155417527999333,9.600000000000009,3.6900000000000013,SPIKE
25.69,0.969,25.74,0.0,1.0,22.0,1.0,80.0,1.0,0.0,0.16999999999999815,3.6900000000000013,25.594,0.08763560920082682,0.0,3.6900000000000013,SPIKE
25.69,0.971,25.74,0.0,1.0,22.0,1.0,80.0,1.0,0.0,0.0,3.6900000000000013,25.625999999999998,0.08763560920082715,0.0,3.6900000000000013,SPIKE
25.69,0.971,25.82,0.0,1.0,22.0,1.0,80.0,1.0,0.0,0.08000000000000185,3.6900000000000013,25.658000000000005,0.07155417527999373,0.0,3.6900000000000013,SPIKE
25.69,0.971,25.82,0.0,1.0,22.0,1.0,80.0,1.0,0.0,0.0,3.6900000000000013,25.69,0.0,0.0,3.6900000000000013,SPIKE
25.69,0.971,25.82,0.0,1.0,22.0,1.0,80.0,1.0,0.0,0.0,3.6900000000000013,25.69,0.0,0.0,3.6900000000000013,SPIKE
25.95,0.971,25.82,0.0,1.0,22.0,1.0,80.0,1.0,0.259999999999998,0.0,3.9499999999999993,25.742,0.11627553482998818,15.59999999999988,3.9499999999999993,SPIKE
25.95,0.971,25.99,0.0,1.0,22.0,1.0,80.0,1.0,0.0,0.16999999999999815,3.9499999999999993,25.794,0.14240786495134178,0.0,3.9499999999999993,SPIKE
25.95,0.971,25.99,0.0,1.0,22.0,1.0,80.0,1.0,0.0,0.0,3.9499999999999993,25.845999999999997,0.14240786495134178,0.0,3.9499999999999993,SPIKE
25.95,0.971,25.99,0.0,1.0,22.0,1.0,80.0,1.0,0.0,0.0,3.9499999999999993,25.898000000000003,0.11627553482998818,0.0,3.9499999999999993,SPIKE
26.12,0.971,25.99,0.0,1.0,22.0,1.0,80.0,1.0,0.1700000000000017,0.0,4.120000000000001,25.984,0.07602631123499401,10.200000000000102,4.120000000000001,SPIKE
26.12,0.971,26.16,0.0,1.0,22.0,1.0,80.0,1.0,0.0,0.1700000000000017,4.120000000000001,26.018,0.09311283477587946,0.0,4.120000000000001,SPIKE
26.12,0.967,26.16,0.0,1.0,22.0,1.0,80.0,1.0,0.0,0.0,4.120000000000001,26.052,0.09311283477587946,0.0,4.120000000000001,SPIKE
26.12,0.967,26.25,0.0,1.0,22.0,1.0,80.0,1.0,0.0,0.08999999999999986,4.120000000000001,26.086000000000002,0.07602631123499401,0.0,4.120000000000001,SPIKE
26.12,0.967,26.25,0.0,1.0,22.0,1.0,80.0,1.0,0.0,0.0,4.120000000000001,26.12,0.0,0.0,4.120000000000001,SPIKE
26.12,0.967,26.25,0.0,1.0,22.0,1.0,80.0,1.0,0.0,0.0,4.120000000000001,26.12,0.0,0.0,4.120000000000001,SPIKE
26.37,0.967,26.25,0.0,1.0,22.0,1.0,80.0,1.0,0.25,0.0,4.370000000000001,26.169999999999998,0.11180339887498929,15.0,4.370000000000001,SPIKE
26.37,0.967,26.42,0.0,1.0,22.0,1.0,80.0,1.0,0.0,0.1700000000000017,4.370000000000001,26.22,0.13693063937629107,0.0,4.370000000000001,SPIKE
26.37,0.967,26.42,0.0,1.0,22.0,1.0,80.0,1.0,0.0,0.0,4.370000000000001,26.27,0.13693063937629002,0.0,4.370000000000001,SPIKE
26.37,0.967,26.42,0.0,1.0,22.0,1.0,80.0,1.0,0.0,0.0,4.370000000000001,26.320000000000004,0.1118033988749862,0.0,4.370000000000001,SPIKE
24.0,0.967,26.42,0.0,1.0,22.0,1.0,80.0,1.0,-2.370000000000001,0.0,2.0,25.896000000000004,1.0598962213349008,-142.20000000000007,2.0,SPIKE
24.0,0.967,24.07,0.0,1.0,22.0,1.0,80.0,1.0,0.0,-2.3500000000000014,2.0,25.422,1.298102461287244,0.0,2.0,SPIKE
24.0,0.972,24.07,0.0,1.0,22.0,1.0,80.0,1.0,0.0,0.0,2.0,24.948,1.2981024612872445,0.0,2.0,SPIKE
24.0,0.972,24.2,0.0,1.0,22.0,1.0,80.0,1.0,0.0,0.129999999999999,2.0,24.474,1.0598962213349012,0.0,2.0,SPIKE
24.0,0.972,24.2,0.0,1.0,22.0,1.0,80.0,1.0,0.0,0.0,2.0,24.0,0.0,0.0,2.0,SPIKE
24.0,0.972,24.2,0.0,1.0,22.0,0.0,0.0,0.0,0.0,0.0,2.0,24.0,0.0,0.0,2.0,SPIKE
24.4,0.972,24.2,0.0,1.0,22.0,0.0,0.0,0.0,0.3999999999999986,0.0,2.3999999999999986,24.080000000000002,0.17888543819998295,23.999999999999915,2.3999999999999986,SPIKE
24.4,0.972,24.47,0.0,1.0,22.0,0.0,0.0,0.0,0.0,0.2699999999999996,2.3999999999999986,24.16,0.2190890230020669,0.0,2.3999999999999986,SPIKE
24.4,0.972,24.47,0.0,1.0,22.0,0.0,0.0,0.0,0.0,0.0,2.3999999999999986,24.24,0.21908902300206834,0.0,2.3999999999999986,SPIKE
24.4,0.972,24.47,0.0,1.0,22.0,0.0,0.0,0.0,0.0,0.0,2.3999999999999986,24.32,0.1788854381999883,0.0,2.3999999999999986,SPIKE
24.67,0.972,24.47,0.0,1.0,22.0,0.0,0.0,0.0,0.2700000000000031,0.0,2.6700000000000017,24.454,0.12074767078498964,16.200000000000188,2.6700000000000017,SPIKE
24.67,0.972,24.73,0.0,1.0,22.0,0.0,0.0,0.0,0.0,0.26000000000000156,2.6700000000000017,24.508000000000003,0.14788509052639534,0.0,2.6700000000000017,SPIKE
24.67,0.975,24.73,0.0,1.0,22.0,0.0,0.0,0.0,0.0,0.0,2.6700000000000017,24.562,0.1478850905263939,0.0,2.6700000000000017,SPIKE
24.67,0.975,24.87,0.0,1.0,22.0,0.0,0.0,0.0,0.0,0.14000000000000057,2.6700000000000017,24.616,0.12074767078498429,0.0,2.6700000000000017,SPIKE
24.67,0.975,24.87,0.0,1.0,22.0,0.0,0.0,0.0,0.0,0.0,2.6700000000000017,24.67,0.0,0.0,2.6700000000000017,SPIKE
24.67,0.975,24.87,0.0,1.0,22.0,0.0,0.0,0.0,0.0,0.0,2.6700000000000017,24.67,0.0,0.0,2.6700000000000017,SPIKE
25.07,0.975,24.87,0.0,1.0,22.0,0.0,0.0,0.0,0.3999999999999986,0.0,3.0700000000000003,24.75,0.17888543819998295,23.999999999999915,3.0700000000000003,SPIKE
25.07,0.975,25.13,0.0,1.0,22.0,0.0,0.0,0.0,0.0,0.259999999999998,3.0700000000000003,24.830000000000002,0.2190890230020669,0.0,3.0700000000000003,SPIKE
25.07,0.975,25.13,0.0,1.0,22.0,0.0,0.0,0.0,0.0,0.0,3.0700000000000003,24.910000000000004,0.21908902300206834,0.0,3.0700000000000003,SPIKE
25.07,0.975,25.13,0.0,1.0,22.0,0.0,0.0,0.0,0.0,0.0,3.0700000000000003,24.990000000000002,0.1788854381999883,0.0,3.0700000000000003,SPIKE
25.33,0.975,25.13,0.0,1.0,22.0,0.0,0.0,0.0,0.259999999999998,0.0,3.3299999999999983,25.122,0.11627553482998818,15.59999999999988,3.3299999999999983,SPIKE
25.33,0.975,25.4,0.0,1.0,22.0,0.0,0.0,0.0,0.0,0.2699999999999996,3.3299999999999983,25.174,0.14240786495134242,0.0,3.3299999999999983,SPIKE
25.33,0.971,25.4,0.0,1.0,22.0,0.0,0.0,0.0,0.0,0.0,3.3299999999999983,25.226,0.14240786495134242,0.0,3.3299999999999983,SPIKE
25.33,0.971,25.53,0.0,1.0,22.0,0.0,0.0,0.0,0.0,0.13000000000000256,3.3299999999999983,25.278,0.11627553482998818,0.0,3.3299999999999983,SPIKE
25.33,0.971,25.53,0.0,1.0,22.0,0.0,0.0,0.0,0.0,0.0,3.3299999999999983,25.33,0.0,0.0,3.3299999999999983,SPIKE
25.33,0.971,25.53,0.0,1.0,22.0,0.0,0.0,0.0,0.0,0.0,3.3299999999999983,25.33,0.0,0.0,3.3299999999999983,SPIKE
25.73,0.971,25.53,0.0,1.0,22.0,0.0,0.0,0.0,0.40000000000000213,0.0,3.7300000000000004,25.41,0.17888543819998373,24.000000000000128,3.7300000000000004,SPIKE
25.73,0.971,25.8,0.0,1.0,22.0,0.0,0.0,0.0,0.0,0.2699999999999996,3.7300000000000004,25.49,0.21908902300206717,0.0,3.7300000000000004,SPIKE
25.73,0.971,25.8,0.0,1.0,22.0,0.0,0.0,0.0,0.0,0.0,3.7300000000000004,25.57,0.2190890230020679,0.0,3.7300000000000004,SPIKE
25.73,0.971,25.8,0.0,1.0,22.0,0.0,0.0,0.0,0.0,0.0,3.7300000000000004,25.65,0.17888543819998642,0.0,3.7300000000000004,SPIKE
26.0,0.971,25.8,0.0,1.0,22.0,0.0,0.0,0.0,0.2699999999999996,0.0,4.0,25.784000000000002,0.12074767078498885,16.199999999999974,4.0,SPIKE
26.0,0.971,26.07,0.0,1.0,22.0,0.0,0.0,0.0,0.0,0.2699999999999996,4.0,25.838,0.14788509052639506,0.0,4.0,SPIKE
26.0,0.972,26.07,0.0,1.0,22.0,0.0,0.0,0.0,0.0,0.0,4.0,25.892000000000003,0.14788509052639434,0.0,4.0,SPIKE
26.0,0.972,26.2,0.0,1.0,22.0,0.0,0.0,0.0,0.0,0.129999999999999,4.0,25.946000000000005,0.12074767078498617,0.0,4.0,SPIKE
26.0,0.972,26.2,0.0,1.0,22.0,0.0,0.0,0.0,0.0,0.0,4.0,26.0,0.0,0.0,4.0,SPIKE
26.0,0.972,26.2,0.0,1.0,22.0,0.0,0.0,0.0,0.0,0.0,4.0,26.0,0.0,0.0,4.0,SPIKE
26.4,0.972,26.2,0.0,1.0,22.0,0.0,0.0,0.0,0.3999999999999986,0.0,4.399999999999999,26.080000000000002,0.17888543819998295,23.999999999999915,4.399999999999999,SPIKE
26.4,0.972,26.47,0.0,1.0,22.0,0.0,0.0,0.0,0.0,0.2699999999999996,4.399999999999999,26.160000000000004,0.2190890230020669,0.0,4.399999999999999,SPIKE
26.4,0.972,26.47,0.0,1.0,22.0,0.0,0.0,0.0,0.0,0.0,4.399999999999999,26.24,0.21908902300206834,0.0,4.399999999999999,SPIKE
26.4,0.972,26.47,0.0,1.0,22.0,0.0,0.0,0.0,0.0,0.0,4.399999999999999,26.32,0.1788854381999883,0.0,4.399999999999999,SPIKE
26.67,0.972,26.47,0.0,1.0,22.0,0.0,0.0,0.0,0.2700000000000031,0.0,4.670000000000002,26.453999999999997,0.12074767078498964,16.200000000000188,4.670000000000002,SPIKE
26.67,0.972,26.73,0.0,1.0,22.0,0.0,0.0,0.0,0.0,0.26000000000000156,4.670000000000002,26.508,0.14788509052639534,0.0,4.670000000000002,SPIKE
26.67,0.97,26.73,0.0,1.0,22.0,0.0,0.0,0.0,0.0,0.0,4.670000000000002,26.562,0.1478850905263939,0.0,4.670000000000002,SPIKE
26.67,0.97,26.87,0.0,1.0,22.0,0.0,0.0,0.0,0.0,0.14000000000000057,4.670000000000002,26.615999999999996,0.12074767078498429,0.0,4.670000000000002,SPIKE
26.67,0.97,26.87,0.0,1.0,22.0,0.0,0.0,0.0,0.0,0.0,4.670000000000002,26.67,0.0,0.0,4.670000000000002,SPIKE
26.67,0.97,26.87,0.0,1.0,22.0,0.0,0.0,0.0,0.0,0.0,4.670000000000002,26.67,0.0,0.0,4.670000000000002,SPIKE
27.07,0.97,26.87,0.0,1.0,22.0,0.0,0.0,0.0,0.3999999999999986,0.0,5.07,26.75,0.17888543819998295,23.999999999999915,5.07,SPIKE
27.07,0.97,27.13,0.0,1.0,22.0,0.0,0.0,0.0,0.0,0.259999999999998,5.07,26.830000000000002,0.2190890230020669,0.0,5.07,SPIKE
27.07,0.97,27.13,0.0,1.0,22.0,0.0,0.0,0.0,0.0,0.0,5.07,26.910000000000004,0.21908902300206834,0.0,5.07,SPIKE
27.07,0.97,27.13,0.0,1.0,22.0,0.0,0.0,0.0,0.0,0.0,5.07,26.99,0.1788854381999883,0.0,5.07,SPIKE
27.33,0.97,27.13,0.0,1.0,22.0,0.0,0.0,0.0,0.259999999999998,0.0,5.329999999999998,27.122000000000003,0.11627553482998818,15.59999999999988,5.329999999999998,SPIKE
27.33,0.97,27.4,0.0,1.0,22.0,0.0,0.0,0.0,0.0,0.2699999999999996,5.329999999999998,27.174,0.14240786495134242,0.0,5.329999999999998,SPIKE
27.33,0.97,27.4,0.0,1.0,22.0,0.0,0.0,0.0,0.0,0.0,5.329999999999998,27.226,0.14240786495134242,0.0,5.329999999999998,SPIKE
27.33,0.97,27.53,0.0,1.0,22.0,0.0,0.0,0.0,0.0,0.13000000000000256,5.329999999999998,27.278,0.11627553482998818,0.0,5.329999999999998,SPIKE
27.33,0.97,27.53,0.0,1.0,22.0,0.0,0.0,0.0,0.0,0.0,5.329999999999998,27.33,0.0,0.0,5.329999999999998,SPIKE
27.33,0.97,27.53,0.0,1.0,22.0,0.0,0.0,0.0,0.0,0.0,5.329999999999998,27.33,0.0,0.0,5.329999999999998,SPIKE
27.73,0.97,27.53,0.0,1.0,22.0,0.0,0.0,0.0,0.40000000000000213,0.0,5.73,27.409999999999997,0.17888543819998373,24.000000000000128,5.73,SPIKE
27.73,0.97,27.8,0.0,1.0,22.0,0.0,0.0,0.0,0.0,0.2699999999999996,5.73,27.49,0.21908902300206717,0.0,5.73,SPIKE
27.73,0.97,27.8,0.0,1.0,22.0,0.0,0.0,0.0,0.0,0.0,5.73,27.57,0.2190890230020679,0.0,5.73,SPIKE
27.73,0.97,27.8,0.0,1.0,22.0,0.0,0.0,0.0,0.0,0.0,5.73,27.65,0.17888543819998642,0.0,5.73,SPIKE
28.0,0.97,27.8,0.0,1.0,22.0,0.0,0.0,0.0,0.2699999999999996,0.0,6.0,27.784000000000002,0.12074767078498885,16.199999999999974,6.0,SPIKE
28.0,0.97,28.07,0.0,1.0,22.0,0.0,0.0,0.0,0.0,0.2699999999999996,6.0,27.838,0.14788509052639506,0.0,6.0,SPIKE
28.0,0.966,28.07,0.0,1.0,22.0,0.0,0.0,0.0,0.0,0.0,6.0,27.892000000000003,0.14788509052639434,0.0,6.0,SPIKE
28.0,0.966,28.2,0.0,1.0,22.0,0.0,0.0,0.0,0.0,0.129999999999999,6.0,27.946000000000005,0.12074767078498617,0.0,6.0,SPIKE
28.0,0.966,28.2,0.0,1.0,22.0,0.0,0.0,0.0,0.0,0.0,6.0,28.0,0.0,0.0,6.0,SPIKE
28.0,0.966,28.2,0.0,1.0,22.0,0.0,0.0,0.0,0.0,0.0,6.0,28.0,0.0,0.0,6.0,SPIKE
28.4,0.966,28.2,0.0,1.0,22.0,0.0,0.0,0.0,0.3999999999999986,0.0,6.399999999999999,28.080000000000002,0.17888543819998295,23.999999999999915,6.399999999999999,SPIKE
28.4,0.966,28.47,0.0,1.0,22.0,0.0,0.0,0.0,0.0,0.2699999999999996,6.399999999999999,28.160000000000004,0.2190890230020669,0.0,6.399999999999999,SPIKE
28.4,0.966,28.47,0.0,1.0,22.0,0.0,0.0,0.0,0.0,0.0,6.399999999999999,28.24,0.21908902300206834,0.0,6.399999999999999,SPIKE
28.4,0.966,28.47,0.0,1.0,22.0,0.0,0.0,0.0,0.0,0.0,6.399999999999999,28.32,0.1788854381999883,0.0,6.399999999999999,SPIKE
28.67,0.966,28.47,0.0,1.0,22.0,0.0,0.0,0.0,0.2700000000000031,0.0,6.670000000000002,28.453999999999997,0.12074767078498964,16.200000000000188,6.670000000000002,SPIKE
28.67,0.966,28.73,0.0,1.0,22.0,0.0,0.0,0.0,0.0,0.26000000000000156,6.670000000000002,28.508,0.14788509052639534,0.0,6.670000000000002,SPIKE
28.67,0.972,28.73,0.0,1.0,22.0,0.0,0.0,0.0,0.0,0.0,6.670000000000002,28.562,0.1478850905263939,0.0,6.670000000000002,SPIKE
28.67,0.972,28.87,0.0,1.0,22.0,0.0,0.0,0.0,0.0,0.14000000000000057,6.670000000000002,28.615999999999996,0.12074767078498429,0.0,6.670000000000002,SPIKE
28.67,0.972,28.87,0.0,1.0,22.0,0.0,0.0,0.0,0.0,0.0,6.670000000000002,28.67,0.0,0.0,6.670000000000002,SPIKE
28.67,0.972,28.87,0.0,1.0,22.0,0.0,0.0,0.0,0.0,0.0,6.670000000000002,28.67,0.0,0.0,6.670000000000002,SPIKE
29.07,0.972,28.87,0.0,1.0,22.0,0.0,0.0,0.0,0.3999999999999986,0.0,7.07,28.75,0.17888543819998295,23.999999999999915,7.07,NORMAL
29.07,0.972,29.13,0.0,1.0,22.0,0.0,0.0,0.0,0.0,0.259999999999998,7.07,28.830000000000002,0.2190890230020669,0.0,7.07,NORMAL
29.07,0.972,29.13,0.0,1.0,22.0,0.0,0.0,0.0,0.0,0.0,7.07,28.910000000000004,0.21908902300206834,0.0,7.07,NORMAL
29.07,0.972,29.13,0.0,1.0,22.0,0.0,0.0,0.0,0.0,0.0,7.07,28.99,0.1788854381999883,0.0,7.07,NORMAL
29.33,0.972,29.13,0.0,1.0,22.0,0.0,0.0,0.0,0.259999999999998,0.0,7.329999999999998,29.122000000000003,0.11627553482998818,15.59999999999988,7.329999999999998,NORMAL
29.33,0.972,29.4,0.0,1.0,22.0,0.0,0.0,0.0,0.0,0.2699999999999996,7.329999999999998,29.174,0.14240786495134242,0.0,7.329999999999998,NORMAL
29.33,0.97,29.4,0.0,1.0,22.0,0.0,0.0,0.0,0.0,0.0,7.329999999999998,29.226,0.14240786495134242,0.0,7.329999999999998,NORMAL
29.33,0.97,29.53,0.0,1.0,22.0,0.0,0.0,0.0,0.0,0.13000000000000256,7.329999999999998,29.278,0.11627553482998818,0.0,7.329999999999998,NORMAL
29.33,0.97,29.53,0.0,1.0,22.0,0.0,0.0,0.0,0.0,0.0,7.329999999999998,29.33,0.0,0.0,7.329999999999998,NORMAL
29.33,0.97,29.53,0.0,1.0,22.0,0.0,0.0,0.0,0.0,0.0,7.329999999999998,29.33,0.0,0.0,7.329999999999998,NORMAL
29.73,0.97,29.53,0.0,1.0,22.0,0.0,0.0,0.0,0.40000000000000213,0.0,7.73,29.409999999999997,0.17888543819998373,24.000000000000128,7.73,NORMAL
29.73,0.97,29.8,0.0,1.0,22.0,0.0,0.0,0.0,0.0,0.2699999999999996,7.73,29.49,0.21908902300206717,0.0,7.73,NORMAL
29.73,0.97,29.8,0.0,1.0,22.0,0.0,0.0,0.0,0.0,0.0,7.73,29.57,0.2190890230020679,0.0,7.73,NORMAL
29.73,0.97,29.8,0.0,1.0,22.0,0.0,0.0,0.0,0.0,0.0,7.73,29.65,0.17888543819998642,0.0,7.73,NORMAL
30.0,0.97,29.8,0.0,1.0,22.0,0.0,0.0,0.0,0.2699999999999996,0.0,8.0,29.784000000000002,0.12074767078498885,16.199999999999974,8.0,NORMAL
30.0,0.97,30.07,0.0,1.0,22.0,0.0,0.0,0.0,0.0,0.2699999999999996,8.0,29.838,0.14788509052639506,0.0,8.0,NORMAL
30.0,0.98,30.07,0.0,1.0,22.0,0.0,0.0,0.0,0.0,0.0,8.0,29.892000000000003,0.14788509052639434,0.0,8.0,NORMAL
30.0,0.98,30.2,0.0,1.0,22.0,0.0,0.0,0.0,0.0,0.129999999999999,8.0,29.946000000000005,0.12074767078498617,0.0,8.0,NORMAL
30.0,0.98,30.2,0.0,1.0,22.0,0.0,0.0,0.0,0.0,0.0,8.0,30.0,0.0,0.0,8.0,NORMAL
30.0,0.98,30.2,0.0,1.0,22.0,0.0,0.0,0.0,0.0,0.0,8.0,30.0,0.0,0.0,8.0,NORMAL
30.4,0.98,30.2,0.0,1.0,22.0,0.0,0.0,0.0,0.3999999999999986,0.0,8.399999999999999,30.080000000000002,0.17888543819998295,23.999999999999915,8.399999999999999,NORMAL
30.4,0.98,30.47,0.0,1.0,22.0,0.0,0.0,0.0,0.0,0.2699999999999996,8.399999999999999,30.160000000000004,0.2190890230020669,0.0,8.399999999999999,NORMAL
30.4,0.98,30.47,0.0,1.0,22.0,0.0,0.0,0.0,0.0,0.0,8.399999999999999,30.24,0.21908902300206834,0.0,8.399999999999999,NORMAL
30.4,0.98,30.47,0.0,1.0,22.0,0.0,0.0,0.0,0.0,0.0,8.399999999999999,30.32,0.1788854381999883,0.0,8.399999999999999,NORMAL
30.67,0.98,30.47,0.0,1.0,22.0,0.0,0.0,0.0,0.2700000000000031,0.0,8.670000000000002,30.453999999999997,0.12074767078498964,16.200000000000188,8.670000000000002,NORMAL
30.67,0.98,30.73,0.0,1.0,22.0,0.0,0.0,0.0,0.0,0.26000000000000156,8.670000000000002,30.508,0.14788509052639534,0.0,8.670000000000002,NORMAL
30.67,0.978,30.73,0.0,1.0,22.0,0.0,0.0,0.0,0.0,0.0,8.670000000000002,30.562,0.1478850905263939,0.0,8.670000000000002,NORMAL
30.67,0.978,30.87,0.0,1.0,22.0,0.0,0.0,0.0,0.0,0.14000000000000057,8.670000000000002,30.615999999999996,0.12074767078498429,0.0,8.670000000000002,NORMAL
30.67,0.978,30.87,0.0,1.0,22.0,0.0,0.0,0.0,0.0,0.0,8.670000000000002,30.67,0.0,0.0,8.670000000000002,NORMAL
